user_id,session_created,total_flights_booked_not_cancelled,total_hotels_booked_not_cancelled,total_trip_cancellation,avg_flight_base_fare_booked,avg_hotel_price_per_room_booked,avg_nights_booked,gender,marital_status,children,home_country,home_airport,rfm_recency_days,rfm_frequency,rfm_monetary,rfm_score,rfm_segment,assigned_perk
u_100001,7,8,0,3,106.06,0.0,0.0,male,False,True,US,LAX,221,7,106.06,238.61,Engaged,Loyalty Perk
u_100002,38,4,6,0,702.22,105.88,3.5,male,True,False,US,SEA,599,38,808.1,717.81,Frequent,Hotel Discount
u_100003,23,5,4,2,741.85,305.41,4.2,female,True,True,AU,JFK,805,23,1047.26,932.73,Frequent,Flight Discount
u_100004,43,3,6,2,887.88,349.36,6.2,female,False,True,US,LGA,808,43,1237.24,974.72,Frequent,Flight Discount
u_100005,43,4,5,0,579.49,109.9,5.4,female,True,False,GB,ORD,364,43,689.39,475.94,Frequent,Hotel Discount
u_100006,3,5,3,2,134.27,369.6,4.4,female,True,False,US,ORD,674,3,503.87,727.39,Engaged,Loyalty Perk
u_100007,9,3,5,2,692.55,199.95,4.5,female,False,False,US,DFW,771,9,892.5,869.25,Engaged,Hotel Discount
u_100008,10,2,6,3,569.06,184.67,4.6,male,False,True,US,JFK,988,10,753.73,1073.37,Frequent,Hotel Discount
u_100009,19,6,1,3,82.66,302.73,5.3,male,True,False,GB,JFK,1055,19,385.39,1112.54,Frequent,Loyalty Perk
u_100010,11,8,6,0,571.13,221.01,1.7,male,False,True,US,SFO,773,11,792.14,863.21,Frequent,New User Perk
u_100011,6,1,5,3,749.14,392.29,4.2,female,True,True,US,ATL,287,6,1141.43,407.14,Engaged,Other
u_100012,28,3,4,1,664.62,189.65,5.0,female,True,False,FR,ATL,794,28,854.27,907.43,Frequent,Flight Discount
u_100013,22,0,4,1,0.0,255.95,1.0,female,True,True,US,JFK,150,22,255.95,197.59,Frequent,Family Perk
u_100014,18,7,1,1,673.15,358.83,4.5,male,False,True,FR,ORD,527,18,1031.98,648.2,Frequent,Hotel Discount
u_100015,23,6,3,3,788.35,68.96,4.9,female,True,True,US,MIA,231,23,857.31,339.73,Frequent,New User Perk
u_100016,35,7,1,3,230.46,211.92,6.2,female,True,True,US,ORD,184,35,442.38,263.24,Frequent,Flight Discount
u_100017,11,6,3,3,255.27,190.36,1.4,male,True,True,US,ORD,806,11,445.63,861.56,Frequent,Family Perk
u_100018,45,8,5,3,206.93,153.85,6.8,female,False,False,CA,MIA,1140,45,360.78,1221.08,Frequent,Flight Discount
u_100019,34,2,0,0,778.1,0.0,0.0,female,True,True,DE,BOS,170,34,778.1,281.81,Frequent,Flight Discount
u_100020,39,0,4,0,0.0,196.73,4.5,male,False,True,US,ATL,1100,39,196.73,1158.67,Frequent,Loyalty Perk
u_100021,26,2,5,2,454.92,375.16,6.6,female,True,False,US,DFW,49,26,830.08,158.01,Frequent,Hotel Discount
u_100022,9,5,0,1,383.01,0.0,0.0,male,True,True,FR,DFW,353,9,383.01,400.3,Engaged,Loyalty Perk
u_100023,17,1,0,1,303.33,0.0,0.0,female,True,False,US,LAX,461,17,303.33,508.33,Frequent,Family Perk
u_100024,6,6,6,2,116.15,166.74,1.8,male,False,False,CA,LGA,566,6,282.89,600.29,Engaged,Loyalty Perk
u_100025,45,2,4,0,764.37,253.88,1.9,female,False,True,US,JFK,291,45,1018.25,437.83,Frequent,Flight Discount
u_100026,43,1,2,3,878.55,312.32,6.6,female,True,False,US,ORD,514,43,1190.87,676.09,Frequent,Flight Discount
u_100027,27,3,2,1,725.65,87.83,6.2,male,False,True,US,SFO,993,27,813.48,1101.35,Frequent,Other
u_100028,2,3,3,2,308.45,74.3,5.6,female,False,False,US,ORD,749,2,382.75,789.27,Engaged,Hotel Discount
u_100029,12,4,0,0,569.19,0.0,0.0,female,False,True,US,DFW,737,12,569.19,805.92,Frequent,Loyalty Perk
u_100030,13,4,0,3,81.39,0.0,0.0,female,False,True,AU,ATL,1132,13,81.39,1153.14,Frequent,Loyalty Perk
u_100031,40,5,5,0,670.2,155.11,2.9,male,False,False,US,SFO,866,40,825.31,988.53,Frequent,Loyalty Perk
u_100032,44,2,4,2,412.98,341.8,2.8,female,True,True,AU,MIA,460,44,754.78,579.48,Frequent,Hotel Discount
u_100033,33,7,6,1,620.26,149.33,5.0,female,False,False,DE,ORD,716,33,769.59,825.96,Frequent,Family Perk
u_100034,2,0,1,3,0.0,263.95,5.6,male,False,True,US,LAX,962,2,263.95,990.39,Engaged,Flight Discount
u_100035,10,0,6,0,0.0,322.45,2.3,male,False,False,AU,ORD,1090,10,322.45,1132.24,Frequent,Family Perk
u_100036,43,8,4,2,859.03,362.0,4.7,male,True,False,US,SEA,1063,43,1221.03,1228.1,Frequent,Loyalty Perk
u_100037,16,4,6,3,593.93,146.11,1.5,female,True,False,DE,DFW,615,16,740.04,705.0,Frequent,Family Perk
u_100038,15,6,5,1,659.26,72.48,3.4,female,False,True,US,LAX,1141,15,731.74,1229.17,Frequent,Hotel Discount
u_100039,45,0,6,3,0.0,216.94,6.7,male,True,False,AU,ATL,641,45,216.94,707.69,Frequent,Loyalty Perk
u_100040,28,7,0,3,355.63,0.0,0.0,female,True,False,US,DFW,858,28,355.63,921.56,Frequent,New User Perk
u_100041,37,0,0,3,0.0,0.0,0.0,female,True,True,AU,ATL,307,37,0.0,344.0,Frequent,Loyalty Perk
u_100042,14,7,2,2,704.21,182.69,5.5,male,True,False,AU,SFO,893,14,886.9,995.69,Frequent,Other
u_100043,23,3,5,0,720.61,278.11,5.5,male,False,True,FR,LGA,536,23,998.72,658.87,Frequent,Hotel Discount
u_100044,43,1,4,1,461.33,139.69,3.2,male,True,True,US,SEA,264,43,601.02,367.1,Frequent,Hotel Discount
u_100045,37,6,3,1,142.32,291.72,4.8,male,False,True,US,DFW,238,37,434.04,318.4,Frequent,New User Perk
u_100046,28,5,0,2,90.37,0.0,0.0,female,True,True,GB,BOS,890,28,90.37,927.04,Frequent,Loyalty Perk
u_100047,28,2,5,2,585.05,371.87,5.6,male,False,False,DE,LAX,982,28,956.92,1105.69,Frequent,Other
u_100048,29,3,6,3,547.28,283.87,3.0,female,False,True,US,DFW,1042,29,831.15,1154.11,Frequent,Family Perk
u_100049,22,4,4,2,535.75,230.82,2.1,male,False,True,GB,DFW,524,22,766.57,622.66,Frequent,Other
u_100050,2,1,2,1,411.61,135.16,5.0,female,True,False,DE,SEA,785,2,546.77,841.68,Engaged,Loyalty Perk
u_100051,18,4,2,1,178.94,117.4,1.7,female,False,False,GB,SEA,1127,18,296.34,1174.63,Frequent,Loyalty Perk
u_100052,38,8,4,2,884.02,341.42,2.8,male,True,True,DE,DFW,769,38,1225.44,929.54,Frequent,Other
u_100053,36,4,5,1,603.05,313.48,1.6,male,True,False,US,LGA,55,36,916.53,182.65,Frequent,Flight Discount
u_100054,4,4,6,3,173.55,72.87,4.0,female,False,False,GB,LAX,139,4,246.42,167.64,Engaged,Loyalty Perk
u_100055,27,3,6,3,449.42,204.95,6.2,female,True,True,US,BOS,908,27,654.37,1000.44,Frequent,Flight Discount
u_100056,43,1,1,1,222.53,76.27,1.0,male,True,True,US,DFW,952,43,298.8,1024.88,Frequent,Hotel Discount
u_100057,19,7,0,1,837.61,0.0,0.0,female,False,True,US,DFW,435,19,837.61,537.76,Frequent,Loyalty Perk
u_100058,4,2,6,2,567.94,338.48,6.5,male,True,False,US,JFK,929,4,906.42,1023.64,Engaged,Family Perk
u_100059,32,7,0,0,809.33,0.0,0.0,female,False,False,FR,BOS,690,32,809.33,802.93,Frequent,Flight Discount
u_100060,37,0,6,1,0.0,214.68,4.9,male,True,True,US,DFW,599,37,214.68,657.47,Frequent,Loyalty Perk
u_100061,27,5,2,0,783.34,165.43,5.2,female,False,True,DE,SFO,620,27,948.77,741.88,Frequent,Hotel Discount
u_100062,17,5,0,3,789.23,0.0,0.0,female,True,False,US,SFO,32,17,789.23,127.92,Frequent,Loyalty Perk
u_100063,24,7,5,3,703.19,121.25,4.3,female,False,True,US,BOS,619,24,824.44,725.44,Frequent,Loyalty Perk
u_100064,20,8,0,3,156.43,0.0,0.0,female,True,True,US,LAX,262,20,156.43,297.64,Frequent,Family Perk
u_100065,18,6,6,3,883.8,135.31,4.3,male,True,False,CA,BOS,815,18,1019.11,934.91,Frequent,Loyalty Perk
u_100066,33,4,6,0,311.93,154.49,4.5,male,True,False,AU,SFO,1032,33,466.42,1111.64,Frequent,Hotel Discount
u_100067,35,6,3,2,793.07,393.27,2.4,female,False,False,GB,BOS,814,35,1186.34,967.63,Frequent,Other
u_100068,25,2,3,0,183.52,387.87,3.0,female,True,False,DE,MIA,235,25,571.39,317.14,Frequent,Hotel Discount
u_100069,27,2,0,3,720.85,0.0,0.0,female,True,False,US,LAX,572,27,720.85,671.09,Frequent,Other
u_100070,21,7,6,0,586.32,132.17,5.1,female,True,False,FR,MIA,618,21,718.49,710.85,Frequent,Family Perk
u_100071,11,4,0,0,345.99,0.0,0.0,male,False,True,US,SEA,144,11,345.99,189.6,Frequent,Other
u_100072,27,2,1,1,144.75,354.79,4.7,female,False,True,US,BOS,523,27,499.54,599.95,Frequent,Hotel Discount
u_100073,17,0,6,3,0.0,365.42,5.1,male,True,False,CA,SEA,353,17,365.42,406.54,Frequent,Loyalty Perk
u_100074,20,3,3,3,167.46,183.48,3.2,female,False,False,CA,SEA,635,20,350.94,690.09,Frequent,Flight Discount
u_100075,37,0,4,3,0.0,341.49,6.4,female,True,False,CA,LGA,501,37,341.49,572.15,Frequent,Other
u_100076,41,1,5,0,333.32,204.29,4.5,female,True,True,CA,LAX,299,41,537.61,393.76,Frequent,Loyalty Perk
u_100077,9,8,2,2,760.99,139.94,5.9,female,False,False,US,ORD,1016,9,900.93,1115.09,Engaged,Flight Discount
u_100078,10,3,6,3,873.16,331.61,3.2,female,False,True,DE,JFK,838,10,1204.77,968.48,Frequent,Other
u_100079,25,5,0,1,466.61,0.0,0.0,male,False,False,CA,ATL,1179,25,466.61,1250.66,Frequent,Flight Discount
u_100080,8,2,0,0,329.58,0.0,0.0,male,True,False,CA,MIA,1038,8,329.58,1078.96,Engaged,Hotel Discount
u_100081,43,8,3,1,806.04,279.22,6.0,male,True,False,DE,SFO,865,43,1085.26,1016.53,Frequent,Flight Discount
u_100082,29,3,6,2,161.47,289.99,4.3,female,True,False,US,SEA,764,29,451.46,838.15,Frequent,Other
u_100083,43,3,5,0,121.47,166.73,6.9,female,True,True,DE,JFK,1186,43,288.2,1257.82,Frequent,Flight Discount
u_100084,39,0,2,1,0.0,395.63,4.2,male,True,True,GB,LAX,387,39,395.63,465.56,Frequent,Hotel Discount
u_100085,38,5,0,1,297.6,0.0,0.0,male,True,True,GB,ORD,289,38,297.6,356.76,Frequent,Flight Discount
u_100086,33,1,3,1,855.24,65.18,5.7,male,True,False,DE,SFO,1097,33,920.42,1222.04,Frequent,New User Perk
u_100087,44,1,3,3,140.26,78.28,4.6,male,True,False,AU,MIA,164,44,218.54,229.85,Frequent,Hotel Discount
u_100088,39,6,0,0,779.29,0.0,0.0,female,False,False,DE,BOS,1159,39,779.29,1275.93,Frequent,Flight Discount
u_100089,22,7,3,3,678.28,159.39,2.9,male,False,False,US,MIA,552,22,837.67,657.77,Frequent,Loyalty Perk
u_100090,6,6,0,2,745.65,0.0,0.0,male,False,True,US,JFK,1169,6,745.65,1249.56,Engaged,Family Perk
u_100091,4,4,4,2,368.35,252.27,2.3,female,True,False,GB,MIA,1017,4,620.62,1083.06,Engaged,Flight Discount
u_100092,37,3,6,3,773.03,391.09,5.9,male,False,False,US,DFW,1170,37,1164.12,1323.41,Frequent,Hotel Discount
u_100093,22,5,0,1,793.29,0.0,0.0,female,True,True,CA,DFW,1189,22,793.29,1290.33,Frequent,Flight Discount
u_100094,14,6,3,3,359.53,179.52,5.3,male,True,True,US,BOS,1192,14,539.05,1259.9,Frequent,Loyalty Perk
u_100095,18,7,5,3,478.24,204.72,2.6,male,True,True,US,JFK,1079,18,682.96,1165.3,Frequent,Loyalty Perk
u_100096,43,4,0,1,404.12,0.0,0.0,female,True,False,DE,BOS,142,43,404.12,225.41,Frequent,Flight Discount
u_100097,21,1,0,3,692.55,0.0,0.0,female,True,True,CA,DFW,389,21,692.55,479.25,Frequent,Flight Discount
u_100098,28,0,3,0,0.0,351.74,4.5,male,False,True,AU,LGA,858,28,351.74,921.17,Frequent,Flight Discount
u_100099,21,2,6,3,762.26,371.92,1.5,female,False,True,AU,LGA,246,21,1134.18,380.42,Frequent,Loyalty Perk
u_100100,15,5,6,1,142.63,271.63,4.2,female,True,False,CA,SFO,427,15,414.26,483.43,Frequent,Hotel Discount
u_100101,10,4,1,1,573.97,316.08,4.9,female,False,True,US,JFK,392,10,890.05,491.0,Frequent,Other
u_100102,10,7,0,3,442.61,0.0,0.0,female,False,False,GB,SFO,650,10,442.61,704.26,Frequent,Other
u_100103,29,0,0,2,0.0,0.0,0.0,male,False,True,CA,SEA,617,29,0.0,646.0,Frequent,New User Perk
u_100104,29,3,2,3,491.12,385.2,3.7,male,False,False,FR,LGA,733,29,876.32,849.63,Frequent,Flight Discount
u_100105,29,8,4,1,378.4,371.28,3.3,male,True,True,US,SEA,722,29,749.68,825.97,Frequent,Other
u_100106,36,6,2,2,673.46,279.8,6.4,male,False,True,GB,JFK,337,36,953.26,468.33,Frequent,Loyalty Perk
u_100107,39,1,2,3,607.66,164.97,1.8,male,False,False,AU,LAX,1108,39,772.63,1224.26,Frequent,Family Perk
u_100108,12,3,2,3,237.44,399.99,1.9,female,False,True,GB,DFW,635,12,637.43,710.74,Frequent,Flight Discount
u_100109,25,2,1,1,761.7,319.88,5.9,male,True,False,US,ATL,369,25,1081.58,502.16,Frequent,Other
u_100110,40,4,6,3,271.88,133.71,6.8,male,False,False,US,SEA,990,40,405.59,1070.56,Frequent,Loyalty Perk
u_100111,25,8,4,3,872.34,335.91,5.8,male,False,False,DE,DFW,313,25,1208.25,458.83,Frequent,Other
u_100112,34,1,2,0,705.76,145.48,6.4,male,False,False,FR,JFK,331,34,851.24,450.12,Frequent,Other
u_100113,27,0,3,2,0.0,132.52,7.0,male,True,False,GB,LGA,797,27,132.52,837.25,Frequent,Other
u_100114,3,4,6,3,650.78,98.58,5.2,female,True,False,US,LAX,948,3,749.36,1025.94,Engaged,Hotel Discount
u_100115,36,8,3,0,716.46,133.17,1.7,male,True,False,US,LAX,518,36,849.63,638.96,Frequent,Loyalty Perk
u_100116,35,0,5,1,0.0,301.49,2.7,female,True,True,DE,ATL,33,35,301.49,98.15,Frequent,Family Perk
u_100117,24,1,4,0,400.17,214.55,4.8,male,False,True,US,BOS,794,24,614.72,879.47,Frequent,Loyalty Perk
u_100118,43,1,6,2,189.4,173.3,3.0,male,False,True,GB,ORD,388,43,362.7,467.27,Frequent,Hotel Discount
u_100119,30,0,2,1,0.0,65.33,2.2,female,False,True,US,JFK,115,30,65.33,151.53,Frequent,Other
u_100120,42,3,2,2,786.95,66.73,4.9,female,False,False,CA,LGA,589,42,853.68,716.37,Frequent,Hotel Discount
u_100121,22,2,3,3,381.22,329.05,2.6,female,False,False,DE,MIA,199,22,710.27,292.03,Frequent,Flight Discount
u_100122,21,1,0,2,621.95,0.0,0.0,male,False,True,FR,DFW,657,21,621.95,740.2,Frequent,Loyalty Perk
u_100123,3,5,4,3,305.14,393.01,6.7,female,True,False,GB,SEA,183,3,698.15,255.81,Engaged,Family Perk
u_100124,39,7,0,1,135.13,0.0,0.0,female,False,True,US,LAX,780,39,135.13,832.51,Frequent,Loyalty Perk
u_100125,29,1,4,1,514.16,189.31,4.9,male,True,False,GB,SFO,541,29,703.47,640.35,Frequent,Family Perk
u_100126,36,1,2,2,657.31,125.1,4.7,male,True,False,FR,MIA,1035,36,782.41,1149.24,Frequent,Other
u_100127,6,5,5,2,661.82,242.5,2.7,male,True,False,US,SEA,644,6,904.32,740.43,Engaged,Hotel Discount
u_100128,9,3,6,3,101.55,243.91,3.2,male,False,True,US,ORD,1159,9,345.46,1202.55,Engaged,Other
u_100129,34,6,6,3,755.14,75.81,6.8,male,True,False,AU,SEA,181,34,830.95,298.09,Frequent,Flight Discount
u_100130,33,0,6,0,0.0,231.34,2.8,female,True,True,US,MIA,361,33,231.34,417.13,Frequent,Family Perk
u_100131,13,8,2,1,592.52,265.05,1.6,male,False,False,US,DFW,375,13,857.57,473.76,Frequent,Hotel Discount
u_100132,6,0,5,2,0.0,277.9,5.6,male,True,False,US,LGA,883,6,277.9,916.79,Engaged,Loyalty Perk
u_100133,16,6,2,3,139.84,70.97,3.6,male,False,False,CA,SEA,1021,16,210.81,1058.08,Frequent,Loyalty Perk
u_100134,26,2,6,2,502.28,87.16,2.5,female,True,False,GB,SFO,280,26,589.44,364.94,Frequent,Loyalty Perk
u_100135,25,6,1,1,747.05,376.81,5.3,male,True,True,US,DFW,418,25,1123.86,555.39,Frequent,Hotel Discount
u_100136,2,1,3,3,872.68,125.3,3.1,female,False,False,CA,SEA,133,2,997.98,234.8,Engaged,New User Perk
u_100137,9,4,5,2,706.36,178.08,3.4,female,False,True,US,MIA,1197,9,884.44,1294.44,Engaged,Hotel Discount
u_100138,29,8,2,0,185.5,83.84,3.2,female,False,True,AU,BOS,724,29,269.34,779.93,Frequent,Loyalty Perk
u_100139,33,0,0,0,0.0,0.0,0.0,female,True,True,FR,MIA,310,33,0.0,343.0,Frequent,Loyalty Perk
u_100140,21,5,1,3,892.3,308.76,2.8,female,False,True,FR,LAX,718,21,1201.06,859.11,Frequent,Loyalty Perk
u_100141,22,1,3,2,733.34,303.86,5.1,female,False,False,US,SFO,84,22,1037.2,209.72,Frequent,Loyalty Perk
u_100142,34,6,1,1,105.89,381.87,1.7,female,True,True,DE,LAX,68,34,487.76,150.78,Frequent,Loyalty Perk
u_100143,33,7,6,0,658.74,231.54,4.4,female,True,False,US,MIA,1009,33,890.28,1131.03,Frequent,Family Perk
u_100144,35,5,5,2,580.26,117.29,2.5,female,True,False,FR,SFO,1172,35,697.55,1276.75,Frequent,Loyalty Perk
u_100145,31,5,4,2,315.99,250.72,4.3,female,False,True,DE,SFO,838,31,566.71,925.67,Frequent,Hotel Discount
u_100146,23,7,5,2,692.82,124.9,6.0,male,False,True,CA,JFK,585,23,817.72,689.77,Frequent,Other
u_100147,4,8,1,1,123.04,194.66,5.3,female,True,True,US,ORD,235,4,317.7,270.77,Engaged,Other
u_100148,31,3,6,2,343.36,276.06,6.4,male,True,True,AU,SEA,213,31,619.42,305.94,Frequent,Loyalty Perk
u_100149,3,6,6,3,232.78,312.15,6.2,male,True,True,AU,LAX,622,3,544.93,679.49,Engaged,Loyalty Perk
u_100150,30,8,4,3,809.19,96.97,4.0,male,False,True,GB,DFW,588,30,906.16,708.62,Frequent,Other
u_100151,12,0,5,2,0.0,326.77,4.4,male,False,True,DE,DFW,425,12,326.77,469.68,Frequent,Hotel Discount
u_100152,43,1,1,1,471.51,377.54,1.0,female,False,False,US,MIA,815,43,849.05,942.91,Frequent,Flight Discount
u_100153,42,5,5,1,130.94,91.38,2.8,female,False,False,US,DFW,860,42,222.32,924.23,Frequent,Hotel Discount
u_100154,15,3,1,3,205.61,311.71,4.6,female,True,False,GB,ATL,881,15,517.32,947.73,Frequent,Loyalty Perk
u_100155,29,8,5,2,144.04,247.46,1.4,female,True,True,US,BOS,1151,29,391.5,1219.15,Frequent,Loyalty Perk
u_100156,29,1,5,1,667.87,221.09,6.4,male,True,True,GB,BOS,942,29,888.96,1059.9,Frequent,Other
u_100157,4,8,3,2,673.09,188.58,5.9,female,True,False,DE,ATL,476,4,861.67,566.17,Engaged,New User Perk
u_100158,4,1,3,0,315.41,112.99,1.8,male,False,False,US,BOS,890,4,428.4,936.84,Engaged,Loyalty Perk
u_100159,44,8,1,2,177.28,397.5,3.4,female,False,False,AU,JFK,290,44,574.78,391.48,Frequent,Family Perk
u_100160,44,8,3,3,755.16,136.63,3.1,male,True,True,CA,SEA,594,44,891.79,727.18,Frequent,Loyalty Perk
u_100161,14,1,0,0,446.08,0.0,0.0,male,True,False,US,ORD,129,14,446.08,187.61,Frequent,Hotel Discount
u_100162,14,0,1,2,0.0,131.96,6.5,male,False,False,US,BOS,683,14,131.96,710.2,Frequent,Hotel Discount
u_100163,15,6,2,2,129.99,381.98,6.3,female,True,False,US,BOS,388,15,511.97,454.2,Frequent,Loyalty Perk
u_100164,34,5,5,3,414.77,154.96,2.1,female,False,True,GB,MIA,1131,34,569.73,1221.97,Frequent,Loyalty Perk
u_100165,36,6,3,1,398.5,139.25,3.0,male,False,True,DE,LGA,191,36,537.75,280.77,Frequent,Loyalty Perk
u_100166,25,0,6,0,0.0,115.86,5.6,female,True,True,US,DFW,1174,25,115.86,1210.59,Frequent,Other
u_100167,13,1,5,3,829.84,293.47,5.2,male,False,False,US,ORD,842,13,1123.31,967.33,Frequent,Hotel Discount
u_100168,42,5,2,2,374.91,358.98,3.8,female,False,False,DE,BOS,991,42,733.89,1106.39,Frequent,Other
u_100169,3,3,5,1,93.3,243.66,4.5,female,True,False,GB,MIA,885,3,336.96,921.7,Engaged,New User Perk
u_100170,16,7,4,2,291.01,337.56,6.8,male,False,True,AU,ATL,1034,16,628.57,1112.86,Frequent,Hotel Discount
u_100171,12,8,5,0,509.63,343.67,1.4,female,True,True,FR,SEA,129,12,853.3,226.33,Frequent,Loyalty Perk
u_100172,1,3,4,3,386.02,266.24,5.0,female,True,True,US,LAX,1019,1,652.26,1085.23,Engaged,New User Perk
u_100173,34,4,4,2,94.06,334.61,5.0,male,True,False,US,LGA,397,34,428.67,473.87,Frequent,Loyalty Perk
u_100174,34,4,6,2,299.21,188.91,3.2,male,True,True,US,ATL,861,34,488.12,943.81,Frequent,Flight Discount
u_100175,6,6,3,3,533.22,69.64,1.1,male,True,False,US,LGA,380,6,602.86,446.29,Engaged,Loyalty Perk
u_100176,15,3,6,3,302.3,373.46,5.1,female,False,True,FR,LGA,604,15,675.76,686.58,Frequent,Flight Discount
u_100177,38,2,6,3,841.68,154.75,4.4,male,True,False,US,ORD,1190,38,996.43,1327.64,Frequent,Other
u_100178,33,5,0,0,438.41,0.0,0.0,female,False,False,US,JFK,185,33,438.41,261.84,Frequent,Other
u_100179,32,3,2,3,434.12,287.89,5.0,female,False,True,CA,SEA,205,32,722.01,309.2,Frequent,Family Perk
u_100180,10,6,5,1,686.52,160.84,1.6,female,True,True,US,DFW,40,10,847.36,134.74,Frequent,New User Perk
u_100181,6,2,3,3,536.73,229.35,1.6,female,False,False,US,LAX,213,6,766.08,295.61,Engaged,Other
u_100182,27,6,6,0,674.37,245.84,7.0,male,False,False,US,DFW,527,27,920.21,646.02,Frequent,Family Perk
u_100183,20,4,3,1,131.88,202.14,3.5,male,False,True,US,DFW,1021,20,334.02,1074.4,Frequent,Loyalty Perk
u_100184,40,3,3,0,191.1,52.37,3.4,female,False,True,DE,ATL,808,40,243.47,872.35,Frequent,New User Perk
u_100185,9,4,2,1,472.79,112.17,3.4,female,False,False,AU,ATL,683,9,584.96,750.5,Engaged,New User Perk
u_100186,26,5,0,1,565.63,0.0,0.0,female,True,False,AU,DFW,1147,26,565.63,1229.56,Frequent,Hotel Discount
u_100187,45,1,6,3,631.84,98.71,2.8,male,False,True,DE,DFW,547,45,730.55,665.05,Frequent,Flight Discount
u_100188,31,6,4,3,525.79,326.75,3.2,female,False,True,DE,ATL,1129,31,852.54,1245.25,Frequent,Loyalty Perk
u_100189,42,0,4,3,0.0,388.38,3.0,male,True,True,GB,LAX,911,42,388.38,991.84,Frequent,Loyalty Perk
u_100190,36,3,3,2,400.73,320.32,4.5,male,False,True,FR,BOS,1054,36,721.05,1162.1,Frequent,Flight Discount
u_100191,6,1,6,1,365.63,170.07,5.7,male,False,True,CA,MIA,1097,6,535.7,1156.57,Engaged,Flight Discount
u_100192,5,4,0,0,98.52,0.0,0.0,female,True,False,DE,SFO,732,5,98.52,746.85,Other,Loyalty Perk
u_100193,22,8,3,3,270.12,191.77,2.1,male,True,True,FR,LAX,915,22,461.89,983.19,Frequent,Loyalty Perk
u_100194,14,3,2,0,553.43,329.83,4.2,male,False,False,AU,LGA,779,14,883.26,881.33,Frequent,Family Perk
u_100195,41,5,4,3,581.27,255.45,3.1,female,True,False,DE,BOS,967,41,836.72,1091.67,Frequent,Hotel Discount
u_100196,16,4,0,1,386.11,0.0,0.0,female,True,True,GB,JFK,319,16,386.11,373.61,Frequent,Loyalty Perk
u_100197,32,8,5,1,535.03,221.37,1.8,female,True,False,AU,LAX,674,32,756.4,781.64,Frequent,Loyalty Perk
u_100198,13,6,4,3,415.49,222.1,5.3,male,False,True,DE,LAX,939,13,637.59,1015.76,Frequent,Other
u_100199,18,3,4,2,217.93,210.06,5.5,male,True,True,CA,LGA,1044,18,427.99,1104.8,Frequent,Loyalty Perk
u_100200,35,0,6,3,0.0,241.22,6.9,male,True,False,FR,SFO,239,35,241.22,298.12,Frequent,Loyalty Perk
u_100201,23,1,3,0,716.02,132.93,5.9,male,False,True,DE,DFW,748,23,848.95,855.9,Frequent,New User Perk
u_100202,4,5,4,2,569.42,108.93,6.9,female,True,True,US,ORD,629,4,678.35,700.84,Engaged,Other
u_100203,18,2,5,1,284.74,298.99,6.0,female,True,True,AU,LGA,834,18,583.73,910.37,Frequent,Hotel Discount
u_100204,41,1,3,2,649.66,357.06,3.7,female,False,False,DE,JFK,1029,41,1006.72,1170.67,Frequent,Loyalty Perk
u_100205,35,6,1,3,756.38,223.15,2.9,male,True,False,GB,JFK,610,35,979.53,742.95,Frequent,Hotel Discount
u_100206,7,7,0,0,842.13,0.0,0.0,male,False,False,US,LGA,353,7,842.13,444.21,Engaged,Family Perk
u_100207,11,4,0,2,285.32,0.0,0.0,male,False,True,US,DFW,791,11,285.32,830.53,Frequent,Family Perk
u_100208,28,1,5,0,80.89,216.88,1.8,male,True,False,CA,ORD,493,28,297.77,550.78,Frequent,Loyalty Perk
u_100209,28,2,3,0,267.74,81.27,5.8,female,True,True,GB,JFK,241,28,349.01,303.9,Frequent,Loyalty Perk
u_100210,5,8,4,0,580.46,107.44,3.1,female,True,False,US,LAX,466,5,687.9,539.79,Engaged,Hotel Discount
u_100211,7,2,6,0,563.45,184.41,6.8,male,False,False,US,JFK,674,7,747.86,755.79,Engaged,Loyalty Perk
u_100212,39,4,6,0,775.27,280.44,2.8,male,False,True,US,BOS,1090,39,1055.71,1234.57,Frequent,New User Perk
u_100213,32,6,0,1,489.66,0.0,0.0,male,False,False,US,ORD,175,32,489.66,255.97,Frequent,Loyalty Perk
u_100214,37,6,2,1,705.44,384.06,5.6,male,False,False,US,MIA,64,37,1089.5,209.95,Frequent,Loyalty Perk
u_100215,26,8,2,3,427.33,190.8,4.8,male,False,True,US,LGA,1131,26,618.13,1218.81,Frequent,Loyalty Perk
u_100216,14,2,4,2,400.4,272.0,6.0,female,True,False,US,BOS,165,14,672.4,246.24,Frequent,Loyalty Perk
u_100217,28,1,3,0,333.62,309.59,5.4,female,True,True,US,JFK,274,28,643.21,366.32,Frequent,Hotel Discount
u_100218,34,8,6,2,216.91,94.43,5.7,male,True,True,DE,SFO,580,34,311.34,645.13,Frequent,Flight Discount
u_100219,34,1,2,0,486.84,228.77,1.3,male,True,False,AU,DFW,1190,34,715.61,1295.56,Frequent,New User Perk
u_100220,33,0,0,0,0.0,0.0,0.0,male,False,True,US,ORD,530,33,0.0,563.0,Frequent,Flight Discount
u_100221,36,6,1,2,283.58,370.55,2.9,female,False,True,US,LGA,189,36,654.13,290.41,Frequent,Flight Discount
u_100222,3,6,0,3,790.15,0.0,0.0,male,True,True,US,BOS,666,3,790.15,748.02,Engaged,Loyalty Perk
u_100223,37,4,5,1,460.42,257.09,4.0,female,True,False,US,DFW,430,37,717.51,538.75,Frequent,Hotel Discount
u_100224,15,8,2,0,859.81,50.51,4.9,male,True,True,AU,LGA,659,15,910.32,765.03,Frequent,New User Perk
u_100225,18,1,0,1,815.78,0.0,0.0,male,False,False,US,LAX,1094,18,815.78,1193.58,Frequent,Flight Discount
u_100226,9,6,0,0,436.69,0.0,0.0,female,False,True,US,BOS,297,9,436.69,349.67,Engaged,Family Perk
u_100227,29,4,1,0,853.71,97.64,5.6,female,False,False,GB,SFO,253,29,951.35,377.14,Frequent,Hotel Discount
u_100228,8,8,2,1,450.57,212.17,6.1,male,False,False,GB,MIA,215,8,662.74,289.27,Engaged,Flight Discount
u_100229,6,3,2,3,501.04,287.01,2.6,female,True,True,GB,LAX,386,6,788.05,470.8,Engaged,Flight Discount
u_100230,7,2,0,0,130.57,0.0,0.0,female,False,True,US,SEA,485,7,130.57,505.06,Engaged,Flight Discount
u_100231,2,1,1,3,743.62,82.19,6.1,female,False,True,CA,JFK,709,2,825.81,793.58,Engaged,Flight Discount
u_100232,32,0,3,3,0.0,110.48,2.3,female,True,True,AU,MIA,413,32,110.48,456.05,Frequent,Flight Discount
u_100233,32,6,4,3,130.0,147.92,1.8,female,True,True,US,DFW,438,32,277.92,497.79,Frequent,Hotel Discount
u_100234,35,7,2,2,398.47,112.94,2.9,male,True,False,GB,SEA,478,35,511.41,564.14,Frequent,Loyalty Perk
u_100235,38,3,1,0,283.24,134.4,4.2,female,True,False,FR,SFO,144,38,417.64,223.76,Frequent,Flight Discount
u_100236,16,5,6,2,829.46,59.87,5.2,male,False,False,US,LAX,1192,16,889.33,1296.93,Frequent,New User Perk
u_100237,3,1,0,1,573.36,0.0,0.0,male,False,False,US,SEA,70,3,573.36,130.34,Engaged,Loyalty Perk
u_100238,12,5,0,0,201.12,0.0,0.0,male,False,True,US,SFO,320,12,201.12,352.11,Frequent,Loyalty Perk
u_100239,7,5,2,2,191.89,105.13,6.7,female,True,False,AU,ATL,1027,7,297.02,1063.7,Engaged,New User Perk
u_100240,20,4,1,1,677.64,382.08,6.7,male,False,True,US,MIA,831,20,1059.72,956.97,Frequent,Loyalty Perk
u_100241,7,7,1,2,691.18,133.3,6.9,male,True,False,US,ATL,373,7,824.48,462.45,Engaged,Other
u_100242,14,3,5,0,367.39,325.46,5.3,male,False,False,US,DFW,128,14,692.85,211.28,Frequent,Loyalty Perk
u_100243,23,8,3,0,759.62,326.06,4.5,female,True,False,DE,MIA,491,23,1085.68,622.57,Frequent,Family Perk
u_100244,17,1,0,2,219.49,0.0,0.0,male,True,False,US,SFO,798,17,219.49,836.95,Frequent,Flight Discount
u_100245,28,2,4,3,208.83,85.44,2.2,male,True,False,DE,LGA,419,28,294.27,476.43,Frequent,Flight Discount
u_100246,4,6,4,3,205.94,176.29,3.6,female,False,False,US,JFK,633,4,382.23,675.22,Engaged,Family Perk
u_100247,11,4,0,3,771.89,0.0,0.0,female,True,True,US,ORD,661,11,771.89,749.19,Frequent,Other
u_100248,25,2,2,3,382.91,206.02,2.6,female,False,False,US,BOS,982,25,588.93,1065.89,Frequent,New User Perk
u_100249,43,5,6,3,875.98,256.4,4.3,female,True,True,US,JFK,822,43,1132.38,978.24,Frequent,Hotel Discount
u_100250,6,6,6,0,491.72,365.16,5.8,female,False,True,DE,DFW,331,6,856.88,422.69,Engaged,Other
u_100251,9,0,3,0,0.0,395.9,3.6,female,True,True,US,ORD,332,9,395.9,380.59,Engaged,Flight Discount
u_100252,36,6,4,2,782.43,231.89,6.5,female,False,True,US,MIA,55,36,1014.32,192.43,Frequent,Other
u_100253,37,1,0,0,724.31,0.0,0.0,female,True,False,US,LAX,1126,37,724.31,1235.43,Frequent,New User Perk
u_100254,39,7,0,1,305.84,0.0,0.0,female,False,False,DE,ATL,324,39,305.84,393.58,Frequent,Other
u_100255,4,7,2,2,96.59,336.09,2.8,female,True,False,GB,ORD,604,4,432.68,651.27,Engaged,Loyalty Perk
u_100256,21,4,5,3,576.08,81.25,3.7,male,True,True,CA,SEA,863,21,657.33,949.73,Frequent,Other
u_100257,33,6,1,0,222.46,356.31,2.2,female,True,True,US,DFW,148,33,578.77,238.88,Frequent,New User Perk
u_100258,24,7,4,3,601.04,93.36,1.2,female,True,False,US,DFW,792,24,694.4,885.44,Frequent,Hotel Discount
u_100259,23,2,6,2,694.15,291.1,2.7,female,True,False,FR,SFO,821,23,985.25,942.53,Frequent,Loyalty Perk
u_100260,42,6,4,0,789.0,388.5,5.1,male,True,True,US,DFW,1000,42,1177.5,1159.75,Frequent,Flight Discount
u_100261,20,4,3,3,778.3,210.65,2.3,male,True,True,CA,ATL,648,20,988.95,766.9,Frequent,Other
u_100262,36,4,2,0,475.03,167.7,2.7,female,True,True,FR,SFO,695,36,642.73,795.27,Frequent,Loyalty Perk
u_100263,16,0,6,3,0.0,281.19,5.1,female,False,True,US,BOS,82,16,281.19,126.12,Frequent,Other
u_100264,3,3,2,1,642.78,273.41,3.9,female,False,False,AU,MIA,764,3,916.19,858.62,Engaged,Loyalty Perk
u_100265,9,4,5,1,856.48,364.86,4.9,male,True,False,US,SEA,485,9,1221.34,616.13,Engaged,Loyalty Perk
u_100266,38,4,3,0,465.84,353.24,4.5,female,False,False,GB,DFW,175,38,819.08,294.91,Frequent,Family Perk
u_100267,27,0,6,1,0.0,98.08,2.2,male,True,False,FR,DFW,868,27,98.08,904.81,Frequent,Loyalty Perk
u_100268,32,5,5,1,337.0,70.3,3.7,female,True,False,US,JFK,458,32,407.3,530.73,Frequent,Other
u_100269,40,6,5,3,410.78,387.86,3.3,male,True,False,US,LAX,107,40,798.64,226.86,Frequent,New User Perk
u_100270,2,0,5,1,0.0,129.19,6.3,female,True,False,FR,ORD,669,2,129.19,683.92,Engaged,Loyalty Perk
u_100271,20,4,3,2,435.61,290.37,1.8,female,False,True,US,LGA,1033,20,725.98,1125.6,Frequent,Flight Discount
u_100272,15,2,1,0,563.55,109.14,3.2,male,True,False,US,ORD,106,15,672.69,188.27,Frequent,Family Perk
u_100273,4,1,3,3,391.81,241.55,3.8,female,True,True,US,LGA,343,4,633.36,410.34,Engaged,Family Perk
u_100274,18,2,3,0,499.5,266.19,2.7,male,False,False,US,BOS,247,18,765.69,341.57,Frequent,Hotel Discount
u_100275,19,2,0,3,826.49,0.0,0.0,male,False,True,GB,MIA,1014,19,826.49,1115.65,Frequent,Loyalty Perk
u_100276,43,7,1,0,719.21,76.27,5.3,male,True,True,US,ATL,554,43,795.48,676.55,Frequent,Family Perk
u_100277,7,2,6,0,778.84,176.08,5.1,female,False,False,DE,LGA,902,7,954.92,1004.49,Engaged,Loyalty Perk
u_100278,22,5,3,2,800.35,82.53,5.9,male,True,True,US,LAX,404,22,882.88,514.29,Frequent,New User Perk
u_100279,27,2,0,1,650.86,0.0,0.0,female,False,False,AU,SEA,150,27,650.86,242.09,Frequent,Flight Discount
u_100280,44,7,1,3,718.91,263.98,6.2,male,True,False,DE,ATL,297,44,982.89,439.29,Frequent,Other
u_100281,5,4,5,2,90.14,353.92,4.1,female,True,False,DE,LGA,1187,5,444.06,1236.41,Engaged,Loyalty Perk
u_100282,23,6,1,0,89.55,377.03,4.0,female,True,False,US,SEA,991,23,466.58,1060.66,Frequent,Hotel Discount
u_100283,22,4,0,1,531.41,0.0,0.0,male,True,False,GB,ORD,805,22,531.41,880.14,Frequent,Other
u_100284,29,1,6,3,446.6,91.55,4.0,male,True,False,DE,ATL,66,29,538.15,148.81,Frequent,Family Perk
u_100285,40,4,4,1,616.77,209.67,3.0,female,True,True,US,ATL,141,40,826.44,263.64,Frequent,Flight Discount
u_100286,8,1,6,1,81.8,174.3,4.8,female,False,False,GB,SEA,627,8,256.1,660.61,Engaged,Other
u_100287,9,6,0,2,580.9,0.0,0.0,female,True,True,US,SEA,414,9,580.9,481.09,Engaged,Loyalty Perk
u_100288,7,6,0,0,713.16,0.0,0.0,female,True,False,US,SFO,952,7,713.16,1030.32,Engaged,Flight Discount
u_100289,36,6,6,3,837.98,323.38,6.5,male,False,True,FR,LGA,385,36,1161.36,537.14,Frequent,Loyalty Perk
u_100290,25,6,4,1,304.35,387.26,6.8,male,True,False,GB,BOS,957,25,691.61,1051.16,Frequent,New User Perk
u_100291,36,3,1,1,591.82,151.7,3.1,male,False,False,FR,SFO,301,36,743.52,411.35,Frequent,New User Perk
u_100292,31,6,5,2,799.53,197.84,1.1,male,False,True,GB,BOS,248,31,997.37,378.74,Frequent,Other
u_100293,11,4,5,2,200.07,71.71,5.7,male,True,True,US,DFW,447,11,271.78,485.18,Frequent,Flight Discount
u_100294,44,8,6,1,688.78,246.44,2.4,male,False,False,US,ATL,619,44,935.22,756.52,Frequent,New User Perk
u_100295,36,0,0,2,0.0,0.0,0.0,male,False,False,AU,SFO,445,36,0.0,481.0,Frequent,Loyalty Perk
u_100296,13,3,2,3,225.49,288.93,2.1,female,True,False,FR,ATL,385,13,514.42,449.44,Frequent,Loyalty Perk
u_100297,36,4,1,1,558.87,139.26,3.0,male,False,True,AU,DFW,347,36,698.13,452.81,Frequent,New User Perk
u_100298,36,5,0,2,510.82,0.0,0.0,female,True,False,DE,ATL,406,36,510.82,493.08,Frequent,Flight Discount
u_100299,15,3,5,2,351.47,152.75,6.7,male,False,False,US,SFO,1116,15,504.22,1181.42,Frequent,Loyalty Perk
u_100300,42,3,0,2,392.73,0.0,0.0,male,True,False,DE,ORD,262,42,392.73,343.27,Frequent,Loyalty Perk
u_100301,29,7,0,2,816.59,0.0,0.0,female,True,False,FR,BOS,424,29,816.59,534.66,Frequent,Family Perk
u_100302,1,1,1,1,789.26,198.47,1.6,male,True,True,FR,BOS,1131,1,987.73,1230.77,Engaged,Hotel Discount
u_100303,22,0,0,0,0.0,0.0,0.0,female,True,True,US,SEA,141,22,0.0,163.0,Frequent,Other
u_100304,25,7,5,3,435.08,55.91,5.0,female,True,True,CA,MIA,1125,25,490.99,1199.1,Frequent,Flight Discount
u_100305,7,4,6,2,577.38,148.53,6.6,male,True,True,GB,BOS,811,7,725.91,890.59,Engaged,Flight Discount
u_100306,9,6,6,2,867.31,100.43,5.1,male,False,True,FR,ORD,794,9,967.74,899.77,Engaged,Family Perk
u_100307,37,6,4,0,329.85,311.9,6.4,male,True,True,US,LGA,734,37,641.75,835.17,Frequent,Other
u_100308,17,3,0,1,630.2,0.0,0.0,male,True,True,US,ATL,1191,17,630.2,1271.02,Frequent,Hotel Discount
u_100309,7,3,5,3,860.26,175.0,5.0,female,True,False,US,DFW,510,7,1035.26,620.53,Engaged,Other
u_100310,22,4,5,1,543.75,177.57,2.9,male,True,False,DE,SEA,907,22,721.32,1001.13,Frequent,Flight Discount
u_100311,24,2,5,2,799.87,212.0,3.2,female,True,True,AU,DFW,655,24,1011.87,780.19,Frequent,Flight Discount
u_100312,35,3,2,0,676.49,362.24,6.1,male,True,True,CA,LAX,93,35,1038.73,231.87,Frequent,Loyalty Perk
u_100313,35,8,3,1,379.97,128.16,5.6,female,True,True,FR,DFW,625,35,508.13,710.81,Frequent,Other
u_100314,43,3,6,1,700.91,99.13,2.0,male,False,False,FR,LGA,1189,43,800.04,1312.0,Frequent,Flight Discount
u_100315,32,3,0,2,382.94,0.0,0.0,male,False,False,US,ORD,117,32,382.94,187.29,Frequent,Other
u_100316,3,5,0,2,764.6,0.0,0.0,female,False,False,DE,LGA,569,3,764.6,648.46,Engaged,Loyalty Perk
u_100317,42,1,4,2,388.59,367.53,4.1,male,False,False,GB,ATL,752,42,756.12,869.61,Frequent,Loyalty Perk
u_100318,9,7,1,1,143.21,275.22,2.3,female,False,False,US,BOS,412,9,418.43,462.84,Engaged,Other
u_100319,31,7,3,1,564.45,276.54,3.5,male,True,False,GB,JFK,529,31,840.99,644.1,Frequent,Flight Discount
u_100320,11,4,1,3,571.47,247.26,1.1,male,True,True,US,LGA,610,11,818.73,702.87,Frequent,Flight Discount
u_100321,15,6,4,1,731.59,337.16,2.1,male,False,False,DE,LAX,1076,15,1068.75,1197.88,Frequent,Other
u_100322,25,2,0,0,245.93,0.0,0.0,female,False,True,US,MIA,1062,25,245.93,1111.59,Frequent,Hotel Discount
u_100323,39,0,6,0,0.0,82.62,5.0,male,True,True,DE,ATL,1134,39,82.62,1181.26,Frequent,Loyalty Perk
u_100324,28,3,6,3,727.44,183.43,4.5,female,False,False,US,BOS,230,28,910.87,349.09,Frequent,Other
u_100325,39,8,3,2,235.0,298.2,5.7,female,False,True,US,DFW,1100,39,533.2,1192.32,Frequent,Family Perk
u_100326,24,1,1,3,614.29,138.77,6.1,male,False,True,GB,MIA,897,24,753.06,996.31,Frequent,Flight Discount
u_100327,36,7,1,2,538.46,219.32,6.9,female,False,True,AU,BOS,735,36,757.78,846.78,Frequent,Loyalty Perk
u_100328,45,2,0,1,496.84,0.0,0.0,female,True,True,US,SEA,723,45,496.84,817.68,Frequent,New User Perk
u_100329,10,7,4,3,152.28,142.08,3.2,male,True,False,US,JFK,107,10,294.36,146.44,Frequent,New User Perk
u_100330,29,0,1,2,0.0,118.16,5.7,female,False,True,US,SEA,1075,29,118.16,1115.82,Frequent,Loyalty Perk
u_100331,42,0,1,0,0.0,398.89,5.7,male,True,True,GB,ORD,753,42,398.89,834.89,Frequent,Loyalty Perk
u_100332,36,4,5,2,364.93,335.43,2.4,female,True,True,US,JFK,428,36,700.36,534.04,Frequent,Loyalty Perk
u_100333,33,1,4,0,492.6,168.99,1.7,female,True,False,US,MIA,1081,33,661.59,1180.16,Frequent,Loyalty Perk
u_100334,22,7,5,3,815.15,351.71,3.9,female,False,False,DE,ORD,558,22,1166.86,696.69,Frequent,Other
u_100335,34,8,0,2,283.57,0.0,0.0,male,True,False,AU,SFO,220,34,283.57,282.36,Frequent,Flight Discount
u_100336,23,3,4,2,229.88,311.15,6.6,female,True,True,DE,SFO,419,23,541.03,496.1,Frequent,Family Perk
u_100337,15,3,6,1,765.79,174.61,5.7,male,True,True,CA,ORD,275,15,940.4,384.04,Frequent,Loyalty Perk
u_100338,40,5,3,2,482.46,394.54,6.5,female,True,True,DE,SFO,603,40,877.0,730.7,Frequent,Other
u_100339,3,8,2,3,785.53,321.57,3.7,male,True,False,DE,BOS,276,3,1107.1,389.71,Engaged,Family Perk
u_100340,25,1,2,2,582.48,140.9,4.3,female,False,True,US,ORD,515,25,723.38,612.34,Frequent,Loyalty Perk
u_100341,14,6,5,2,379.36,190.21,3.7,female,False,True,DE,MIA,1200,14,569.57,1270.96,Frequent,Hotel Discount
u_100342,28,6,1,1,736.03,308.49,3.8,male,True,False,US,BOS,49,28,1044.52,181.45,Frequent,Flight Discount
u_100343,17,8,6,0,406.69,291.69,1.4,female,True,False,DE,DFW,550,17,698.38,636.84,Frequent,Flight Discount
u_100344,24,8,4,2,362.2,194.12,3.1,male,False,False,CA,SFO,437,24,556.32,516.63,Frequent,Loyalty Perk
u_100345,32,7,0,3,583.2,0.0,0.0,male,False,False,GB,BOS,979,32,583.2,1069.32,Frequent,Loyalty Perk
u_100346,37,6,6,0,144.87,170.27,2.9,male,True,False,AU,ATL,626,37,315.14,694.51,Frequent,Loyalty Perk
u_100347,34,7,3,1,230.79,58.09,5.4,female,False,False,GB,ATL,545,34,288.88,607.89,Frequent,Loyalty Perk
u_100348,7,1,3,0,101.62,188.95,5.6,male,True,True,AU,JFK,200,7,290.57,236.06,Engaged,Other
u_100349,16,4,3,1,187.65,343.48,1.2,male,True,False,CA,ORD,760,16,531.13,829.11,Frequent,Flight Discount
u_100350,36,7,1,1,564.48,209.79,5.5,female,False,False,FR,DFW,1185,36,774.27,1298.43,Frequent,Other
u_100351,6,7,2,2,418.01,104.5,1.1,female,False,False,FR,ORD,1101,6,522.51,1159.25,Engaged,Family Perk
u_100352,1,7,6,3,325.68,318.05,5.8,male,False,False,DE,BOS,503,1,643.73,568.37,Engaged,Other
u_100353,26,3,1,3,759.31,127.21,1.5,female,True,False,FR,MIA,520,26,886.52,634.65,Frequent,New User Perk
u_100354,5,2,1,2,170.49,209.37,3.7,female,False,False,AU,ORD,1037,5,379.86,1079.99,Engaged,Loyalty Perk
u_100355,12,1,2,2,182.53,203.45,1.0,male,True,True,FR,LGA,214,12,385.98,264.6,Frequent,Hotel Discount
u_100356,32,5,3,0,350.8,345.24,6.7,female,True,False,AU,DFW,144,32,696.04,245.6,Frequent,Flight Discount
u_100357,17,6,6,0,180.01,318.85,2.5,female,True,False,US,ORD,937,17,498.86,1003.89,Frequent,Hotel Discount
u_100358,43,3,3,3,638.78,159.24,2.9,male,True,False,US,BOS,116,43,798.02,238.8,Frequent,Hotel Discount
u_100359,24,0,6,1,0.0,390.65,2.4,male,False,False,CA,ORD,919,24,390.65,982.06,Frequent,New User Perk
u_100360,1,0,4,3,0.0,290.94,1.9,male,False,True,AU,ORD,213,1,290.94,243.09,Engaged,Hotel Discount
u_100361,23,2,5,0,183.18,131.44,6.9,female,True,False,US,LGA,741,23,314.62,795.46,Frequent,Hotel Discount
u_100362,9,4,0,3,659.43,0.0,0.0,female,True,True,AU,SFO,1174,9,659.43,1248.94,Engaged,New User Perk
u_100363,21,7,2,1,136.48,104.26,2.8,female,True,True,FR,SFO,569,21,240.74,614.07,Frequent,Hotel Discount
u_100364,40,5,6,1,342.97,72.17,6.8,female,True,False,US,LGA,823,40,415.14,904.51,Frequent,Loyalty Perk
u_100365,42,5,0,0,509.02,0.0,0.0,female,True,False,GB,MIA,166,42,509.02,258.9,Frequent,Hotel Discount
u_100366,32,3,0,0,548.23,0.0,0.0,male,True,True,US,JFK,825,32,548.23,911.82,Frequent,Flight Discount
u_100367,5,0,1,3,0.0,374.94,6.0,female,True,False,US,ATL,988,5,374.94,1030.49,Engaged,Loyalty Perk
u_100368,40,4,4,0,682.13,342.06,1.5,male,False,False,GB,LGA,472,40,1024.19,614.42,Frequent,New User Perk
u_100369,13,3,4,1,547.42,381.63,4.4,male,True,True,FR,MIA,1173,13,929.05,1278.91,Frequent,Other
u_100370,11,2,4,3,493.85,280.14,4.2,male,False,False,AU,JFK,937,11,773.99,1025.4,Frequent,Family Perk
u_100371,21,3,4,1,387.55,242.58,5.5,female,False,False,AU,MIA,767,21,630.13,851.01,Frequent,Other
u_100372,39,0,4,1,0.0,397.69,2.8,female,False,True,US,DFW,645,39,397.69,723.77,Frequent,Other
u_100373,33,8,4,1,157.32,211.13,1.9,male,False,True,CA,BOS,572,33,368.45,641.84,Frequent,Other
u_100374,37,6,4,1,682.1,303.25,5.8,male,True,False,CA,JFK,384,37,985.35,519.53,Frequent,Family Perk
u_100375,4,5,2,3,421.55,353.74,6.2,male,False,True,AU,JFK,494,4,775.29,575.53,Engaged,Loyalty Perk
u_100376,3,5,4,1,348.0,294.22,1.9,male,False,True,CA,BOS,834,3,642.22,901.22,Engaged,New User Perk
u_100377,10,2,2,0,470.2,310.86,4.3,male,True,False,CA,MIA,567,10,781.06,655.11,Frequent,Other
u_100378,13,7,3,1,540.16,398.98,4.1,female,True,True,DE,BOS,526,13,939.14,632.91,Frequent,Flight Discount
u_100379,28,5,2,1,343.01,257.86,1.1,female,False,True,US,MIA,654,28,600.87,742.09,Frequent,Flight Discount
u_100380,15,3,5,2,207.91,304.97,1.5,female,False,True,DE,LGA,141,15,512.88,207.29,Frequent,Flight Discount
u_100381,20,7,3,0,352.14,309.0,2.3,male,False,True,GB,JFK,1149,20,661.14,1235.11,Frequent,Hotel Discount
u_100382,38,8,0,2,219.66,0.0,0.0,female,False,True,US,MIA,611,38,219.66,670.97,Frequent,Loyalty Perk
u_100383,25,4,5,2,788.71,56.68,6.2,female,True,False,US,JFK,821,25,845.39,930.54,Frequent,Hotel Discount
u_100384,35,1,1,1,490.53,210.3,6.6,female,True,False,DE,ATL,74,35,700.83,179.08,Frequent,Hotel Discount
u_100385,2,5,5,2,371.41,155.81,7.0,female,False,False,AU,LAX,1056,2,527.22,1110.72,Engaged,Flight Discount
u_100386,18,3,1,2,815.68,279.93,1.5,male,False,False,US,BOS,812,18,1095.61,939.56,Frequent,Hotel Discount
u_100387,20,5,3,1,249.54,98.5,4.2,male,False,True,US,MIA,444,20,348.04,498.8,Frequent,Loyalty Perk
u_100388,11,5,0,0,230.99,0.0,0.0,female,True,False,US,ATL,328,11,230.99,362.1,Frequent,Other
u_100389,41,4,1,1,167.55,114.66,5.6,female,False,False,CA,SEA,576,41,282.21,645.22,Frequent,Loyalty Perk
u_100390,6,7,1,3,663.86,180.89,6.1,male,True,True,US,SFO,1036,6,844.75,1126.47,Engaged,Loyalty Perk
u_100391,1,4,3,1,688.74,395.89,5.5,male,True,True,US,MIA,165,1,1084.63,274.46,Engaged,Loyalty Perk
u_100392,28,6,6,0,578.5,338.51,5.3,female,False,False,DE,ORD,837,28,917.01,956.7,Frequent,Flight Discount
u_100393,16,8,4,3,886.74,63.74,3.3,male,True,False,DE,LGA,130,16,950.48,241.05,Frequent,Loyalty Perk
u_100394,11,6,2,0,645.76,366.29,3.8,female,False,False,CA,SEA,955,11,1012.05,1067.2,Frequent,Hotel Discount
u_100395,21,7,0,1,452.02,0.0,0.0,male,True,True,AU,MIA,443,21,452.02,509.2,Frequent,Flight Discount
u_100396,6,1,5,3,599.94,79.86,5.2,male,False,False,US,JFK,1077,6,679.8,1150.98,Engaged,Other
u_100397,22,2,1,1,226.67,299.22,3.5,male,False,False,US,LAX,663,22,525.89,737.59,Frequent,Loyalty Perk
u_100398,13,0,4,2,0.0,54.27,4.0,female,False,True,US,LAX,1051,13,54.27,1069.43,Frequent,New User Perk
u_100399,43,7,3,3,442.34,260.43,1.0,male,False,True,US,ATL,1150,43,702.77,1263.28,Frequent,Loyalty Perk
u_100400,42,5,0,1,780.14,0.0,0.0,male,True,True,US,LGA,641,42,780.14,761.01,Frequent,Hotel Discount
u_100401,11,4,4,1,872.36,312.27,3.2,male,True,True,AU,LAX,103,11,1184.63,232.46,Frequent,Family Perk
u_100402,28,8,0,2,466.07,0.0,0.0,female,False,False,AU,JFK,279,28,466.07,353.61,Frequent,Flight Discount
u_100403,45,3,4,0,169.63,305.4,4.8,female,False,False,FR,ORD,209,45,475.03,301.5,Frequent,Loyalty Perk
u_100404,37,5,1,3,506.16,271.15,4.0,female,False,False,CA,BOS,398,37,777.31,512.73,Frequent,Loyalty Perk
u_100405,2,7,5,0,684.72,122.57,4.7,male,False,True,US,JFK,879,2,807.29,961.73,Engaged,Other
u_100406,45,4,2,0,332.37,227.34,2.9,female,False,True,US,ORD,42,45,559.71,142.97,Frequent,Family Perk
u_100407,13,5,6,2,836.27,217.69,3.8,female,False,False,US,LAX,102,13,1053.96,220.4,Frequent,Flight Discount
u_100408,30,6,5,0,764.79,154.77,5.3,female,True,False,FR,SFO,676,30,919.56,797.96,Frequent,Loyalty Perk
u_100409,10,4,6,0,358.1,181.33,4.2,male,True,False,GB,JFK,369,10,539.43,432.94,Frequent,Loyalty Perk
u_100410,3,4,3,0,487.58,133.17,3.7,female,True,True,CA,SFO,649,3,620.75,714.08,Engaged,Loyalty Perk
u_100411,13,1,3,0,735.2,366.73,1.9,female,True,True,GB,LGA,726,13,1101.93,849.19,Frequent,Hotel Discount
u_100412,44,2,1,0,456.68,299.79,4.1,female,False,True,US,BOS,38,44,756.47,157.65,Frequent,Other
u_100413,7,8,6,2,98.43,315.47,4.8,male,True,False,DE,LGA,459,7,413.9,507.39,Engaged,Hotel Discount
u_100414,29,1,2,1,209.15,90.06,6.7,male,False,False,FR,SFO,1176,29,299.21,1234.92,Frequent,Hotel Discount
u_100415,19,3,1,0,335.33,362.29,4.2,male,False,False,CA,LAX,133,19,697.62,221.76,Frequent,Loyalty Perk
u_100416,6,6,3,1,657.84,361.95,4.8,female,True,True,AU,LGA,943,6,1019.79,1050.98,Engaged,Flight Discount
u_100417,30,2,0,3,159.76,0.0,0.0,female,False,True,FR,JFK,665,30,159.76,710.98,Frequent,Loyalty Perk
u_100418,40,4,2,3,230.35,371.04,3.0,female,False,True,US,LAX,695,40,601.39,795.14,Frequent,Loyalty Perk
u_100419,31,7,6,1,311.45,172.02,4.4,male,True,False,US,SFO,1070,31,483.47,1149.35,Frequent,Loyalty Perk
u_100420,30,6,4,3,275.63,135.29,2.0,male,False,True,CA,BOS,1017,30,410.92,1088.09,Frequent,Flight Discount
u_100421,22,8,5,1,221.93,284.36,5.4,female,True,False,AU,ATL,1026,22,506.29,1098.63,Frequent,Family Perk
u_100422,20,6,0,0,642.12,0.0,0.0,female,False,True,DE,LAX,806,20,642.12,890.21,Frequent,Flight Discount
u_100423,41,0,6,1,0.0,281.31,3.7,male,True,True,US,ATL,626,41,281.31,695.13,Frequent,Hotel Discount
u_100424,37,4,3,2,892.04,253.95,4.7,female,True,True,GB,DFW,1075,37,1145.99,1226.6,Frequent,Family Perk
u_100425,4,0,5,2,0.0,88.39,2.7,male,False,True,GB,BOS,93,4,88.39,105.84,Other,Family Perk
u_100426,28,8,1,1,469.39,115.88,3.3,female,False,False,AU,MIA,767,28,585.27,853.53,Frequent,Hotel Discount
u_100427,5,0,1,3,0.0,280.27,6.8,male,False,True,US,LGA,308,5,280.27,341.03,Engaged,Other
u_100428,33,6,4,3,395.47,129.01,3.5,female,False,False,US,SEA,45,33,524.48,130.45,Frequent,Flight Discount
u_100429,24,0,0,3,0.0,0.0,0.0,male,False,False,FR,ATL,784,24,0.0,808.0,Frequent,Loyalty Perk
u_100430,30,8,0,0,281.09,0.0,0.0,female,True,True,FR,DFW,189,30,281.09,247.11,Frequent,Flight Discount
u_100431,31,7,4,3,550.65,166.03,3.1,female,True,False,FR,LGA,633,31,716.68,735.67,Frequent,Loyalty Perk
u_100432,38,2,4,0,618.18,152.11,5.4,male,False,False,US,SEA,85,38,770.29,200.03,Frequent,Hotel Discount
u_100433,9,4,2,2,91.65,89.04,2.0,male,True,True,CA,DFW,339,9,180.69,366.07,Engaged,Hotel Discount
u_100434,12,8,6,0,361.14,79.54,1.9,female,True,False,US,SEA,345,12,440.68,401.07,Frequent,Loyalty Perk
u_100435,14,5,0,2,699.5,0.0,0.0,female,False,True,DE,LAX,267,14,699.5,350.95,Frequent,Other
u_100436,35,3,3,3,469.16,100.8,6.2,female,False,False,CA,SEA,54,35,569.96,146.0,Frequent,Flight Discount
u_100437,7,8,5,2,864.07,201.13,6.5,female,False,False,FR,LGA,588,7,1065.2,701.52,Engaged,Hotel Discount
u_100438,44,3,5,1,506.36,287.2,7.0,female,True,False,AU,SEA,671,44,793.56,794.36,Frequent,Family Perk
u_100439,34,1,5,3,368.24,303.84,2.5,male,True,True,AU,JFK,99,34,672.08,200.21,Frequent,Loyalty Perk
u_100440,6,2,3,1,814.72,293.48,2.5,male,True,True,US,JFK,986,6,1108.2,1102.82,Engaged,Flight Discount
u_100441,17,2,6,0,307.38,71.84,3.3,male,False,False,AU,SFO,153,17,379.22,207.92,Frequent,Loyalty Perk
u_100442,13,6,1,3,168.91,239.22,3.6,female,True,False,US,SEA,247,13,408.13,300.81,Frequent,Hotel Discount
u_100443,37,4,6,3,95.39,224.2,4.9,female,True,True,US,JFK,31,37,319.59,99.96,Frequent,Other
u_100444,37,0,4,3,0.0,217.35,3.4,female,False,True,GB,MIA,173,37,217.35,231.73,Frequent,Other
u_100445,35,5,2,2,408.5,271.3,6.8,male,False,False,US,ATL,215,35,679.8,317.98,Frequent,Loyalty Perk
u_100446,12,8,0,3,621.8,0.0,0.0,female,True,False,CA,ORD,642,12,621.8,716.18,Frequent,Family Perk
u_100447,13,2,0,1,100.8,0.0,0.0,male,False,False,US,SEA,518,13,100.8,541.08,Frequent,Loyalty Perk
u_100448,2,0,2,0,0.0,168.2,5.3,male,False,False,FR,SEA,860,2,168.2,878.82,Engaged,Loyalty Perk
u_100449,10,7,5,0,466.4,371.31,1.3,female,True,True,US,LGA,297,10,837.71,390.77,Frequent,Flight Discount
u_100450,11,1,6,0,173.63,258.24,4.7,male,False,True,DE,ATL,159,11,431.87,213.19,Frequent,Flight Discount
u_100451,44,8,1,2,765.87,327.59,5.6,female,False,False,GB,JFK,385,44,1093.46,538.35,Frequent,New User Perk
u_100452,45,5,4,1,439.7,373.99,1.2,male,False,True,AU,LAX,234,45,813.69,360.37,Frequent,Family Perk
u_100453,1,0,1,0,0.0,297.36,4.6,female,True,True,DE,JFK,611,1,297.36,641.74,Engaged,New User Perk
u_100454,34,7,3,1,849.23,263.69,1.2,female,True,True,US,DFW,398,34,1112.92,543.29,Frequent,Family Perk
u_100455,36,3,1,0,889.01,391.88,4.7,male,False,False,AU,LGA,1135,36,1280.89,1299.09,Frequent,Loyalty Perk
u_100456,8,2,5,3,487.96,105.92,6.5,female,True,False,US,ORD,140,8,593.88,207.39,Engaged,Loyalty Perk
u_100457,40,7,0,0,687.14,0.0,0.0,female,True,False,CA,SFO,1130,40,687.14,1238.71,Frequent,Loyalty Perk
u_100458,29,5,3,1,692.61,364.43,2.4,male,False,True,US,ORD,255,29,1057.04,389.7,Frequent,Flight Discount
u_100459,15,1,3,3,124.56,202.55,2.3,male,True,False,US,MIA,961,15,327.11,1008.71,Frequent,Hotel Discount
u_100460,18,3,2,1,106.32,249.03,2.7,female,True,False,US,SFO,257,18,355.35,310.54,Frequent,Flight Discount
u_100461,19,2,6,1,554.06,243.46,2.4,female,False,True,GB,ORD,873,19,797.52,971.75,Frequent,Other
u_100462,1,6,5,1,283.22,201.99,2.3,female,True,False,DE,DFW,335,1,485.21,384.52,Engaged,Other
u_100463,33,0,3,3,0.0,217.74,5.8,male,False,True,US,SEA,230,33,217.74,284.77,Frequent,Other
u_100464,9,5,2,1,611.06,81.76,3.9,male,True,True,AU,ORD,654,9,692.82,732.28,Engaged,Loyalty Perk
u_100465,26,2,6,2,593.98,296.37,1.0,female,True,False,DE,LAX,174,26,890.35,289.03,Frequent,Flight Discount
u_100466,45,8,4,1,725.91,78.34,6.3,female,True,False,AU,DFW,142,45,804.25,267.42,Frequent,Family Perk
u_100467,30,0,2,2,0.0,111.34,4.4,female,True,True,AU,SFO,167,30,111.34,208.13,Frequent,Loyalty Perk
u_100468,8,7,5,1,697.6,316.31,2.9,male,True,False,US,BOS,577,8,1013.91,686.39,Engaged,Loyalty Perk
u_100469,23,7,3,0,465.53,236.17,6.0,female,False,True,US,SFO,628,23,701.7,721.17,Frequent,Loyalty Perk
u_100470,6,6,1,2,865.77,76.93,2.0,female,True,True,DE,JFK,259,6,942.7,359.27,Engaged,Loyalty Perk
u_100471,19,6,5,1,468.6,197.05,5.4,female,True,True,FR,LGA,73,19,665.65,158.56,Frequent,Loyalty Perk
u_100472,27,5,5,2,478.64,283.05,4.2,male,True,True,FR,SFO,1153,27,761.69,1256.17,Frequent,Hotel Discount
u_100473,15,7,2,2,711.19,66.56,3.1,female,True,False,US,DFW,963,15,777.75,1055.78,Frequent,Family Perk
u_100474,11,3,0,0,894.89,0.0,0.0,male,False,True,US,LAX,289,11,894.89,389.49,Frequent,Other
u_100475,43,5,2,1,385.79,238.95,2.0,female,True,True,FR,LGA,647,43,624.74,752.47,Frequent,Family Perk
u_100476,21,2,0,2,610.74,0.0,0.0,male,False,False,US,SEA,635,21,610.74,717.07,Frequent,Flight Discount
u_100477,31,0,1,0,0.0,157.83,3.4,female,True,False,GB,JFK,481,31,157.83,527.78,Frequent,Loyalty Perk
u_100478,34,3,6,2,240.49,79.26,6.1,male,False,True,US,ATL,208,34,319.75,273.98,Frequent,Family Perk
u_100479,39,8,0,2,406.0,0.0,0.0,female,True,False,GB,ATL,905,39,406.0,984.6,Frequent,Other
u_100480,20,7,6,0,256.87,360.73,5.4,female,True,False,GB,SFO,881,20,617.6,962.76,Frequent,Family Perk
u_100481,38,1,1,1,328.65,395.93,4.2,female,True,False,AU,LAX,716,38,724.58,826.46,Frequent,New User Perk
u_100482,27,2,4,3,662.4,314.34,1.8,female,True,True,AU,DFW,410,27,976.74,534.67,Frequent,Flight Discount
u_100483,20,7,4,3,264.11,326.93,1.9,female,False,True,CA,ATL,644,20,591.04,723.1,Frequent,Other
u_100484,32,3,0,0,707.07,0.0,0.0,female,True,False,AU,LAX,1039,32,707.07,1141.71,Frequent,Other
u_100485,41,7,5,0,386.03,306.54,1.1,male,False,False,AU,DFW,561,41,692.57,671.26,Frequent,Other
u_100486,23,2,0,2,376.15,0.0,0.0,male,True,False,DE,LAX,759,23,376.15,819.61,Frequent,Flight Discount
u_100487,39,2,4,2,795.4,339.39,5.1,female,True,True,US,JFK,646,39,1134.79,798.48,Frequent,Flight Discount
u_100488,9,8,2,2,718.62,194.2,6.5,female,True,False,US,LGA,363,9,912.82,463.28,Engaged,Hotel Discount
u_100489,45,8,6,0,422.22,370.61,1.7,male,True,True,FR,ATL,298,45,792.83,422.28,Frequent,Flight Discount
u_100490,29,8,6,2,221.21,156.64,5.5,female,False,False,GB,LAX,272,29,377.85,338.79,Frequent,Other
u_100491,9,1,3,0,143.74,321.14,5.5,male,True,False,US,ORD,117,9,464.88,172.49,Engaged,Hotel Discount
u_100492,3,1,2,0,698.73,323.83,6.5,male,True,False,US,DFW,450,3,1022.56,555.26,Engaged,Hotel Discount
u_100493,10,4,4,2,368.81,349.3,5.7,male,True,False,US,JFK,525,10,718.11,606.81,Frequent,Loyalty Perk
u_100494,13,4,1,0,878.34,84.54,2.3,male,True,True,FR,ORD,1062,13,962.88,1171.29,Frequent,Loyalty Perk
u_100495,12,5,3,3,255.7,129.64,1.7,female,False,True,DE,JFK,673,12,385.34,723.53,Frequent,Other
u_100496,36,0,0,2,0.0,0.0,0.0,male,True,False,GB,DFW,1041,36,0.0,1077.0,Frequent,Flight Discount
u_100497,36,6,2,3,234.8,74.36,6.0,female,False,False,DE,ORD,1004,36,309.16,1070.92,Frequent,Flight Discount
u_100498,26,7,4,0,177.76,188.18,5.2,female,True,True,DE,JFK,238,26,365.94,300.59,Frequent,Other
u_100499,13,6,0,1,767.25,0.0,0.0,male,True,False,US,SFO,1052,13,767.25,1141.72,Frequent,New User Perk
u_100500,26,7,4,2,200.85,209.12,1.7,female,False,False,DE,ATL,1032,26,409.97,1099.0,Frequent,Hotel Discount
u_100501,32,0,1,3,0.0,261.6,3.0,male,True,True,US,JFK,650,32,261.6,708.16,Frequent,Loyalty Perk
u_100502,19,7,3,2,524.8,333.32,4.2,male,True,False,DE,ORD,66,19,858.12,170.81,Frequent,Loyalty Perk
u_100503,21,6,3,3,109.5,111.9,5.0,male,False,True,AU,SEA,650,21,221.4,693.14,Frequent,Other
u_100504,25,7,6,0,546.46,221.69,4.3,male,False,False,US,DFW,1134,25,768.15,1235.81,Frequent,Other
u_100505,32,6,4,2,708.51,149.55,1.4,female,True,True,AU,DFW,122,32,858.06,239.81,Frequent,Loyalty Perk
u_100506,7,6,2,2,417.78,69.76,2.5,female,False,True,GB,MIA,510,7,487.54,565.75,Engaged,Flight Discount
u_100507,11,0,4,2,0.0,63.08,4.9,male,True,False,US,SFO,895,11,63.08,912.31,Frequent,Loyalty Perk
u_100508,2,5,3,3,344.39,84.2,3.9,female,False,True,DE,ATL,451,2,428.59,495.86,Engaged,Loyalty Perk
u_100509,13,7,5,0,769.11,237.54,2.7,female,True,False,GB,MIA,127,13,1006.65,240.66,Frequent,Family Perk
u_100510,22,4,0,3,430.23,0.0,0.0,female,True,True,US,ATL,741,22,430.23,806.02,Frequent,Hotel Discount
u_100511,13,6,3,2,592.47,208.63,5.6,female,False,False,FR,SFO,399,13,801.1,492.11,Frequent,New User Perk
u_100512,41,8,6,3,846.4,304.32,1.4,male,False,True,DE,DFW,440,41,1150.72,596.07,Frequent,Other
u_100513,27,5,6,0,599.82,346.09,2.6,male,True,True,CA,MIA,617,27,945.91,738.59,Frequent,Family Perk
u_100514,10,3,0,1,733.58,0.0,0.0,female,True,False,US,JFK,665,10,733.58,748.36,Frequent,Loyalty Perk
u_100515,18,2,0,2,727.53,0.0,0.0,female,False,True,US,LAX,598,18,727.53,688.75,Frequent,Loyalty Perk
u_100516,6,5,4,2,791.08,365.2,3.4,male,True,False,US,LGA,774,6,1156.28,895.63,Engaged,Loyalty Perk
u_100517,37,8,0,2,487.09,0.0,0.0,male,False,True,US,JFK,214,37,487.09,299.71,Frequent,Loyalty Perk
u_100518,28,3,1,0,223.63,389.47,3.6,male,False,False,AU,ORD,550,28,613.1,639.31,Frequent,Hotel Discount
u_100519,35,6,3,1,869.92,357.8,6.6,male,False,False,US,SFO,773,35,1227.72,930.77,Frequent,Other
u_100520,45,3,2,3,333.6,385.47,3.2,female,False,True,US,LGA,279,45,719.07,395.91,Frequent,Loyalty Perk
u_100521,17,4,0,1,323.89,0.0,0.0,male,False,False,US,MIA,358,17,323.89,407.39,Frequent,Loyalty Perk
u_100522,32,7,5,3,839.73,166.45,3.5,female,False,True,CA,JFK,235,32,1006.18,367.62,Frequent,Other
u_100523,36,5,3,0,704.82,274.48,2.1,female,True,False,AU,ATL,938,36,979.3,1071.93,Frequent,Other
u_100524,21,1,0,1,284.67,0.0,0.0,male,True,False,US,DFW,296,21,284.67,345.47,Frequent,New User Perk
u_100525,17,2,5,2,735.61,119.53,3.5,female,False,False,DE,LAX,402,17,855.14,504.51,Frequent,Other
u_100526,42,3,0,3,242.58,0.0,0.0,female,True,True,US,BOS,375,42,242.58,441.26,Frequent,Family Perk
u_100527,11,1,0,3,714.15,0.0,0.0,female,False,True,US,SFO,959,11,714.15,1041.41,Frequent,Flight Discount
u_100528,18,4,5,3,393.3,200.96,2.2,female,True,True,US,ORD,471,18,594.26,548.43,Frequent,Other
u_100529,10,0,2,2,0.0,132.42,3.7,female,True,False,US,MIA,538,10,132.42,561.24,Frequent,Other
u_100530,21,6,5,1,664.94,297.96,5.4,female,True,True,DE,LAX,554,21,962.9,671.29,Frequent,Family Perk
u_100531,23,0,0,2,0.0,0.0,0.0,male,True,False,US,SEA,1063,23,0.0,1086.0,Frequent,Flight Discount
u_100532,3,2,2,1,493.07,375.61,6.3,female,False,False,US,BOS,300,3,868.68,389.87,Engaged,Loyalty Perk
u_100533,3,2,3,2,693.22,374.18,2.7,female,True,False,US,SFO,569,3,1067.4,678.74,Engaged,Flight Discount
u_100534,32,2,4,3,123.64,102.02,2.4,female,False,False,US,SFO,103,32,225.66,157.57,Frequent,Loyalty Perk
u_100535,3,7,2,3,455.36,89.37,5.3,male,False,False,US,SEA,333,3,544.73,390.47,Engaged,Loyalty Perk
u_100536,33,4,4,1,558.51,390.07,4.2,male,True,False,US,LAX,1198,33,948.58,1325.86,Frequent,Flight Discount
u_100537,2,4,5,0,403.22,256.62,6.7,male,True,False,US,SFO,692,2,659.84,759.98,Engaged,Hotel Discount
u_100538,39,0,2,0,0.0,279.66,6.7,male,False,False,DE,DFW,695,39,279.66,761.97,Frequent,Flight Discount
u_100539,4,1,4,3,155.89,139.31,2.4,male,True,True,CA,SFO,846,4,295.2,879.52,Engaged,Other
u_100540,42,2,0,2,482.49,0.0,0.0,male,True,False,AU,DFW,915,42,482.49,1005.25,Frequent,Flight Discount
u_100541,33,3,3,3,806.04,216.75,4.4,female,True,False,US,SFO,896,33,1022.79,1031.28,Frequent,New User Perk
u_100542,6,0,4,2,0.0,390.65,5.1,female,False,True,AU,MIA,347,6,390.65,392.06,Engaged,Flight Discount
u_100543,31,4,1,1,641.14,155.14,2.5,male,False,False,AU,JFK,905,31,796.28,1015.63,Frequent,Other
u_100544,33,6,3,0,461.02,302.11,5.9,male,True,True,FR,JFK,757,33,763.13,866.31,Frequent,Hotel Discount
u_100545,12,6,0,0,421.33,0.0,0.0,male,True,True,DE,LAX,639,12,421.33,693.13,Frequent,Hotel Discount
u_100546,14,2,0,2,794.72,0.0,0.0,female,False,False,GB,LAX,247,14,794.72,340.47,Frequent,Hotel Discount
u_100547,11,7,3,3,792.4,388.03,4.6,male,True,False,US,LGA,1026,11,1180.43,1155.04,Frequent,Family Perk
u_100548,9,0,1,0,0.0,335.59,5.2,female,False,False,US,LAX,415,9,335.59,457.56,Engaged,Hotel Discount
u_100549,41,8,1,0,326.75,212.2,3.8,male,False,True,US,MIA,74,41,538.95,168.9,Frequent,Other
u_100550,29,3,1,2,546.93,341.84,1.3,male,False,False,DE,LGA,46,29,888.77,163.88,Frequent,Flight Discount
u_100551,3,7,3,3,500.95,303.61,6.6,female,False,False,FR,DFW,1029,3,804.56,1112.46,Engaged,Flight Discount
u_100552,5,4,5,3,809.1,90.93,4.7,male,True,False,GB,BOS,740,5,900.03,835.0,Engaged,Hotel Discount
u_100553,31,5,3,1,496.26,255.68,5.1,female,True,True,CA,ORD,989,31,751.94,1095.19,Frequent,Family Perk
u_100554,11,3,2,0,626.99,95.18,2.2,female,False,False,GB,SEA,1037,11,722.17,1120.22,Frequent,Flight Discount
u_100555,36,0,0,2,0.0,0.0,0.0,female,False,False,US,ORD,564,36,0.0,600.0,Frequent,Flight Discount
u_100556,28,1,4,1,178.96,128.43,2.5,male,True,True,US,SFO,726,28,307.39,784.74,Frequent,Family Perk
u_100557,43,1,5,0,839.84,203.24,3.7,male,False,True,FR,ATL,257,43,1043.08,404.31,Frequent,New User Perk
u_100558,14,5,1,2,660.69,316.69,4.0,male,True,True,US,JFK,233,14,977.38,344.74,Frequent,Other
u_100559,29,6,6,0,281.16,333.2,3.0,female,False,True,US,ORD,1064,29,614.36,1154.44,Frequent,Flight Discount
u_100560,10,8,3,1,193.16,200.09,6.5,female,False,False,GB,ORD,969,10,393.25,1018.33,Frequent,Flight Discount
u_100561,34,1,0,2,338.14,0.0,0.0,female,True,False,US,LGA,366,34,338.14,433.81,Frequent,Other
u_100562,19,6,3,2,671.67,159.79,3.1,female,True,True,US,BOS,602,19,831.46,704.15,Frequent,Family Perk
u_100563,40,7,5,2,807.89,323.55,3.4,male,False,False,US,BOS,434,40,1131.44,587.14,Frequent,Other
u_100564,34,8,2,1,156.11,243.13,4.1,male,True,False,AU,LAX,357,34,399.24,430.92,Frequent,Other
u_100565,8,0,6,2,0.0,140.91,4.0,female,True,False,AU,BOS,283,8,140.91,305.09,Engaged,Flight Discount
u_100566,22,3,6,1,367.28,149.59,5.7,male,False,False,US,SEA,316,22,516.87,389.69,Frequent,Flight Discount
u_100567,13,5,3,0,200.17,198.99,3.5,male,True,False,FR,ATL,218,13,399.16,270.92,Frequent,Loyalty Perk
u_100568,24,8,3,3,795.05,254.51,4.8,male,False,True,DE,JFK,931,24,1049.56,1059.96,Frequent,Flight Discount
u_100569,9,7,5,3,186.1,296.58,6.2,female,False,True,US,BOS,271,9,482.68,328.27,Engaged,Loyalty Perk
u_100570,24,1,4,3,170.48,179.36,2.7,female,False,True,US,BOS,1100,24,349.84,1158.98,Frequent,Loyalty Perk
u_100571,32,0,6,1,0.0,99.75,4.5,female,False,False,CA,DFW,129,32,99.75,170.97,Frequent,Flight Discount
u_100572,1,1,4,2,135.4,65.64,3.9,female,False,True,US,SEA,664,1,201.04,685.1,Engaged,Other
u_100573,33,7,6,3,627.12,102.14,5.4,female,False,False,US,LAX,212,33,729.26,317.93,Frequent,Loyalty Perk
u_100574,35,0,5,3,0.0,307.57,4.9,female,False,True,AU,SFO,369,35,307.57,434.76,Frequent,New User Perk
u_100575,35,0,4,1,0.0,312.7,4.0,female,True,True,US,ATL,68,35,312.7,134.27,Frequent,Loyalty Perk
u_100576,38,7,0,2,409.47,0.0,0.0,male,True,False,US,ORD,122,38,409.47,200.95,Frequent,Flight Discount
u_100577,2,8,2,3,290.89,90.13,1.6,male,False,False,US,MIA,374,2,381.02,414.1,Engaged,Loyalty Perk
u_100578,27,2,0,2,228.8,0.0,0.0,male,False,True,US,DFW,149,27,228.8,198.88,Frequent,Hotel Discount
u_100579,17,6,6,0,122.54,133.87,4.6,male,False,True,AU,SFO,514,17,256.41,556.64,Frequent,Hotel Discount
u_100580,30,8,3,0,477.02,192.62,2.4,female,True,False,US,SFO,68,30,669.64,164.96,Frequent,Loyalty Perk
u_100581,27,7,0,1,721.96,0.0,0.0,male,True,True,CA,ATL,321,27,721.96,420.2,Frequent,Hotel Discount
u_100582,3,0,6,3,0.0,386.39,4.7,male,True,False,FR,SEA,372,3,386.39,413.64,Engaged,Family Perk
u_100583,41,3,4,2,117.3,308.71,4.4,female,False,False,AU,SFO,645,41,426.01,728.6,Frequent,Flight Discount
u_100584,40,8,6,2,804.82,380.89,4.8,male,True,False,AU,ORD,957,40,1185.71,1115.57,Frequent,Flight Discount
u_100585,22,0,5,1,0.0,276.26,1.0,female,False,True,DE,ATL,1005,22,276.26,1054.63,Frequent,Hotel Discount
u_100586,26,8,0,0,521.69,0.0,0.0,male,True,False,FR,SEA,941,26,521.69,1019.17,Frequent,Flight Discount
u_100587,45,0,0,3,0.0,0.0,0.0,female,False,False,AU,LAX,788,45,0.0,833.0,Frequent,Loyalty Perk
u_100588,44,5,1,0,749.35,268.83,5.9,female,True,True,US,DFW,482,44,1018.18,627.82,Frequent,Other
u_100589,39,3,0,1,887.1,0.0,0.0,female,False,True,CA,SEA,841,39,887.1,968.71,Frequent,Hotel Discount
u_100590,43,2,0,1,691.7,0.0,0.0,female,False,True,FR,ORD,290,43,691.7,402.17,Frequent,Flight Discount
u_100591,40,4,5,3,81.6,199.49,5.0,male,False,True,US,BOS,136,40,281.09,204.11,Frequent,Hotel Discount
u_100592,44,8,3,3,376.41,315.66,6.3,female,False,False,CA,JFK,489,44,692.07,602.21,Frequent,Other
u_100593,13,5,0,0,892.02,0.0,0.0,female,False,False,US,MIA,492,13,892.02,594.2,Frequent,Flight Discount
u_100594,22,4,0,0,102.86,0.0,0.0,female,True,True,US,LAX,914,22,102.86,946.29,Frequent,Other
u_100595,16,5,6,0,753.74,231.89,2.4,female,False,True,US,SEA,179,16,985.63,293.56,Frequent,New User Perk
u_100596,4,0,3,2,0.0,361.53,5.2,female,True,False,US,JFK,291,4,361.53,331.15,Engaged,New User Perk
u_100597,7,0,4,0,0.0,153.22,3.3,female,True,False,AU,JFK,226,7,153.22,248.32,Engaged,Flight Discount
u_100598,30,6,4,0,358.49,378.15,5.7,female,True,True,DE,MIA,959,30,736.64,1062.66,Frequent,Loyalty Perk
u_100599,5,3,4,1,602.64,139.7,3.5,male,True,True,US,ATL,940,5,742.34,1019.23,Engaged,Loyalty Perk
u_100600,38,6,4,2,335.17,359.83,5.7,male,True,True,US,DFW,331,38,695.0,438.5,Frequent,Hotel Discount
u_100601,38,2,0,1,495.83,0.0,0.0,female,False,False,US,BOS,1175,38,495.83,1262.58,Frequent,Loyalty Perk
u_100602,5,5,1,3,649.72,393.67,4.6,female,False,True,US,ORD,708,5,1043.39,817.34,Engaged,Other
u_100603,7,7,6,0,486.66,371.98,4.8,female,False,False,GB,LAX,501,7,858.64,593.86,Engaged,Other
u_100604,14,6,1,0,377.51,75.81,1.2,male,True,False,GB,MIA,265,14,453.32,324.33,Frequent,Loyalty Perk
u_100605,13,3,2,1,259.53,141.7,2.0,female,True,False,US,LGA,1165,13,401.23,1218.12,Frequent,Flight Discount
u_100606,2,2,3,0,357.47,123.58,3.7,male,True,True,CA,JFK,787,2,481.05,837.11,Engaged,Hotel Discount
u_100607,9,3,1,3,649.37,161.28,3.6,male,False,True,US,LAX,530,9,810.65,620.06,Engaged,New User Perk
u_100608,4,4,6,1,778.23,388.93,6.3,male,False,True,GB,ORD,458,4,1167.16,578.72,Engaged,Other
u_100609,42,8,2,3,505.49,112.65,5.3,female,True,True,FR,MIA,1106,42,618.14,1209.81,Frequent,Loyalty Perk
u_100610,42,0,1,1,0.0,363.21,3.7,female,False,False,AU,ATL,510,42,363.21,588.32,Frequent,Loyalty Perk
u_100611,17,8,0,1,696.33,0.0,0.0,female,False,False,US,SFO,634,17,696.33,720.63,Frequent,Family Perk
u_100612,40,5,3,3,463.39,193.13,5.8,female,True,True,DE,BOS,679,40,656.52,784.65,Frequent,Family Perk
u_100613,42,1,2,0,321.5,225.62,4.3,male,True,False,US,DFW,190,42,547.12,286.71,Frequent,Hotel Discount
u_100614,3,8,1,2,241.25,165.23,2.8,male,True,True,US,SFO,592,3,406.48,635.65,Engaged,New User Perk
u_100615,23,6,3,0,467.04,229.43,5.6,male,False,True,CA,DFW,335,23,696.47,427.65,Frequent,Hotel Discount
u_100616,34,8,6,3,672.46,211.49,5.8,male,True,True,DE,ORD,671,34,883.95,793.4,Frequent,Other
u_100617,36,0,2,1,0.0,252.13,1.8,female,False,True,DE,SEA,49,36,252.13,110.21,Frequent,Other
u_100618,44,6,6,2,347.39,58.13,5.7,female,False,True,AU,MIA,314,44,405.52,398.55,Frequent,Loyalty Perk
u_100619,5,8,3,1,469.32,165.09,6.8,female,False,False,US,MIA,653,5,634.41,721.44,Engaged,Flight Discount
u_100620,12,3,0,3,312.73,0.0,0.0,male,True,True,DE,LGA,507,12,312.73,550.27,Frequent,Flight Discount
u_100621,1,2,2,3,400.71,396.36,1.8,male,False,True,GB,BOS,886,1,797.07,966.71,Engaged,Hotel Discount
u_100622,20,6,6,3,210.2,251.28,2.9,male,False,True,US,ORD,445,20,461.48,511.15,Frequent,Loyalty Perk
u_100623,29,1,6,3,575.98,136.39,3.0,female,False,True,US,LAX,1195,29,712.37,1295.24,Frequent,Loyalty Perk
u_100624,42,7,2,2,400.69,338.2,6.1,female,False,True,US,DFW,880,42,738.89,995.89,Frequent,Other
u_100625,7,6,5,0,276.55,354.69,2.6,female,False,False,US,ATL,1131,7,631.24,1201.12,Engaged,Hotel Discount
u_100626,8,5,0,0,493.6,0.0,0.0,male,True,False,AU,BOS,697,8,493.6,754.36,Engaged,Hotel Discount
u_100627,30,0,0,3,0.0,0.0,0.0,male,False,True,FR,LGA,810,30,0.0,840.0,Frequent,Family Perk
u_100628,17,1,5,1,348.23,312.04,3.9,female,True,False,US,LGA,169,17,660.27,252.03,Frequent,Family Perk
u_100629,11,2,6,0,577.73,112.03,1.7,male,False,True,DE,DFW,830,11,689.76,909.98,Frequent,Flight Discount
u_100630,12,3,5,0,812.0,236.3,3.7,male,False,True,DE,SFO,127,12,1048.3,243.83,Frequent,Flight Discount
u_100631,39,0,0,3,0.0,0.0,0.0,male,False,False,DE,LGA,443,39,0.0,482.0,Frequent,Other
u_100632,27,0,0,2,0.0,0.0,0.0,female,True,True,US,LGA,423,27,0.0,450.0,Frequent,Other
u_100633,3,6,4,0,748.81,162.94,4.8,male,True,True,US,LAX,454,3,911.75,548.17,Engaged,Loyalty Perk
u_100634,7,5,2,1,92.3,278.9,1.1,female,False,True,US,ORD,465,7,371.2,509.12,Engaged,Other
u_100635,14,6,2,3,886.14,85.63,4.2,male,False,False,US,JFK,1195,14,971.77,1306.18,Frequent,Loyalty Perk
u_100636,12,5,6,3,135.36,56.18,6.5,male,False,False,US,SFO,949,12,191.54,980.15,Frequent,Flight Discount
u_100637,8,4,1,3,700.94,266.92,1.4,male,True,True,US,ATL,797,8,967.86,901.79,Engaged,Family Perk
u_100638,16,7,5,2,190.1,161.14,5.7,male,True,False,US,LGA,111,16,351.24,162.12,Frequent,Loyalty Perk
u_100639,22,3,1,0,823.44,282.75,2.5,female,False,True,US,SFO,485,22,1106.19,617.62,Frequent,Loyalty Perk
u_100640,5,7,0,1,122.73,0.0,0.0,female,False,True,DE,LGA,319,5,122.73,336.27,Engaged,Loyalty Perk
u_100641,16,8,0,3,674.49,0.0,0.0,male,True,True,FR,ORD,667,16,674.49,750.45,Frequent,Other
u_100642,16,4,2,3,873.54,120.49,6.2,male,True,False,US,ATL,1015,16,994.03,1130.4,Frequent,Flight Discount
u_100643,29,6,4,3,703.47,336.86,5.8,female,False,False,US,SEA,70,29,1040.33,203.03,Frequent,Flight Discount
u_100644,36,2,2,3,460.19,208.76,3.3,female,True,False,FR,LAX,1014,36,668.95,1116.9,Frequent,New User Perk
u_100645,1,0,6,2,0.0,222.01,6.6,male,False,True,US,ORD,838,1,222.01,861.2,Engaged,Flight Discount
u_100646,5,6,0,0,395.56,0.0,0.0,female,False,False,CA,ATL,1188,5,395.56,1232.56,Engaged,Other
u_100647,41,5,5,0,613.74,374.28,5.4,female,False,False,FR,SEA,526,41,988.02,665.8,Frequent,Flight Discount
u_100648,30,2,2,1,573.76,383.12,6.0,female,True,True,CA,ATL,55,30,956.88,180.69,Frequent,Loyalty Perk
u_100649,13,6,1,3,287.35,155.78,6.8,male,False,False,US,BOS,813,13,443.13,870.31,Frequent,Flight Discount
u_100650,18,3,5,3,653.19,52.25,2.0,female,True,True,GB,LAX,1037,18,705.44,1125.54,Frequent,Loyalty Perk
u_100651,11,2,2,1,657.32,119.31,2.1,male,False,False,CA,MIA,255,11,776.63,343.66,Frequent,Flight Discount
u_100652,13,4,6,3,441.4,369.54,1.7,male,True,True,US,LAX,370,13,810.94,464.09,Frequent,Loyalty Perk
u_100653,22,0,4,1,0.0,217.26,5.0,male,False,True,CA,JFK,236,22,217.26,279.73,Frequent,Flight Discount
u_100654,34,0,3,2,0.0,376.24,3.8,female,True,True,US,ORD,720,34,376.24,791.62,Frequent,Flight Discount
u_100655,24,6,3,0,879.75,355.58,5.8,female,False,False,GB,ORD,36,24,1235.33,183.53,Frequent,Loyalty Perk
u_100656,18,3,2,3,587.05,280.61,3.9,female,True,True,US,BOS,876,18,867.66,980.77,Frequent,Loyalty Perk
u_100657,21,7,1,3,408.14,264.41,1.5,male,False,True,GB,LGA,906,21,672.55,994.25,Frequent,Loyalty Perk
u_100658,13,2,6,0,184.85,328.89,2.8,female,True,False,CA,ATL,1153,13,513.74,1217.37,Frequent,Other
u_100659,43,8,1,1,253.55,313.64,5.0,female,True,False,US,SEA,213,43,567.19,312.72,Frequent,Other
u_100660,15,4,5,3,860.23,284.71,5.0,male,True,False,AU,DFW,1124,15,1144.94,1253.49,Frequent,Flight Discount
u_100661,39,1,5,2,389.15,301.1,5.4,female,True,False,US,ATL,811,39,690.25,919.03,Frequent,Loyalty Perk
u_100662,19,1,0,0,359.0,0.0,0.0,female,True,True,CA,JFK,415,19,359.0,469.9,Frequent,Loyalty Perk
u_100663,37,0,2,0,0.0,256.52,2.1,male,False,True,GB,MIA,824,37,256.52,886.65,Frequent,New User Perk
u_100664,38,3,0,3,87.53,0.0,0.0,female,False,True,FR,ATL,973,38,87.53,1019.75,Frequent,Other
u_100665,39,4,1,0,571.08,158.11,6.9,female,True,False,DE,LAX,282,39,729.19,393.92,Frequent,Hotel Discount
u_100666,4,5,1,1,775.42,377.05,2.4,female,True,False,CA,MIA,137,4,1152.47,256.25,Engaged,Hotel Discount
u_100667,2,8,3,2,426.4,215.7,3.1,male,False,False,CA,LAX,831,2,642.1,897.21,Engaged,Other
u_100668,7,2,2,0,776.84,298.36,3.7,female,False,True,FR,MIA,365,7,1075.2,479.52,Engaged,Family Perk
u_100669,14,3,5,0,377.03,349.65,1.6,female,False,False,US,ORD,332,14,726.68,418.67,Frequent,Loyalty Perk
u_100670,31,2,0,0,883.83,0.0,0.0,female,True,True,US,SFO,723,31,883.83,842.38,Frequent,Family Perk
u_100671,16,6,3,2,644.15,384.09,4.9,male,False,True,US,JFK,798,16,1028.24,916.82,Frequent,Loyalty Perk
u_100672,24,0,0,0,0.0,0.0,0.0,male,False,False,CA,SEA,199,24,0.0,223.0,Frequent,New User Perk
u_100673,38,2,3,3,899.96,295.96,2.8,male,True,False,CA,JFK,286,38,1195.92,443.59,Frequent,Flight Discount
u_100674,36,8,6,3,132.42,343.0,4.2,male,True,False,US,MIA,284,36,475.42,367.54,Frequent,Flight Discount
u_100675,36,7,6,2,180.9,95.09,2.2,male,True,True,US,LGA,360,36,275.99,423.6,Frequent,New User Perk
u_100676,20,5,4,1,426.9,380.83,1.0,female,True,True,US,BOS,645,20,807.73,745.77,Frequent,Flight Discount
u_100677,34,5,4,1,644.1,281.92,1.3,female,False,True,DE,SFO,105,34,926.02,231.6,Frequent,Flight Discount
u_100678,38,5,2,1,677.87,197.71,4.3,female,True,True,FR,ORD,563,38,875.58,688.56,Frequent,Hotel Discount
u_100679,44,6,5,1,519.44,74.7,5.4,male,False,False,US,DFW,424,44,594.14,527.41,Frequent,Family Perk
u_100680,25,0,4,1,0.0,77.13,1.7,male,False,True,GB,MIA,255,25,77.13,287.71,Frequent,Loyalty Perk
u_100681,22,4,1,1,304.39,84.28,6.9,female,True,False,US,SFO,485,22,388.67,545.87,Frequent,Loyalty Perk
u_100682,38,7,0,2,654.37,0.0,0.0,male,True,True,FR,DFW,607,38,654.37,710.44,Frequent,Family Perk
u_100683,12,5,6,3,471.03,94.65,1.1,male,True,True,GB,MIA,1081,12,565.68,1149.57,Frequent,Loyalty Perk
u_100684,41,5,5,1,636.14,196.39,3.7,male,True,False,CA,LGA,928,41,832.53,1052.25,Frequent,Loyalty Perk
u_100685,15,4,5,0,856.91,192.28,2.9,female,False,False,AU,BOS,214,15,1049.19,333.92,Frequent,Other
u_100686,4,1,5,2,534.41,222.5,6.2,male,True,True,US,ATL,898,4,756.91,977.69,Engaged,Loyalty Perk
u_100687,45,1,3,0,585.36,368.81,5.5,male,False,False,FR,BOS,900,45,954.17,1040.42,Frequent,Loyalty Perk
u_100688,44,8,1,1,141.6,343.79,4.1,female,True,True,DE,LAX,134,44,485.39,226.54,Frequent,Loyalty Perk
u_100689,44,3,6,0,317.85,219.09,2.6,female,True,False,US,SFO,34,44,536.94,131.69,Frequent,Family Perk
u_100690,30,7,0,2,84.83,0.0,0.0,female,True,False,FR,LGA,972,30,84.83,1010.48,Frequent,New User Perk
u_100691,26,5,0,0,433.26,0.0,0.0,female,True,True,GB,LAX,434,26,433.26,503.33,Frequent,Hotel Discount
u_100692,10,4,1,3,404.19,154.75,3.6,male,False,True,DE,LGA,403,10,558.94,468.89,Frequent,Flight Discount
u_100693,9,5,5,3,84.76,359.25,5.3,female,True,False,DE,LAX,256,9,444.01,309.4,Engaged,Loyalty Perk
u_100694,3,2,5,1,857.67,385.89,6.9,male,True,False,AU,SFO,273,3,1243.56,400.36,Engaged,Hotel Discount
u_100695,25,2,0,0,730.02,0.0,0.0,female,True,False,AU,BOS,288,25,730.02,386.0,Frequent,Family Perk
u_100696,39,0,3,3,0.0,151.31,3.9,male,True,True,GB,MIA,908,39,151.31,962.13,Frequent,Flight Discount
u_100697,17,3,5,3,242.7,297.26,5.9,male,True,True,CA,JFK,1058,17,539.96,1129.0,Frequent,Hotel Discount
u_100698,26,0,2,1,0.0,375.18,3.6,male,True,True,US,LAX,438,26,375.18,501.52,Frequent,Loyalty Perk
u_100699,45,3,1,2,429.38,71.47,3.6,male,False,False,FR,DFW,135,45,500.85,230.09,Frequent,Flight Discount
u_100700,16,5,0,1,113.53,0.0,0.0,female,False,False,GB,MIA,136,16,113.53,163.35,Frequent,Hotel Discount
u_100701,39,1,3,1,286.86,221.95,3.0,female,True,False,DE,DFW,258,39,508.81,347.88,Frequent,Loyalty Perk
u_100702,38,8,4,2,275.37,146.58,4.5,male,True,False,GB,SFO,208,38,421.95,288.2,Frequent,Flight Discount
u_100703,29,1,0,2,327.21,0.0,0.0,male,True,True,US,ORD,1001,29,327.21,1062.72,Frequent,Other
u_100704,27,8,5,2,811.1,315.77,6.1,male,True,True,US,ORD,1177,27,1126.87,1316.69,Frequent,Other
u_100705,31,6,4,0,216.89,145.95,6.8,female,False,True,AU,JFK,623,31,362.84,690.28,Frequent,Other
u_100706,33,1,1,3,695.6,184.45,5.7,male,True,False,DE,BOS,850,33,880.05,971.0,Frequent,Flight Discount
u_100707,14,0,6,3,0.0,226.34,5.3,male,True,True,US,ATL,560,14,226.34,596.63,Frequent,Loyalty Perk
u_100708,11,3,0,1,319.31,0.0,0.0,male,False,False,FR,JFK,333,11,319.31,375.93,Frequent,Hotel Discount
u_100709,14,8,0,0,611.89,0.0,0.0,female,True,False,US,ORD,785,14,611.89,860.19,Frequent,Other
u_100710,4,0,6,2,0.0,126.75,6.8,female,True,False,CA,SFO,391,4,126.75,407.68,Engaged,Hotel Discount
u_100711,36,3,6,3,260.92,144.08,4.5,male,True,False,CA,ATL,839,36,405.0,915.5,Frequent,Hotel Discount
u_100712,6,7,1,3,231.72,351.82,2.1,male,False,False,US,SEA,1034,6,583.54,1098.35,Engaged,Flight Discount
u_100713,12,6,5,1,136.95,75.22,2.5,male,False,True,CA,LAX,854,12,212.17,887.22,Frequent,Other
u_100714,2,1,6,0,706.03,275.57,1.3,male,True,True,AU,MIA,538,2,981.6,638.16,Engaged,Flight Discount
u_100715,35,5,6,0,245.9,218.15,4.4,female,True,True,US,JFK,939,35,464.05,1020.41,Frequent,New User Perk
u_100716,4,8,5,2,594.54,93.08,5.9,female,False,False,US,ORD,240,4,687.62,312.76,Engaged,Other
u_100717,2,3,3,3,200.85,279.38,2.4,male,False,True,US,ORD,817,2,480.23,867.02,Engaged,Loyalty Perk
u_100718,7,4,2,0,584.87,91.42,6.5,male,False,True,US,ORD,203,7,676.29,277.63,Engaged,Loyalty Perk
u_100719,39,2,5,3,203.18,283.55,2.8,male,True,False,FR,SFO,617,39,486.73,704.67,Frequent,Other
u_100720,5,0,6,1,0.0,322.22,1.9,male,False,False,GB,DFW,332,5,322.22,369.22,Engaged,Family Perk
u_100721,10,1,2,1,229.14,184.76,2.9,female,True,True,AU,DFW,898,10,413.9,949.39,Frequent,Family Perk
u_100722,27,8,3,3,516.63,337.49,3.3,female,False,True,US,MIA,893,27,854.12,1005.41,Frequent,Loyalty Perk
u_100723,14,0,2,3,0.0,385.17,6.5,male,True,True,GB,LGA,152,14,385.17,204.52,Frequent,Loyalty Perk
u_100724,36,6,1,1,758.81,69.55,1.8,female,True,False,DE,LAX,323,36,828.36,441.84,Frequent,Other
u_100725,43,1,3,1,104.75,177.84,1.5,male,False,False,US,JFK,187,43,282.59,258.26,Frequent,Family Perk
u_100726,34,4,3,3,672.5,205.39,4.9,female,True,True,DE,LAX,57,34,877.89,178.79,Frequent,Flight Discount
u_100727,11,0,3,3,0.0,287.97,6.3,male,True,True,US,BOS,1164,11,287.97,1203.8,Frequent,Hotel Discount
u_100728,18,1,4,3,881.9,93.8,2.3,female,False,True,AU,LAX,144,18,975.7,259.57,Frequent,Loyalty Perk
u_100729,42,6,6,3,215.16,331.17,4.9,male,True,False,DE,SFO,428,42,546.33,524.63,Frequent,Hotel Discount
u_100730,16,4,1,0,133.56,258.99,5.5,male,True,False,GB,LGA,663,16,392.55,718.26,Frequent,Hotel Discount
u_100731,37,0,4,3,0.0,65.99,2.9,male,True,True,CA,JFK,662,37,65.99,705.6,Frequent,Hotel Discount
u_100732,21,6,5,2,878.56,295.93,1.6,female,False,False,FR,ORD,864,21,1174.49,1002.45,Frequent,Flight Discount
u_100733,38,0,2,1,0.0,103.04,3.8,male,True,True,AU,SEA,221,38,103.04,269.3,Frequent,Other
u_100734,34,8,6,2,446.93,95.92,2.7,male,True,True,US,BOS,912,34,542.85,1000.29,Frequent,Other
u_100735,37,7,0,0,196.95,0.0,0.0,female,True,True,US,LAX,663,37,196.95,719.7,Frequent,Flight Discount
u_100736,11,4,1,0,309.7,177.16,1.5,male,False,True,DE,SFO,396,11,486.86,455.69,Frequent,Loyalty Perk
u_100737,42,2,0,3,112.47,0.0,0.0,female,False,False,CA,SEA,617,42,112.47,670.25,Frequent,Loyalty Perk
u_100738,21,5,0,3,494.87,0.0,0.0,male,False,False,FR,ATL,568,21,494.87,638.49,Frequent,Family Perk
u_100739,10,1,2,3,209.73,189.75,1.4,male,True,True,FR,LGA,825,10,399.48,874.95,Frequent,Other
u_100740,30,1,0,1,680.06,0.0,0.0,male,False,False,DE,BOS,842,30,680.06,940.01,Frequent,Other
u_100741,22,7,1,3,173.75,209.1,4.3,male,False,False,US,SFO,992,22,382.85,1052.29,Frequent,New User Perk
u_100742,24,6,3,1,124.34,353.81,6.7,male,False,True,AU,LGA,896,24,478.15,967.81,Frequent,Flight Discount
u_100743,26,1,2,3,794.46,233.67,5.0,male,True,True,US,DFW,561,26,1028.13,689.81,Frequent,Hotel Discount
u_100744,11,3,2,3,474.93,237.43,5.7,male,True,False,GB,DFW,924,11,712.36,1006.24,Frequent,Hotel Discount
u_100745,40,2,2,2,91.63,363.78,6.6,female,True,True,US,ATL,1052,40,455.41,1137.54,Frequent,Family Perk
u_100746,29,2,5,3,603.91,252.43,1.2,male,False,False,FR,LGA,414,29,856.34,528.63,Frequent,Other
u_100747,13,0,2,2,0.0,55.67,6.4,male,False,True,GB,ORD,1058,13,55.67,1076.57,Frequent,Family Perk
u_100748,23,5,6,3,509.0,317.78,1.7,male,False,False,AU,MIA,390,23,826.78,495.68,Frequent,Other
u_100749,25,4,6,3,599.97,295.73,6.6,female,True,True,FR,MIA,233,25,895.7,347.57,Frequent,Loyalty Perk
u_100750,32,8,0,3,492.76,0.0,0.0,male,True,True,AU,JFK,96,32,492.76,177.28,Frequent,Other
u_100751,25,1,1,3,859.45,172.71,5.8,female,True,True,DE,BOS,980,25,1032.16,1108.22,Frequent,Loyalty Perk
u_100752,19,4,5,2,332.07,365.94,6.5,female,True,False,US,BOS,524,19,698.01,612.8,Frequent,Family Perk
u_100753,24,8,6,2,354.77,385.71,7.0,female,True,True,US,LAX,525,24,740.48,623.05,Frequent,Flight Discount
u_100754,28,2,5,3,881.43,110.8,6.4,female,True,False,US,ATL,1089,28,992.23,1216.22,Frequent,Loyalty Perk
u_100755,41,6,6,2,766.62,105.67,2.9,male,True,True,FR,JFK,220,41,872.29,348.23,Frequent,Flight Discount
u_100756,35,1,4,3,100.74,306.96,6.9,female,True,True,US,ATL,763,35,407.7,838.77,Frequent,Flight Discount
u_100757,25,4,5,0,305.47,377.24,4.8,male,False,True,FR,ORD,241,25,682.71,334.27,Frequent,Hotel Discount
u_100758,12,1,0,3,772.59,0.0,0.0,male,True,True,CA,DFW,455,12,772.59,544.26,Frequent,Flight Discount
u_100759,41,1,1,3,387.71,159.75,6.4,female,True,False,US,SEA,359,41,547.46,454.75,Frequent,Family Perk
u_100760,23,7,4,0,209.88,309.59,6.6,male,True,True,US,SFO,424,23,519.47,498.95,Frequent,Flight Discount
u_100761,14,0,2,1,0.0,126.92,5.4,male,True,True,GB,JFK,289,14,126.92,315.69,Frequent,Loyalty Perk
u_100762,42,4,3,3,437.57,381.22,6.5,female,True,True,GB,BOS,542,42,818.79,665.88,Frequent,Hotel Discount
u_100763,14,7,3,3,427.46,311.48,5.9,female,False,True,CA,LAX,250,14,738.94,337.89,Frequent,Flight Discount
u_100764,29,2,0,2,561.23,0.0,0.0,female,True,False,GB,JFK,631,29,561.23,716.12,Frequent,Loyalty Perk
u_100765,21,6,6,1,373.35,75.42,4.9,female,False,True,US,LAX,791,21,448.77,856.88,Frequent,Loyalty Perk
u_100766,22,3,3,2,816.97,246.57,3.3,female,True,True,GB,LGA,464,22,1063.54,592.35,Frequent,Flight Discount
u_100767,21,5,1,1,120.72,222.88,1.3,male,False,True,AU,MIA,592,21,343.6,647.36,Frequent,Loyalty Perk
u_100768,25,3,4,0,313.73,275.28,6.1,male,False,True,GB,ATL,39,25,589.01,122.9,Frequent,Family Perk
u_100769,34,0,2,0,0.0,74.31,1.6,female,True,False,US,BOS,880,34,74.31,921.43,Frequent,Other
u_100770,36,5,3,0,402.53,293.76,3.7,female,False,False,AU,JFK,278,36,696.29,383.63,Frequent,Loyalty Perk
u_100771,9,1,2,3,265.6,80.81,5.3,male,True,True,US,LGA,785,9,346.41,828.64,Engaged,Other
u_100772,4,4,0,2,350.05,0.0,0.0,male,True,False,US,JFK,807,4,350.05,846.01,Engaged,Other
u_100773,21,2,6,3,602.26,283.88,4.1,male,True,False,US,LAX,522,21,886.14,631.61,Frequent,Hotel Discount
u_100774,6,4,6,2,663.33,173.55,6.0,female,False,False,DE,ORD,526,6,836.88,615.69,Engaged,Loyalty Perk
u_100775,14,0,5,1,0.0,213.85,3.3,male,True,True,DE,LGA,1028,14,213.85,1063.38,Frequent,Loyalty Perk
u_100776,33,1,1,1,831.69,184.95,3.7,male,False,False,DE,LAX,1081,33,1016.64,1215.66,Frequent,Flight Discount
u_100777,11,4,6,0,200.78,356.67,5.5,female,True,True,CA,MIA,522,11,557.45,588.75,Frequent,Hotel Discount
u_100778,43,8,3,2,297.77,374.42,1.5,female,True,False,US,SEA,913,43,672.19,1023.22,Frequent,Flight Discount
u_100779,18,5,0,0,611.87,0.0,0.0,female,False,False,US,SEA,895,18,611.87,974.19,Frequent,Hotel Discount
u_100780,39,7,4,3,169.53,67.46,2.5,male,False,True,CA,BOS,257,39,236.99,319.7,Frequent,Hotel Discount
u_100781,35,1,2,1,803.73,294.83,3.4,male,True,False,US,JFK,834,35,1098.56,978.86,Frequent,Hotel Discount
u_100782,23,4,5,2,681.78,82.98,4.0,female,False,True,US,ORD,1006,23,764.76,1105.48,Frequent,Flight Discount
u_100783,12,5,3,1,869.04,283.11,3.6,male,True,False,US,LAX,72,12,1152.15,199.22,Frequent,New User Perk
u_100784,23,7,4,0,480.41,136.63,1.7,female,True,True,US,ATL,65,23,617.04,149.7,Frequent,Flight Discount
u_100785,7,4,6,2,451.15,307.19,6.9,female,True,True,US,JFK,557,7,758.34,639.83,Engaged,Loyalty Perk
u_100786,20,5,4,3,172.46,290.02,5.4,female,False,False,US,SFO,72,20,462.48,138.25,Frequent,Loyalty Perk
u_100787,2,3,4,3,374.72,310.53,2.2,female,True,True,GB,SEA,803,2,685.25,873.53,Engaged,Flight Discount
u_100788,22,6,4,3,855.12,146.69,2.1,female,False,True,CA,SFO,1095,22,1001.81,1217.18,Frequent,Loyalty Perk
u_100789,8,0,3,1,0.0,213.21,1.9,male,False,False,GB,DFW,623,8,213.21,652.32,Engaged,Loyalty Perk
u_100790,19,0,3,0,0.0,126.06,6.0,male,False,False,CA,JFK,282,19,126.06,313.61,Frequent,Loyalty Perk
u_100791,4,4,1,2,800.55,324.84,4.0,female,True,False,GB,LGA,1178,4,1125.39,1294.54,Engaged,Flight Discount
u_100792,38,1,2,1,106.35,376.53,2.5,male,False,True,US,MIA,821,38,482.88,907.29,Frequent,Flight Discount
u_100793,37,6,5,2,739.59,98.71,5.6,male,False,False,CA,LAX,542,37,838.3,662.83,Frequent,Family Perk
u_100794,37,7,4,1,388.29,356.57,3.6,male,False,False,US,DFW,313,37,744.86,424.49,Frequent,Flight Discount
u_100795,30,6,3,3,102.69,245.62,6.7,female,False,False,GB,MIA,892,30,348.31,956.83,Frequent,Loyalty Perk
u_100796,9,8,4,2,123.9,345.79,1.8,male,False,True,FR,SFO,42,9,469.69,97.97,Engaged,Flight Discount
u_100797,42,1,2,0,753.99,247.91,5.1,female,True,True,US,DFW,154,42,1001.9,296.19,Frequent,Loyalty Perk
u_100798,9,3,5,1,326.73,158.81,6.9,male,True,True,FR,SEA,43,9,485.54,100.55,Engaged,Flight Discount
u_100799,39,1,4,0,282.71,86.26,1.1,male,True,True,US,LAX,1065,39,368.97,1140.9,Frequent,New User Perk
u_100800,12,3,6,2,753.78,288.46,6.2,male,True,False,AU,SEA,282,12,1042.24,398.22,Frequent,Family Perk
u_100801,33,8,1,3,473.98,151.31,1.6,male,True,True,US,LAX,1039,33,625.29,1134.53,Frequent,Family Perk
u_100802,27,6,1,0,312.41,92.04,3.3,female,False,False,US,SEA,650,27,404.45,717.45,Frequent,Family Perk
u_100803,30,4,0,1,373.35,0.0,0.0,female,True,False,US,SEA,1060,30,373.35,1127.34,Frequent,Flight Discount
u_100804,42,5,3,1,308.24,316.91,2.8,female,True,True,US,SFO,836,42,625.15,940.52,Frequent,Hotel Discount
u_100805,33,8,2,1,652.17,256.1,4.5,female,False,False,US,ATL,856,33,908.27,979.83,Frequent,Flight Discount
u_100806,32,7,2,1,884.69,332.99,5.4,male,True,True,US,JFK,514,32,1217.68,667.77,Frequent,Flight Discount
u_100807,40,4,0,0,774.38,0.0,0.0,male,False,False,US,LGA,179,40,774.38,296.44,Frequent,Flight Discount
u_100808,45,7,3,1,890.87,250.82,2.2,female,True,True,GB,JFK,547,45,1141.69,706.17,Frequent,Family Perk
u_100809,34,3,0,0,595.87,0.0,0.0,female,True,True,US,MIA,227,34,595.87,320.59,Frequent,Loyalty Perk
u_100810,35,1,2,1,639.54,385.21,5.4,male,True,False,AU,ATL,1111,35,1024.75,1248.47,Frequent,Hotel Discount
u_100811,36,2,6,0,439.88,268.91,6.2,male,False,False,GB,ATL,1195,36,708.79,1301.88,Frequent,Loyalty Perk
u_100812,4,8,2,0,263.7,379.22,6.5,female,True,True,DE,ORD,544,4,642.92,612.29,Engaged,Flight Discount
u_100813,35,3,6,2,407.36,69.83,5.2,female,True,True,CA,JFK,257,35,477.19,339.72,Frequent,Family Perk
u_100814,17,3,2,0,194.22,241.48,5.4,female,True,True,GB,MIA,157,17,435.7,217.57,Frequent,Loyalty Perk
u_100815,39,1,4,3,856.21,144.68,1.3,male,True,False,US,MIA,102,39,1000.89,241.09,Frequent,Hotel Discount
u_100816,15,0,0,0,0.0,0.0,0.0,male,False,False,DE,DFW,431,15,0.0,446.0,Frequent,Loyalty Perk
u_100817,25,2,3,3,530.63,90.45,1.7,female,True,False,US,MIA,783,25,621.08,870.11,Frequent,Loyalty Perk
u_100818,6,0,1,3,0.0,311.62,6.3,female,False,True,US,ORD,1128,6,311.62,1165.16,Engaged,Family Perk
u_100819,9,7,1,2,115.85,172.38,4.9,male,True,True,US,LGA,530,9,288.23,567.82,Engaged,Loyalty Perk
u_100820,5,4,4,1,485.84,307.33,3.1,male,False,False,US,JFK,481,5,793.17,565.32,Engaged,Other
u_100821,18,5,5,0,124.28,365.15,5.2,female,False,False,US,BOS,1025,18,489.43,1091.94,Frequent,Family Perk
u_100822,14,1,2,1,109.41,132.29,3.6,male,True,True,CA,BOS,959,14,241.7,997.17,Frequent,Hotel Discount
u_100823,38,6,2,0,128.97,349.1,3.3,male,False,True,CA,DFW,68,38,478.07,153.81,Frequent,Other
u_100824,25,2,5,3,516.64,281.14,1.2,female,False,True,US,ORD,742,25,797.78,846.78,Frequent,Other
u_100825,40,6,6,3,721.74,375.0,5.5,female,False,True,US,SFO,253,40,1096.74,402.67,Frequent,Other
u_100826,11,6,3,1,188.14,55.31,5.8,female,False,False,FR,DFW,591,11,243.45,626.34,Frequent,Loyalty Perk
u_100827,40,4,2,2,620.57,323.85,5.9,male,False,False,AU,LGA,55,40,944.42,189.44,Frequent,Flight Discount
u_100828,2,7,0,3,110.34,0.0,0.0,female,False,True,DE,SEA,764,2,110.34,777.03,Engaged,Flight Discount
u_100829,40,8,2,0,441.16,140.3,5.7,male,False,True,US,DFW,561,40,581.46,659.15,Frequent,Loyalty Perk
u_100830,42,0,1,0,0.0,279.11,2.1,male,True,True,US,ATL,1067,42,279.11,1136.91,Frequent,Other
u_100831,17,0,5,2,0.0,239.15,1.3,female,True,True,US,DFW,510,17,239.15,550.91,Frequent,Other
u_100832,16,3,2,2,759.89,288.36,1.4,male,False,True,FR,JFK,903,16,1048.25,1023.83,Frequent,Family Perk
u_100833,27,5,3,2,589.97,106.11,1.3,male,True,False,GB,SFO,337,27,696.08,433.61,Frequent,Other
u_100834,33,5,1,3,761.2,61.41,5.4,male,True,True,GB,BOS,810,33,822.61,925.26,Frequent,Other
u_100835,41,8,5,3,521.95,92.43,6.3,male,True,True,FR,ATL,135,41,614.38,237.44,Frequent,New User Perk
u_100836,19,3,2,1,735.18,392.12,2.4,female,False,False,US,ATL,674,19,1127.3,805.73,Frequent,Loyalty Perk
u_100837,6,5,4,0,830.0,278.67,4.6,male,True,False,AU,SFO,949,6,1108.67,1065.87,Engaged,New User Perk
u_100838,43,2,4,2,732.6,169.55,1.7,male,True,True,AU,ATL,866,43,902.15,999.22,Frequent,New User Perk
u_100839,1,2,0,3,295.97,0.0,0.0,male,False,True,US,SEA,1165,1,295.97,1195.6,Engaged,Family Perk
u_100840,2,2,0,1,502.22,0.0,0.0,female,True,True,US,MIA,1114,2,502.22,1166.22,Engaged,Loyalty Perk
u_100841,16,4,0,2,815.89,0.0,0.0,female,False,True,AU,BOS,719,16,815.89,816.59,Frequent,Other
u_100842,27,7,5,3,317.22,216.99,1.8,male,True,True,GB,SEA,405,27,534.21,485.42,Frequent,Loyalty Perk
u_100843,25,5,3,1,497.11,255.83,6.7,male,True,True,GB,SEA,228,25,752.94,328.29,Frequent,Loyalty Perk
u_100844,38,8,6,3,313.91,184.42,5.5,female,False,True,FR,BOS,323,38,498.33,410.83,Frequent,Hotel Discount
u_100845,23,4,1,0,316.03,220.32,2.3,male,False,False,GB,JFK,376,23,536.35,452.64,Frequent,Flight Discount
u_100846,7,3,4,1,102.43,365.89,6.8,female,True,True,CA,LAX,1135,7,468.32,1188.83,Engaged,Hotel Discount
u_100847,14,4,4,3,680.31,232.31,6.0,male,True,False,US,SFO,634,14,912.62,739.26,Frequent,Loyalty Perk
u_100848,6,2,2,0,874.12,331.27,5.5,male,False,False,DE,DFW,485,6,1205.39,611.54,Engaged,Other
u_100849,41,8,5,0,659.58,160.18,6.5,female,True,False,CA,SEA,917,41,819.76,1039.98,Frequent,Loyalty Perk
u_100850,9,6,6,1,632.15,142.85,1.9,female,True,True,US,ORD,413,9,775.0,499.5,Engaged,Flight Discount
u_100851,14,0,3,0,0.0,221.74,4.7,female,True,True,US,BOS,394,14,221.74,430.17,Frequent,New User Perk
u_100852,34,2,2,1,797.53,283.79,3.9,female,False,True,GB,SEA,833,34,1081.32,975.13,Frequent,Flight Discount
u_100853,19,6,3,2,282.86,198.7,2.1,female,False,True,US,JFK,683,19,481.56,750.16,Frequent,Loyalty Perk
u_100854,39,6,5,1,103.75,143.77,2.3,female,False,True,DE,SEA,867,39,247.52,930.75,Frequent,Loyalty Perk
u_100855,29,6,3,2,828.14,143.91,5.4,female,False,False,AU,MIA,725,29,972.05,851.2,Frequent,Flight Discount
u_100856,37,2,4,1,719.23,88.61,6.8,male,False,False,AU,ORD,705,37,807.84,822.78,Frequent,Loyalty Perk
u_100857,23,8,0,0,505.29,0.0,0.0,male,True,False,US,SFO,771,23,505.29,844.53,Frequent,Flight Discount
u_100858,24,5,3,1,533.42,137.05,1.1,male,False,True,CA,LAX,71,24,670.47,162.05,Frequent,Loyalty Perk
u_100859,19,4,0,1,597.88,0.0,0.0,male,False,False,US,LAX,536,19,597.88,614.79,Frequent,New User Perk
u_100860,6,1,0,3,96.53,0.0,0.0,male,False,False,US,DFW,1139,6,96.53,1154.65,Other,Flight Discount
u_100861,20,5,3,0,327.77,210.62,1.6,male,True,False,US,ATL,995,20,538.39,1068.84,Frequent,Loyalty Perk
u_100862,18,7,2,1,393.57,397.6,5.4,female,True,True,AU,BOS,793,18,791.17,890.12,Frequent,Family Perk
u_100863,15,7,2,3,541.79,274.99,3.0,male,False,True,US,MIA,201,15,816.78,297.68,Frequent,New User Perk
u_100864,10,6,4,3,509.19,343.88,5.6,male,True,False,US,JFK,150,10,853.07,245.31,Frequent,Flight Discount
u_100865,3,5,5,3,794.57,143.85,2.3,female,False,False,GB,LAX,1181,3,938.42,1277.84,Engaged,New User Perk
u_100866,31,8,4,0,835.41,199.0,1.5,female,False,True,GB,SEA,290,31,1034.41,424.44,Frequent,New User Perk
u_100867,8,0,3,3,0.0,109.75,5.8,male,True,True,US,SEA,1027,8,109.75,1045.97,Engaged,New User Perk
u_100868,28,4,5,2,508.43,265.29,3.2,female,False,True,CA,JFK,369,28,773.72,474.37,Frequent,Flight Discount
u_100869,14,5,5,1,214.68,300.28,3.8,male,False,False,DE,SEA,680,14,514.96,745.5,Frequent,Flight Discount
u_100870,45,3,1,0,520.94,165.86,1.4,male,False,True,US,DFW,989,45,686.8,1102.68,Frequent,Family Perk
u_100871,13,4,2,3,559.26,157.01,4.7,male,False,True,GB,LGA,855,13,716.27,939.63,Frequent,Loyalty Perk
u_100872,18,2,2,0,183.9,232.81,4.9,male,True,True,US,ORD,814,18,416.71,873.67,Frequent,Other
u_100873,15,3,0,1,197.53,0.0,0.0,female,False,True,US,LGA,1003,15,197.53,1037.75,Frequent,Family Perk
u_100874,29,6,5,3,348.21,225.13,1.7,female,True,True,US,BOS,1177,29,573.34,1263.33,Frequent,Other
u_100875,21,8,0,1,863.4,0.0,0.0,female,False,False,CA,BOS,598,21,863.4,705.34,Frequent,Family Perk
u_100876,36,6,5,2,225.97,353.15,6.1,female,False,False,CA,JFK,738,36,579.12,831.91,Frequent,Loyalty Perk
u_100877,1,3,3,2,511.32,51.97,2.9,male,True,False,GB,LAX,222,1,563.29,279.33,Engaged,Loyalty Perk
u_100878,42,7,3,0,896.51,296.49,2.6,female,True,False,US,DFW,147,42,1193.0,308.3,Frequent,Other
u_100879,31,8,6,0,111.32,60.09,6.4,male,False,False,DE,LAX,343,31,171.41,391.14,Frequent,Other
u_100880,4,7,5,0,337.67,350.26,2.7,male,True,True,AU,JFK,427,4,687.93,499.79,Engaged,Loyalty Perk
u_100881,24,8,0,3,421.43,0.0,0.0,male,False,False,US,ATL,155,24,421.43,221.14,Frequent,Loyalty Perk
u_100882,3,4,4,1,644.75,193.24,4.8,male,False,True,US,SEA,36,3,837.99,122.8,Engaged,Flight Discount
u_100883,45,1,4,3,152.29,371.3,2.1,female,True,False,DE,ATL,206,45,523.59,303.36,Frequent,Hotel Discount
u_100884,30,1,5,1,332.38,288.31,6.7,male,True,True,US,SFO,421,30,620.69,513.07,Frequent,Hotel Discount
u_100885,12,4,1,2,419.47,342.35,2.6,male,False,True,AU,DFW,438,12,761.82,526.18,Frequent,New User Perk
u_100886,32,5,4,2,366.06,274.64,3.7,female,False,False,CA,JFK,379,32,640.7,475.07,Frequent,Flight Discount
u_100887,42,4,1,2,653.72,226.32,6.0,female,True,True,AU,SFO,580,42,880.04,710.0,Frequent,Flight Discount
u_100888,3,1,4,1,469.67,213.54,2.9,male,False,True,DE,DFW,1184,3,683.21,1255.32,Engaged,Flight Discount
u_100889,11,6,3,2,356.07,366.04,2.1,male,False,True,GB,LGA,763,11,722.11,846.21,Frequent,Family Perk
u_100890,30,6,5,3,468.33,135.26,5.3,female,True,True,DE,ATL,721,30,603.59,811.36,Frequent,Hotel Discount
u_100891,7,6,3,2,862.27,190.26,1.2,female,False,True,US,BOS,1078,7,1052.53,1190.25,Engaged,Loyalty Perk
u_100892,4,1,2,1,737.22,210.55,2.0,female,True,True,US,SFO,31,4,947.77,129.78,Engaged,Flight Discount
u_100893,12,3,6,1,437.97,303.45,1.9,male,True,False,CA,JFK,1167,12,741.42,1253.14,Frequent,Loyalty Perk
u_100894,7,7,4,3,653.0,369.49,5.0,female,True,False,US,SFO,979,7,1022.49,1088.25,Engaged,Other
u_100895,26,5,2,3,569.49,236.94,3.1,male,False,True,GB,LAX,85,26,806.43,191.64,Frequent,Loyalty Perk
u_100896,33,0,4,3,0.0,370.11,4.9,male,True,False,GB,SFO,312,33,370.11,382.01,Frequent,Hotel Discount
u_100897,22,6,5,1,429.08,149.74,3.3,male,True,False,AU,JFK,1014,22,578.82,1093.88,Frequent,Loyalty Perk
u_100898,7,7,6,0,363.96,306.43,4.9,female,True,True,AU,BOS,858,7,670.39,932.04,Engaged,Flight Discount
u_100899,33,6,5,3,89.5,278.84,5.0,male,True,False,US,ATL,895,33,368.34,964.83,Frequent,New User Perk
u_100900,29,8,2,3,663.86,345.46,6.8,female,False,False,US,ATL,258,29,1009.32,387.93,Frequent,New User Perk
u_100901,22,4,1,3,436.61,212.67,1.2,female,False,True,US,LGA,1032,22,649.28,1118.93,Frequent,New User Perk
u_100902,44,4,6,0,525.05,112.55,3.1,male,False,False,AU,SFO,65,44,637.6,172.76,Frequent,Loyalty Perk
u_100903,35,6,1,1,148.92,83.1,5.4,female,True,True,GB,LGA,1040,35,232.02,1098.2,Frequent,Family Perk
u_100904,37,7,0,0,347.8,0.0,0.0,female,False,False,US,BOS,108,37,347.8,179.78,Frequent,Family Perk
u_100905,28,6,0,1,859.29,0.0,0.0,male,False,True,GB,DFW,556,28,859.29,669.93,Frequent,Flight Discount
u_100906,17,4,4,1,649.29,67.09,4.4,male,False,True,US,ATL,470,17,716.38,558.64,Frequent,Loyalty Perk
u_100907,43,0,4,3,0.0,368.41,5.1,female,False,True,CA,BOS,588,43,368.41,667.84,Frequent,New User Perk
u_100908,18,7,4,2,159.66,128.69,5.3,male,True,False,US,DFW,482,18,288.35,528.84,Frequent,Flight Discount
u_100909,25,7,4,0,361.22,161.87,5.9,female,False,False,GB,BOS,340,25,523.09,417.31,Frequent,Flight Discount
u_100910,26,0,5,0,0.0,270.98,4.4,female,True,True,AU,DFW,737,26,270.98,790.1,Frequent,Loyalty Perk
u_100911,44,7,0,1,592.39,0.0,0.0,female,False,False,GB,SEA,371,44,592.39,474.24,Frequent,Flight Discount
u_100912,32,3,3,1,390.31,382.09,1.7,female,False,True,CA,BOS,840,32,772.4,949.24,Frequent,Loyalty Perk
u_100913,36,6,2,1,422.91,259.74,2.9,male,False,True,US,MIA,773,36,682.65,877.27,Frequent,Hotel Discount
u_100914,30,4,6,3,208.71,355.67,3.4,female,False,True,AU,SEA,36,30,564.38,122.44,Frequent,Loyalty Perk
u_100915,38,6,3,3,234.88,60.16,2.3,female,False,True,US,MIA,1060,38,295.04,1127.5,Frequent,Loyalty Perk
u_100916,37,7,5,0,860.51,57.95,4.6,female,True,False,US,LAX,827,37,918.46,955.85,Frequent,Other
u_100917,12,7,5,1,344.63,152.54,6.4,male,True,False,GB,ORD,453,12,497.17,514.72,Frequent,Loyalty Perk
u_100918,30,8,5,0,739.02,343.26,6.2,female,True,False,US,LAX,356,30,1082.28,494.23,Frequent,Loyalty Perk
u_100919,31,6,0,3,865.21,0.0,0.0,male,True,True,AU,BOS,1130,31,865.21,1247.52,Frequent,Hotel Discount
u_100920,26,0,2,3,0.0,300.82,4.1,male,False,False,US,DFW,931,26,300.82,987.08,Frequent,Flight Discount
u_100921,8,2,2,3,618.36,99.68,2.5,male,True,True,CA,ATL,1018,8,718.04,1097.8,Engaged,Family Perk
u_100922,16,4,2,2,645.14,165.73,3.7,male,False,True,DE,SEA,558,16,810.87,655.09,Frequent,Hotel Discount
u_100923,2,3,2,2,665.32,157.33,5.3,male,True,True,FR,DFW,1192,2,822.65,1276.27,Engaged,Loyalty Perk
u_100924,10,4,6,3,290.99,129.77,6.1,female,False,False,US,LAX,650,10,420.76,702.08,Frequent,Loyalty Perk
u_100925,26,7,4,1,877.37,275.35,4.5,male,False,False,FR,BOS,1056,26,1152.72,1197.27,Frequent,Flight Discount
u_100926,31,2,3,3,91.67,381.43,3.1,female,False,False,US,BOS,663,31,473.1,741.31,Frequent,Hotel Discount
u_100927,32,7,4,0,768.78,346.01,5.7,male,False,True,US,SFO,1103,32,1114.79,1246.48,Frequent,Hotel Discount
u_100928,22,8,0,2,533.69,0.0,0.0,male,False,True,AU,JFK,1125,22,533.69,1200.37,Frequent,Other
u_100929,16,4,6,1,645.55,277.78,2.5,male,True,False,FR,ORD,964,16,923.33,1072.33,Frequent,Other
u_100930,9,8,2,0,250.34,135.38,5.6,female,False,True,US,JFK,1007,9,385.72,1054.57,Engaged,Flight Discount
u_100931,8,7,0,3,241.86,0.0,0.0,male,False,True,US,SEA,1140,8,241.86,1172.19,Engaged,Loyalty Perk
u_100932,29,3,4,3,893.63,138.11,3.4,female,False,True,AU,JFK,584,29,1031.74,716.17,Frequent,Loyalty Perk
u_100933,42,4,2,1,359.74,287.24,4.0,male,False,False,FR,DFW,931,42,646.98,1037.7,Frequent,Loyalty Perk
u_100934,31,7,1,1,133.76,201.21,2.8,male,False,True,GB,BOS,937,31,334.97,1001.5,Frequent,Flight Discount
u_100935,20,8,2,2,708.46,215.16,5.1,male,True,True,US,ORD,460,20,923.62,572.36,Frequent,Family Perk
u_100936,11,2,4,1,347.06,230.76,3.8,male,False,True,US,MIA,883,11,577.82,951.78,Frequent,Loyalty Perk
u_100937,24,2,2,2,675.9,340.23,2.9,female,True,False,DE,DFW,660,24,1016.13,785.61,Frequent,New User Perk
u_100938,27,5,5,1,879.49,318.47,1.1,female,False,True,AU,LGA,444,27,1197.96,590.8,Frequent,Family Perk
u_100939,28,6,2,1,733.93,266.14,3.6,female,False,False,US,SFO,591,28,1000.07,719.01,Frequent,Hotel Discount
u_100940,31,0,6,3,0.0,290.73,6.5,male,True,False,DE,ATL,1027,31,290.73,1087.07,Frequent,Flight Discount
u_100941,18,8,2,3,837.36,88.86,1.8,female,True,True,US,SFO,181,18,926.22,291.62,Frequent,Hotel Discount
u_100942,13,8,0,3,281.09,0.0,0.0,female,True,True,CA,ATL,1149,13,281.09,1190.11,Frequent,Hotel Discount
u_100943,45,5,6,2,822.18,206.04,6.3,female,False,True,US,JFK,407,45,1028.22,554.82,Frequent,New User Perk
u_100944,44,4,2,0,195.02,274.78,3.6,male,False,False,GB,ORD,1026,44,469.8,1116.98,Frequent,Hotel Discount
u_100945,33,5,6,3,311.77,166.81,1.4,male,False,True,AU,LGA,184,33,478.58,264.86,Frequent,New User Perk
u_100946,42,3,6,0,709.03,200.83,2.7,male,True,True,DE,ATL,954,42,909.86,1086.99,Frequent,Loyalty Perk
u_100947,22,7,4,3,809.31,190.51,2.8,male,False,True,US,ATL,828,22,999.82,949.98,Frequent,Other
u_100948,15,5,4,3,615.96,120.12,5.9,male,False,False,US,DFW,756,15,736.08,844.61,Frequent,Flight Discount
u_100949,12,1,0,0,719.16,0.0,0.0,male,True,True,US,DFW,1136,12,719.16,1219.92,Frequent,Other
u_100950,13,4,1,3,892.62,131.54,6.5,male,False,False,US,ORD,757,13,1024.16,872.42,Frequent,Family Perk
u_100951,14,6,0,3,439.61,0.0,0.0,female,True,False,US,SEA,436,14,439.61,493.96,Frequent,Flight Discount
u_100952,38,8,0,1,700.42,0.0,0.0,female,True,True,US,BOS,276,38,700.42,384.04,Frequent,Hotel Discount
u_100953,6,8,2,3,289.33,89.2,3.7,female,False,False,US,ORD,44,6,378.53,87.85,Engaged,Other
u_100954,20,1,3,2,268.07,295.42,4.9,female,False,True,GB,SFO,828,20,563.49,904.35,Frequent,Family Perk
u_100955,16,2,4,0,184.92,104.52,5.2,male,False,False,US,LAX,109,16,289.44,153.94,Frequent,Other
u_100956,27,2,1,1,688.41,333.61,2.1,male,False,False,AU,LAX,254,27,1022.02,383.2,Frequent,Flight Discount
u_100957,41,5,6,2,589.97,59.97,1.2,male,False,True,CA,MIA,88,41,649.94,193.99,Frequent,New User Perk
u_100958,25,8,1,1,162.09,172.03,2.3,male,True,False,US,BOS,889,25,334.12,947.41,Frequent,Other
u_100959,29,2,6,0,335.37,214.32,6.4,male,False,False,AU,BOS,292,29,549.69,375.97,Frequent,Other
u_100960,13,2,1,1,740.47,99.91,5.0,female,True,False,DE,ATL,224,13,840.38,321.04,Frequent,Hotel Discount
u_100961,12,4,2,3,628.05,231.97,4.5,female,True,True,US,DFW,576,12,860.02,674.0,Frequent,Loyalty Perk
u_100962,38,0,5,3,0.0,271.16,5.8,male,False,False,GB,LAX,403,38,271.16,468.12,Frequent,New User Perk
u_100963,1,7,3,2,233.95,354.33,6.8,male,True,True,AU,SFO,860,1,588.28,919.83,Engaged,Flight Discount
u_100964,8,4,5,2,356.55,362.38,2.5,male,False,False,FR,SEA,1028,8,718.93,1107.89,Engaged,Loyalty Perk
u_100965,5,5,3,0,871.1,94.18,2.4,female,True,False,FR,DFW,966,5,965.28,1067.53,Engaged,New User Perk
u_100966,29,6,4,0,872.36,390.09,2.1,male,False,True,GB,DFW,1076,29,1262.45,1231.25,Frequent,Other
u_100967,39,2,4,0,736.21,176.93,2.4,male,True,True,GB,BOS,1117,39,913.14,1247.31,Frequent,Hotel Discount
u_100968,35,6,6,1,308.31,385.67,6.7,male,True,True,US,LAX,637,35,693.98,741.4,Frequent,Flight Discount
u_100969,20,0,0,2,0.0,0.0,0.0,female,False,False,GB,LAX,1168,20,0.0,1188.0,Frequent,Family Perk
u_100970,10,7,6,1,706.97,332.45,6.7,male,True,True,AU,LAX,526,10,1039.42,639.94,Frequent,Loyalty Perk
u_100971,23,1,1,2,195.16,190.5,5.4,male,False,False,US,ORD,340,23,385.66,401.57,Frequent,Family Perk
u_100972,34,4,4,0,712.76,259.46,2.4,male,False,False,US,JFK,927,34,972.22,1058.22,Frequent,Hotel Discount
u_100973,18,0,3,2,0.0,89.49,3.8,male,False,True,US,SFO,374,18,89.49,400.95,Frequent,Hotel Discount
u_100974,6,5,1,3,766.1,387.14,3.5,female,False,True,FR,JFK,245,6,1153.24,366.32,Engaged,Other
u_100975,27,4,2,0,90.6,299.58,3.9,female,False,False,FR,SFO,1043,27,390.18,1109.02,Frequent,Other
u_100976,39,6,4,3,114.52,87.73,6.0,female,False,True,DE,BOS,231,39,202.25,290.23,Frequent,Hotel Discount
u_100977,3,5,5,3,778.83,250.67,4.1,male,True,False,AU,MIA,846,3,1029.5,951.95,Engaged,Loyalty Perk
u_100978,41,5,0,2,834.95,0.0,0.0,female,True,True,US,LGA,88,41,834.95,212.5,Frequent,Other
u_100979,18,7,6,0,346.1,294.69,4.8,female,False,False,GB,ORD,358,18,640.79,440.08,Frequent,Loyalty Perk
u_100980,6,5,2,1,339.56,157.04,6.5,female,False,False,US,SEA,215,6,496.6,270.66,Engaged,Hotel Discount
u_100981,17,7,2,2,740.84,363.52,5.5,female,False,True,AU,ORD,375,17,1104.36,502.44,Frequent,Loyalty Perk
u_100982,19,8,4,1,406.34,293.47,2.2,male,True,False,FR,BOS,215,19,699.81,303.98,Frequent,Hotel Discount
u_100983,23,6,1,3,164.97,384.63,5.9,female,False,True,GB,BOS,631,23,549.6,708.96,Frequent,Loyalty Perk
u_100984,16,8,1,2,101.61,128.56,5.2,male,False,True,DE,LGA,478,16,230.17,517.02,Frequent,Loyalty Perk
u_100985,19,3,0,3,767.1,0.0,0.0,male,False,True,US,LGA,878,19,767.1,973.71,Frequent,Hotel Discount
u_100986,26,6,5,2,659.53,393.67,5.8,male,False,True,FR,ATL,569,26,1053.2,700.32,Frequent,Loyalty Perk
u_100987,5,2,2,1,732.36,252.64,1.6,female,True,False,FR,SFO,1069,5,985.0,1172.5,Engaged,Family Perk
u_100988,15,7,2,0,457.4,203.25,4.5,female,True,True,GB,BOS,162,15,660.65,243.06,Frequent,Loyalty Perk
u_100989,23,7,6,1,132.3,174.04,6.7,male,True,False,FR,LGA,595,23,306.34,648.63,Frequent,Other
u_100990,14,7,2,2,351.04,249.45,6.3,male,False,False,US,MIA,863,14,600.49,937.05,Frequent,Loyalty Perk
u_100991,8,1,4,0,514.41,305.63,5.4,female,True,True,GB,ATL,539,8,820.04,629.0,Engaged,Flight Discount
u_100992,22,1,0,3,550.68,0.0,0.0,male,True,True,DE,JFK,823,22,550.68,900.07,Frequent,Other
u_100993,7,4,2,1,659.96,357.67,4.0,female,False,True,GB,LAX,407,7,1017.63,515.76,Engaged,New User Perk
u_100994,29,1,4,2,96.73,262.16,6.9,male,True,False,US,SFO,151,29,358.89,215.89,Frequent,Hotel Discount
u_100995,1,5,3,2,102.68,366.8,4.4,male,True,True,FR,LGA,172,1,469.48,219.95,Engaged,Loyalty Perk
u_100996,23,1,6,1,571.77,250.89,6.3,male,False,True,FR,ORD,393,23,822.66,498.27,Frequent,Other
u_100997,20,4,0,2,640.09,0.0,0.0,female,True,True,FR,JFK,1091,20,640.09,1175.01,Frequent,Loyalty Perk
u_100998,22,7,5,3,722.93,380.4,5.0,male,False,True,US,ATL,164,22,1103.33,296.33,Frequent,Flight Discount
u_100999,26,0,2,0,0.0,370.81,6.5,female,True,True,DE,ORD,232,26,370.81,295.08,Frequent,Family Perk
u_101000,19,5,1,3,706.09,152.54,4.8,male,False,False,FR,ORD,857,19,858.63,961.86,Frequent,Other
u_101001,21,8,3,3,330.84,397.3,5.6,male,False,True,DE,JFK,142,21,728.14,235.81,Frequent,Family Perk
u_101002,37,8,1,2,686.19,237.0,1.3,male,True,True,CA,ATL,650,37,923.19,779.32,Frequent,Loyalty Perk
u_101003,12,8,2,0,826.74,84.53,6.7,female,True,False,FR,BOS,483,12,911.27,586.13,Frequent,Family Perk
u_101004,41,0,0,3,0.0,0.0,0.0,male,True,False,US,ATL,451,41,0.0,492.0,Frequent,Loyalty Perk
u_101005,12,6,6,1,384.86,343.23,1.3,male,False,True,US,SFO,320,12,728.09,404.81,Frequent,Other
u_101006,27,0,3,3,0.0,182.0,6.1,female,False,False,US,DFW,418,27,182.0,463.2,Frequent,Loyalty Perk
u_101007,45,7,1,1,137.83,90.03,2.0,female,False,True,AU,LGA,1030,45,227.86,1097.79,Frequent,Other
u_101008,35,4,2,2,168.96,91.79,5.9,female,True,False,AU,DFW,443,35,260.75,504.07,Frequent,Flight Discount
u_101009,31,7,0,0,267.49,0.0,0.0,female,True,True,FR,LGA,824,31,267.49,881.75,Frequent,Other
u_101010,10,7,4,0,623.56,226.27,6.8,male,True,False,GB,SEA,460,10,849.83,554.98,Frequent,Hotel Discount
u_101011,12,5,3,1,819.28,69.75,3.3,male,True,True,GB,DFW,627,12,889.03,727.9,Frequent,Loyalty Perk
u_101012,2,7,0,1,573.36,0.0,0.0,male,True,True,GB,SEA,619,2,573.36,678.34,Engaged,Loyalty Perk
u_101013,27,8,4,0,587.24,109.47,6.6,male,False,True,US,JFK,788,27,696.71,884.67,Frequent,Loyalty Perk
u_101014,37,0,6,3,0.0,319.04,1.7,male,True,True,AU,LGA,489,37,319.04,557.9,Frequent,Flight Discount
u_101015,42,6,2,3,448.73,311.82,5.1,male,True,True,DE,ATL,542,42,760.55,660.05,Frequent,New User Perk
u_101016,24,3,1,2,602.42,111.02,6.8,female,False,True,DE,BOS,556,24,713.44,651.34,Frequent,Family Perk
u_101017,3,7,3,1,889.74,93.76,4.8,female,True,False,CA,LAX,456,3,983.5,557.35,Engaged,Other
u_101018,25,7,2,2,347.33,189.61,5.3,female,False,False,DE,SEA,451,25,536.94,529.69,Frequent,Other
u_101019,27,5,5,2,255.08,99.47,1.7,male,True,False,DE,BOS,956,27,354.55,1018.45,Frequent,Hotel Discount
u_101020,36,2,5,3,848.44,201.12,6.7,female,True,True,US,SFO,78,36,1049.56,218.96,Frequent,Hotel Discount
u_101021,37,3,1,3,339.52,135.99,5.4,female,True,False,US,MIA,1026,37,475.51,1110.55,Frequent,Loyalty Perk
u_101022,1,0,2,0,0.0,159.65,6.4,male,True,True,US,LGA,445,1,159.65,461.96,Engaged,Hotel Discount
u_101023,21,7,3,2,656.95,151.41,1.6,male,False,True,GB,ATL,1180,21,808.36,1281.84,Frequent,New User Perk
u_101024,40,6,1,3,653.89,148.43,6.1,male,True,False,US,BOS,540,40,802.32,660.23,Frequent,Flight Discount
u_101025,25,7,3,3,219.78,56.98,5.1,male,False,True,US,LAX,772,25,276.76,824.68,Frequent,Other
u_101026,23,5,0,2,136.49,0.0,0.0,male,False,True,DE,ATL,306,23,136.49,342.65,Frequent,Other
u_101027,19,1,2,3,93.08,361.87,3.5,female,True,True,US,SFO,376,19,454.95,440.49,Frequent,Loyalty Perk
u_101028,32,5,1,0,612.51,295.18,2.6,female,True,False,FR,LGA,916,32,907.69,1038.77,Frequent,Family Perk
u_101029,3,2,6,0,682.41,56.72,3.3,female,False,True,GB,BOS,992,3,739.13,1068.91,Engaged,Family Perk
u_101030,33,6,3,2,188.52,171.18,2.6,male,False,False,GB,SFO,425,33,359.7,493.97,Frequent,Family Perk
u_101031,33,1,0,1,741.11,0.0,0.0,female,True,False,US,SFO,249,33,741.11,356.11,Frequent,Loyalty Perk
u_101032,16,1,6,0,87.91,54.71,5.8,male,False,True,US,ATL,174,16,142.62,204.26,Frequent,Hotel Discount
u_101033,9,3,5,0,232.17,301.39,1.5,female,False,True,US,LGA,916,9,533.56,978.36,Engaged,Flight Discount
u_101034,21,8,1,3,750.39,297.88,4.0,male,True,True,US,MIA,411,21,1048.27,536.83,Frequent,New User Perk
u_101035,6,2,1,2,197.99,239.7,6.8,male,False,True,FR,LGA,283,6,437.69,332.77,Engaged,Loyalty Perk
u_101036,11,6,5,2,573.27,227.33,2.7,male,True,True,GB,ORD,903,11,800.6,994.06,Frequent,Loyalty Perk
u_101037,11,1,0,0,485.02,0.0,0.0,female,True,True,CA,DFW,153,11,485.02,212.5,Frequent,Hotel Discount
u_101038,21,5,5,0,546.74,304.5,2.9,female,True,False,US,JFK,763,21,851.24,869.12,Frequent,Loyalty Perk
u_101039,21,8,5,1,267.05,109.69,5.1,female,False,False,CA,SEA,869,21,376.74,927.67,Frequent,New User Perk
u_101040,29,2,1,3,424.07,58.57,1.8,female,False,False,DE,SEA,678,29,482.64,755.26,Frequent,Loyalty Perk
u_101041,43,2,1,1,257.93,55.74,3.8,male,False,False,US,MIA,584,43,313.67,658.37,Frequent,Family Perk
u_101042,36,4,1,1,478.96,303.31,3.6,male,False,False,US,DFW,357,36,782.27,471.23,Frequent,Family Perk
u_101043,31,4,1,1,505.39,222.98,2.3,male,False,True,US,SFO,1034,31,728.37,1137.84,Frequent,Loyalty Perk
u_101044,28,1,4,1,514.3,169.38,3.2,female,True,False,CA,ATL,292,28,683.68,388.37,Frequent,Flight Discount
u_101045,27,3,1,2,644.39,368.55,6.4,female,True,True,DE,SFO,1005,27,1012.94,1133.29,Frequent,Family Perk
u_101046,41,3,5,1,746.92,137.18,4.4,female,False,True,US,SFO,69,41,884.1,198.41,Frequent,New User Perk
u_101047,34,7,3,2,134.88,186.35,2.2,male,False,True,GB,JFK,595,34,321.23,661.12,Frequent,Hotel Discount
u_101048,41,0,2,2,0.0,338.69,3.9,female,True,False,US,ORD,329,41,338.69,403.87,Frequent,Loyalty Perk
u_101049,42,3,4,0,322.41,71.2,6.3,female,False,False,FR,ORD,1102,42,393.61,1183.36,Frequent,New User Perk
u_101050,20,4,1,1,322.8,60.09,4.9,female,True,False,AU,LGA,893,20,382.89,951.29,Frequent,New User Perk
u_101051,11,7,6,2,168.35,145.74,2.7,female,True,False,AU,BOS,958,11,314.09,1000.41,Frequent,Flight Discount
u_101052,21,8,3,2,196.24,341.13,3.3,male,False,True,US,LGA,82,21,537.37,156.74,Frequent,Hotel Discount
u_101053,3,4,2,0,804.27,69.55,5.3,female,False,True,GB,ATL,300,3,873.82,390.38,Engaged,Loyalty Perk
u_101054,11,3,0,2,877.3,0.0,0.0,male,True,True,US,BOS,722,11,877.3,820.73,Frequent,Loyalty Perk
u_101055,4,8,3,3,649.56,241.83,1.5,female,True,False,AU,BOS,454,4,891.39,547.14,Engaged,Flight Discount
u_101056,42,8,0,0,607.18,0.0,0.0,male,False,True,US,LGA,491,42,607.18,593.72,Frequent,Family Perk
u_101057,33,5,2,3,699.89,284.59,1.1,male,True,True,US,LAX,623,33,984.48,754.45,Frequent,Loyalty Perk
u_101058,3,3,1,3,85.86,295.64,4.5,female,True,True,US,ATL,783,3,381.5,824.15,Engaged,Loyalty Perk
u_101059,1,4,2,2,498.92,105.95,2.2,male,False,True,US,BOS,554,1,604.87,615.49,Engaged,Loyalty Perk
u_101060,29,0,3,3,0.0,121.61,1.7,female,False,False,US,DFW,823,29,121.61,864.16,Frequent,Family Perk
u_101061,20,5,3,0,611.22,130.43,6.3,male,True,False,US,ATL,546,20,741.65,640.16,Frequent,New User Perk
u_101062,22,3,3,3,670.37,210.26,3.3,male,False,True,US,LAX,368,22,880.63,478.06,Frequent,Hotel Discount
u_101063,7,0,6,0,0.0,266.75,6.1,female,False,True,US,ATL,591,7,266.75,624.68,Engaged,Other
u_101064,4,5,1,1,876.17,309.65,3.2,female,False,False,US,JFK,603,4,1185.82,725.58,Engaged,Other
u_101065,10,4,3,1,178.67,272.85,6.7,male,False,True,US,DFW,92,10,451.52,147.15,Frequent,Family Perk
u_101066,16,7,6,2,301.45,296.01,3.9,female,True,True,US,JFK,343,16,597.46,418.75,Frequent,Other
u_101067,28,7,3,1,877.78,251.87,1.3,female,False,True,US,SEA,159,28,1129.65,299.97,Frequent,Hotel Discount
u_101068,2,4,6,1,272.55,206.8,1.0,female,False,False,US,DFW,120,2,479.35,169.94,Engaged,Other
u_101069,24,1,4,2,454.13,215.37,2.0,female,False,True,US,DFW,790,24,669.5,880.95,Frequent,Other
u_101070,38,6,2,3,886.48,318.56,1.9,male,False,False,AU,LAX,1042,38,1205.04,1200.5,Frequent,Loyalty Perk
u_101071,17,2,2,2,609.28,207.77,4.2,female,False,False,US,ATL,366,17,817.05,464.7,Frequent,Loyalty Perk
u_101072,37,2,6,1,756.24,188.72,5.9,female,True,False,FR,LAX,259,37,944.96,390.5,Frequent,Other
u_101073,43,2,5,1,640.89,325.7,3.9,male,True,True,CA,BOS,696,43,966.59,835.66,Frequent,Other
u_101074,23,6,5,0,265.17,275.37,1.9,female,False,False,US,ATL,415,23,540.54,492.05,Frequent,New User Perk
u_101075,16,6,2,1,524.41,83.81,5.9,male,False,True,US,DFW,78,16,608.22,154.82,Frequent,Loyalty Perk
u_101076,5,4,3,0,425.97,175.13,3.4,female,True,True,US,JFK,644,5,601.1,709.11,Engaged,Flight Discount
u_101077,38,7,5,0,636.88,391.95,4.0,female,True,False,AU,ATL,749,38,1028.83,889.88,Frequent,Family Perk
u_101078,40,5,5,3,895.6,182.99,6.8,female,False,True,AU,ATL,207,40,1078.59,354.86,Frequent,Flight Discount
u_101079,25,5,1,3,108.16,158.43,5.7,male,True,True,US,SEA,954,25,266.59,1005.66,Frequent,Loyalty Perk
u_101080,44,0,4,3,0.0,74.18,2.1,female,True,True,US,ATL,592,44,74.18,643.42,Frequent,Hotel Discount
u_101081,32,2,3,2,779.92,63.94,4.6,female,True,False,US,BOS,903,32,843.86,1019.39,Frequent,Loyalty Perk
u_101082,16,0,3,1,0.0,320.36,1.3,male,True,True,DE,SEA,404,16,320.36,452.04,Frequent,Flight Discount
u_101083,11,2,1,0,439.24,178.34,5.2,female,True,False,US,JFK,72,11,617.58,144.76,Frequent,Hotel Discount
u_101084,18,6,4,3,134.89,80.54,6.3,female,True,False,DE,LGA,762,18,215.43,801.54,Frequent,Loyalty Perk
u_101085,6,2,5,1,445.8,398.78,3.2,male,True,True,US,LAX,568,6,844.58,658.46,Engaged,Loyalty Perk
u_101086,15,3,1,2,189.24,295.52,1.1,male,False,True,FR,LGA,152,15,484.76,215.48,Frequent,Loyalty Perk
u_101087,20,2,2,1,785.68,330.43,2.1,male,True,False,FR,LGA,1002,20,1116.11,1133.61,Frequent,Loyalty Perk
u_101088,41,8,6,0,199.81,94.43,4.1,male,True,True,AU,BOS,169,41,294.24,239.42,Frequent,Loyalty Perk
u_101089,15,4,3,0,696.94,65.02,2.9,male,True,True,AU,SFO,838,15,761.96,929.2,Frequent,Loyalty Perk
u_101090,31,8,3,1,277.9,232.44,4.0,female,False,False,US,LAX,183,31,510.34,265.03,Frequent,Flight Discount
u_101091,10,0,2,2,0.0,187.64,3.8,male,False,True,FR,JFK,729,10,187.64,757.76,Frequent,Family Perk
u_101092,25,8,5,1,464.85,81.85,3.9,female,False,False,FR,SEA,731,25,546.7,810.67,Frequent,Hotel Discount
u_101093,39,8,1,2,839.99,163.46,2.4,male,False,False,CA,DFW,421,39,1003.45,560.34,Frequent,Loyalty Perk
u_101094,18,4,4,3,629.14,115.92,4.7,female,True,False,FR,MIA,315,18,745.06,407.51,Frequent,Family Perk
u_101095,21,3,6,3,557.03,110.7,5.3,female,True,False,FR,BOS,626,21,667.73,713.77,Frequent,New User Perk
u_101096,16,6,3,2,844.64,210.68,3.0,male,False,True,DE,SFO,551,16,1055.32,672.53,Frequent,Loyalty Perk
u_101097,1,1,1,2,840.8,209.17,6.9,female,True,False,FR,MIA,597,1,1049.97,703.0,Engaged,Loyalty Perk
u_101098,41,7,4,0,470.62,185.41,1.7,female,True,False,US,MIA,400,41,656.03,506.6,Frequent,Loyalty Perk
u_101099,36,8,2,1,722.77,374.01,5.1,male,True,True,CA,JFK,449,36,1096.78,594.68,Frequent,Flight Discount
u_101100,18,4,3,1,269.0,266.41,4.4,male,True,True,GB,ATL,576,18,535.41,647.54,Frequent,Flight Discount
u_101101,38,5,6,1,220.91,388.24,3.3,female,True,True,US,BOS,1139,38,609.15,1237.91,Frequent,Other
u_101102,7,3,6,3,261.2,210.83,2.0,male,True,False,DE,JFK,385,7,472.03,439.2,Engaged,Loyalty Perk
u_101103,28,6,3,1,270.39,346.55,3.5,female,True,True,US,DFW,939,28,616.94,1028.69,Frequent,Other
u_101104,14,7,3,2,344.11,224.66,4.7,female,False,True,FR,DFW,935,14,568.77,1005.88,Frequent,Family Perk
u_101105,26,3,1,2,369.68,145.95,5.3,female,True,True,AU,LAX,502,26,515.63,579.56,Frequent,Loyalty Perk
u_101106,2,6,4,2,374.81,57.17,3.6,female,True,True,US,SEA,942,2,431.98,987.2,Engaged,Family Perk
u_101107,18,5,2,3,209.64,126.7,4.5,male,False,False,GB,ORD,1089,18,336.34,1140.63,Frequent,Other
u_101108,15,1,5,1,155.75,293.36,1.3,male,True,False,GB,LGA,192,15,449.11,251.91,Frequent,Loyalty Perk
u_101109,28,4,6,1,267.85,159.06,4.1,female,False,True,CA,LAX,504,28,426.91,574.69,Frequent,Loyalty Perk
u_101110,28,2,1,0,742.34,118.38,5.3,male,True,False,FR,SEA,167,28,860.72,281.07,Frequent,Other
u_101111,24,2,1,1,281.43,53.06,6.1,female,True,True,DE,BOS,587,24,334.49,644.45,Frequent,New User Perk
u_101112,4,7,1,1,278.38,263.14,3.2,male,True,False,US,LAX,601,4,541.52,659.15,Engaged,Loyalty Perk
u_101113,41,0,0,3,0.0,0.0,0.0,female,True,True,US,LAX,308,41,0.0,349.0,Frequent,Loyalty Perk
u_101114,26,8,3,2,724.84,252.12,6.0,female,False,False,FR,BOS,859,26,976.96,982.7,Frequent,Flight Discount
u_101115,14,1,4,2,770.4,90.44,6.4,female,True,False,US,LGA,813,14,860.84,913.08,Frequent,New User Perk
u_101116,2,3,3,1,448.95,256.65,5.6,female,True,False,DE,ORD,316,2,705.6,388.56,Engaged,Family Perk
u_101117,15,7,2,3,407.38,299.51,3.2,female,False,True,US,LGA,449,15,706.89,534.69,Frequent,Loyalty Perk
u_101118,19,5,0,2,461.37,0.0,0.0,female,True,True,US,JFK,821,19,461.37,886.14,Frequent,Loyalty Perk
u_101119,36,7,0,3,135.56,0.0,0.0,female,True,False,GB,BOS,708,36,135.56,757.56,Frequent,Other
u_101120,18,0,0,1,0.0,0.0,0.0,male,True,True,US,BOS,1097,18,0.0,1115.0,Frequent,Hotel Discount
u_101121,40,5,2,2,121.75,230.95,1.7,female,False,False,DE,SFO,927,40,352.7,1002.27,Frequent,Family Perk
u_101122,22,7,5,2,198.04,316.74,2.2,female,True,True,US,MIA,816,22,514.78,889.48,Frequent,New User Perk
u_101123,9,3,3,1,422.42,339.07,1.9,male,True,True,CA,LGA,1150,9,761.49,1235.15,Engaged,Hotel Discount
u_101124,17,7,6,0,259.66,370.3,2.0,male,True,True,US,LGA,1040,17,629.96,1120.0,Frequent,Loyalty Perk
u_101125,37,8,4,2,597.85,164.29,1.9,female,False,False,DE,DFW,1095,37,762.14,1208.21,Frequent,Flight Discount
u_101126,18,5,4,2,489.08,303.5,3.4,male,True,True,AU,SEA,645,18,792.58,742.26,Frequent,Loyalty Perk
u_101127,15,3,3,1,839.36,294.08,4.0,female,True,True,FR,ORD,875,15,1133.44,1003.34,Frequent,New User Perk
u_101128,11,7,5,0,715.47,374.14,1.3,female,False,False,US,ORD,861,11,1089.61,980.96,Frequent,New User Perk
u_101129,24,1,2,1,478.95,399.23,6.6,male,False,False,US,SFO,841,24,878.18,952.82,Frequent,Other
u_101130,40,2,2,1,570.35,257.71,6.1,female,False,True,CA,ORD,236,40,828.06,358.81,Frequent,Loyalty Perk
u_101131,45,2,0,0,466.39,0.0,0.0,male,True,False,DE,JFK,96,45,466.39,187.64,Frequent,Flight Discount
u_101132,20,5,0,0,896.98,0.0,0.0,female,False,True,US,LAX,198,20,896.98,307.7,Frequent,Flight Discount
u_101133,7,4,4,2,584.66,234.13,6.0,male,True,True,AU,SEA,612,7,818.79,700.88,Engaged,Other
u_101134,32,3,5,2,106.27,348.25,5.0,female,False,True,FR,JFK,998,32,454.52,1075.45,Frequent,Flight Discount
u_101135,16,4,5,2,252.65,211.45,5.2,female,False,False,AU,MIA,105,16,464.1,167.41,Frequent,Other
u_101136,10,1,2,2,643.94,252.74,5.3,male,True,True,DE,LAX,921,10,896.68,1020.67,Frequent,Flight Discount
u_101137,11,6,1,2,134.17,60.98,6.1,female,True,False,US,SFO,546,11,195.15,576.52,Frequent,Family Perk
u_101138,9,5,5,3,619.89,385.32,5.5,female,False,False,GB,SEA,406,9,1005.21,515.52,Engaged,Family Perk
u_101139,22,2,0,1,276.82,0.0,0.0,male,False,False,US,SEA,1044,22,276.82,1093.68,Frequent,Flight Discount
u_101140,41,5,5,2,736.17,180.56,1.0,male,True,False,US,LGA,1018,41,916.73,1150.67,Frequent,Other
u_101141,18,8,3,1,436.65,382.44,5.8,male,True,True,GB,BOS,961,18,819.09,1060.91,Frequent,New User Perk
u_101142,2,6,4,0,469.1,357.38,6.6,female,False,True,CA,SFO,502,2,826.48,586.65,Engaged,Other
u_101143,15,4,3,2,83.51,130.23,2.3,male,False,False,CA,LGA,950,15,213.74,986.37,Frequent,Other
u_101144,35,8,3,0,491.44,383.41,5.8,male,False,True,US,DFW,657,35,874.85,779.48,Frequent,Hotel Discount
u_101145,19,1,6,1,839.02,186.16,5.4,male,False,True,FR,BOS,392,19,1025.18,513.52,Frequent,New User Perk
u_101146,42,3,3,0,161.56,375.88,5.4,male,True,False,US,SFO,376,42,537.44,471.74,Frequent,Loyalty Perk
u_101147,11,5,0,2,333.78,0.0,0.0,female,False,True,AU,ORD,1140,11,333.78,1184.38,Frequent,Loyalty Perk
u_101148,16,1,6,2,871.42,89.68,3.7,male,True,True,US,LGA,278,16,961.1,390.11,Frequent,Loyalty Perk
u_101149,23,1,2,1,398.06,116.26,6.7,female,True,False,CA,JFK,67,23,514.32,141.43,Frequent,Loyalty Perk
u_101150,11,8,6,1,472.53,373.65,4.8,male,True,True,US,SFO,91,11,846.18,186.62,Frequent,Other
u_101151,14,2,1,3,714.24,311.71,1.4,female,False,True,FR,MIA,494,14,1025.95,610.59,Frequent,Family Perk
u_101152,13,0,0,3,0.0,0.0,0.0,female,False,False,GB,SFO,415,13,0.0,428.0,Frequent,Other
u_101153,1,5,6,3,149.88,345.06,4.6,female,True,False,GB,MIA,1179,1,494.94,1229.49,Engaged,Flight Discount
u_101154,22,1,4,0,724.64,273.33,2.5,male,False,False,FR,BOS,1129,22,997.97,1250.8,Frequent,New User Perk
u_101155,43,2,5,2,748.87,399.75,2.7,female,True,True,US,DFW,873,43,1148.62,1030.86,Frequent,Other
u_101156,27,0,0,2,0.0,0.0,0.0,female,True,False,CA,DFW,701,27,0.0,728.0,Frequent,Other
u_101157,7,4,6,2,341.02,93.3,4.5,male,True,True,GB,JFK,191,7,434.32,241.43,Engaged,Hotel Discount
u_101158,45,8,2,2,162.36,191.28,6.6,female,False,True,FR,ATL,668,45,353.64,748.36,Frequent,Hotel Discount
u_101159,9,1,0,0,167.6,0.0,0.0,female,True,False,CA,LGA,1006,9,167.6,1031.76,Engaged,Other
u_101160,38,8,6,1,147.25,108.93,4.9,female,False,True,CA,LAX,1195,38,256.18,1258.62,Frequent,Flight Discount
u_101161,11,8,1,3,84.33,233.04,2.6,male,True,False,US,LAX,414,11,317.37,456.74,Frequent,Loyalty Perk
u_101162,43,6,1,2,362.3,191.58,4.5,male,True,False,US,ATL,619,43,553.88,717.39,Frequent,Loyalty Perk
u_101163,8,6,4,1,692.36,291.95,4.5,male,False,False,DE,LGA,275,8,984.31,381.43,Engaged,Hotel Discount
u_101164,3,1,5,3,189.03,126.35,6.8,male,True,True,US,ORD,35,3,315.38,69.54,Engaged,Other
u_101165,14,7,1,1,673.94,324.96,6.2,male,True,False,US,SFO,695,14,998.9,808.89,Frequent,Loyalty Perk
u_101166,14,6,2,1,793.36,350.34,5.0,female,False,False,US,LAX,1033,14,1143.7,1161.37,Frequent,Other
u_101167,28,7,1,0,720.74,341.79,5.5,female,False,True,CA,LGA,1103,28,1062.53,1237.25,Frequent,Loyalty Perk
u_101168,18,2,3,0,468.05,316.92,1.4,female,True,False,US,DFW,960,18,784.97,1056.5,Frequent,Hotel Discount
u_101169,25,4,1,3,260.86,366.68,1.1,male,False,True,CA,SEA,510,25,627.54,597.75,Frequent,Family Perk
u_101170,24,8,2,0,302.89,280.4,5.8,female,True,True,US,DFW,856,24,583.29,938.33,Frequent,Loyalty Perk
u_101171,43,8,6,1,594.57,392.11,1.0,male,True,False,CA,ORD,70,43,986.68,211.67,Frequent,Flight Discount
u_101172,12,1,5,2,671.12,198.7,5.2,female,False,True,DE,ORD,586,12,869.82,684.98,Frequent,Hotel Discount
u_101173,40,3,1,2,117.56,167.65,3.8,female,False,True,AU,SEA,523,40,285.21,591.52,Frequent,Loyalty Perk
u_101174,45,1,0,1,269.67,0.0,0.0,female,True,False,FR,LGA,119,45,269.67,190.97,Frequent,Loyalty Perk
u_101175,9,3,5,1,259.15,83.9,2.5,female,True,True,FR,SEA,867,9,343.05,910.3,Engaged,Hotel Discount
u_101176,16,1,0,2,728.7,0.0,0.0,female,False,True,US,SFO,1129,16,728.7,1217.87,Frequent,Flight Discount
u_101177,11,0,6,3,0.0,335.97,2.3,male,True,False,CA,BOS,873,11,335.97,917.6,Frequent,New User Perk
u_101178,28,5,2,3,536.16,107.5,5.4,male,True,True,CA,LGA,1200,28,643.66,1292.37,Frequent,Other
u_101179,3,2,1,1,242.07,153.25,1.4,female,True,True,US,ORD,950,3,395.32,992.53,Engaged,Flight Discount
u_101180,41,4,6,3,206.22,72.14,6.4,male,True,True,US,SFO,1000,41,278.36,1068.84,Frequent,Hotel Discount
u_101181,44,6,0,0,706.82,0.0,0.0,male,False,True,FR,LAX,463,44,706.82,577.68,Frequent,Family Perk
u_101182,18,8,5,2,806.84,105.09,7.0,female,True,False,US,LAX,1121,18,911.93,1230.19,Frequent,Flight Discount
u_101183,29,4,2,2,577.15,374.17,5.8,male,False,False,US,ATL,71,29,951.32,195.13,Frequent,Loyalty Perk
u_101184,8,2,0,1,684.34,0.0,0.0,female,False,False,US,ATL,1122,8,684.34,1198.43,Engaged,Hotel Discount
u_101185,34,2,4,1,735.13,134.17,1.3,male,False,False,US,LGA,1143,34,869.3,1263.93,Frequent,Other
u_101186,6,4,2,2,530.1,339.84,1.3,male,True,False,FR,BOS,1034,6,869.94,1126.99,Engaged,Other
u_101187,10,7,0,3,671.15,0.0,0.0,male,True,True,US,BOS,1149,10,671.15,1226.11,Frequent,Other
u_101188,2,0,6,0,0.0,323.02,5.7,female,False,True,CA,SFO,79,2,323.02,113.3,Engaged,Flight Discount
u_101189,6,1,5,1,474.24,331.88,3.6,male,True,False,US,ATL,1133,6,806.12,1219.61,Engaged,Other
u_101190,25,1,6,2,697.07,141.28,1.5,male,True,True,GB,SFO,332,25,838.35,440.84,Frequent,Loyalty Perk
u_101191,10,2,6,2,491.16,325.91,2.9,female,False,False,FR,JFK,990,10,817.07,1081.71,Frequent,Loyalty Perk
u_101192,4,0,5,2,0.0,360.03,3.3,female,False,True,US,ATL,729,4,360.03,769.0,Engaged,Flight Discount
u_101193,8,3,3,1,734.11,229.09,6.9,female,True,False,AU,ATL,786,8,963.2,890.32,Engaged,Flight Discount
u_101194,36,0,5,3,0.0,68.56,2.2,female,False,True,AU,LGA,870,36,68.56,912.86,Frequent,Loyalty Perk
u_101195,9,1,0,2,737.63,0.0,0.0,female,False,True,FR,LAX,280,9,737.63,362.76,Engaged,Loyalty Perk
u_101196,42,2,4,3,488.73,375.81,4.1,female,True,True,CA,DFW,804,42,864.54,932.45,Frequent,Other
u_101197,10,1,1,3,587.64,153.3,2.0,male,True,False,CA,ORD,1200,10,740.94,1284.09,Frequent,Loyalty Perk
u_101198,16,6,6,1,381.97,303.83,4.2,female,False,False,US,LGA,468,16,685.8,552.58,Frequent,Loyalty Perk
u_101199,19,6,1,2,855.84,180.78,2.7,female,True,False,US,MIA,116,19,1036.62,238.66,Frequent,Flight Discount
u_101200,19,3,6,0,628.3,214.44,2.8,male,False,False,FR,LAX,603,19,842.74,706.27,Frequent,Hotel Discount
u_101201,36,8,4,1,760.94,146.4,5.4,male,True,True,GB,ORD,304,36,907.34,430.73,Frequent,Other
u_101202,19,3,1,1,251.33,317.77,3.1,male,False,True,CA,LGA,1107,19,569.1,1182.91,Frequent,Loyalty Perk
u_101203,7,1,0,3,511.49,0.0,0.0,female,True,False,US,LAX,283,7,511.49,341.15,Engaged,Hotel Discount
u_101204,14,2,3,2,899.54,63.72,3.4,male,True,True,US,SEA,101,14,963.26,211.33,Frequent,Loyalty Perk
u_101205,30,8,6,3,718.71,302.1,4.1,male,False,False,AU,JFK,47,30,1020.81,179.08,Frequent,Loyalty Perk
u_101206,7,5,6,3,171.85,94.77,4.6,male,True,True,US,ATL,56,7,266.62,89.66,Engaged,Flight Discount
u_101207,19,1,5,3,831.67,358.8,5.1,female,False,False,DE,DFW,832,19,1190.47,970.05,Frequent,Hotel Discount
u_101208,39,1,6,0,794.09,273.75,4.5,female,True,True,US,DFW,252,39,1067.84,397.78,Frequent,Family Perk
u_101209,22,0,4,1,0.0,314.78,3.4,male,True,False,FR,SEA,379,22,314.78,432.48,Frequent,Loyalty Perk
u_101210,29,4,2,2,422.98,82.28,6.6,male,True,True,US,ORD,632,29,505.26,711.53,Frequent,Other
u_101211,16,7,3,3,437.0,326.76,1.3,female,True,False,US,SFO,226,16,763.76,318.38,Frequent,Flight Discount
u_101212,4,8,1,2,400.28,359.59,1.5,male,False,True,US,ORD,85,4,759.87,164.99,Engaged,Flight Discount
u_101213,12,3,2,2,371.75,336.09,4.1,female,True,False,US,JFK,405,12,707.84,487.78,Frequent,Family Perk
u_101214,42,2,4,1,886.81,340.99,2.7,male,False,False,AU,BOS,112,42,1227.8,276.78,Frequent,Family Perk
u_101215,20,3,3,1,414.11,124.19,4.9,female,True,False,US,SFO,284,20,538.3,357.83,Frequent,Flight Discount
u_101216,24,1,6,2,314.33,113.62,1.1,female,False,True,US,BOS,957,24,427.95,1023.8,Frequent,Flight Discount
u_101217,36,7,0,2,199.05,0.0,0.0,male,False,False,AU,DFW,779,36,199.05,834.91,Frequent,Other
u_101218,2,8,2,1,861.7,361.69,1.7,male,True,False,US,DFW,486,2,1223.39,610.34,Engaged,Loyalty Perk
u_101219,27,0,4,3,0.0,104.25,4.8,male,False,False,FR,LGA,966,27,104.25,1003.43,Frequent,Hotel Discount
u_101220,36,3,4,1,347.14,281.89,6.4,male,False,True,US,DFW,529,36,629.03,627.9,Frequent,New User Perk
u_101221,27,1,1,3,359.9,242.24,6.1,male,True,False,US,SFO,331,27,602.14,418.21,Frequent,Other
u_101222,36,6,4,3,362.67,270.62,6.5,female,True,False,CA,JFK,473,36,633.29,572.33,Frequent,Family Perk
u_101223,34,5,4,2,883.99,312.65,2.5,female,False,True,US,ORD,423,34,1196.64,576.66,Frequent,Flight Discount
u_101224,18,0,6,0,0.0,341.39,2.0,female,True,True,CA,BOS,488,18,341.39,540.14,Frequent,New User Perk
u_101225,8,6,4,1,141.55,283.91,5.9,female,False,False,US,LGA,715,8,425.46,765.55,Engaged,Flight Discount
u_101226,4,4,0,2,596.49,0.0,0.0,male,True,True,AU,BOS,179,4,596.49,242.65,Engaged,Other
u_101227,41,8,1,3,606.5,269.44,1.3,female,True,False,AU,LAX,784,41,875.94,912.59,Frequent,Other
u_101228,29,4,3,1,127.71,380.03,6.3,female,False,True,DE,SEA,855,29,507.74,934.77,Frequent,Hotel Discount
u_101229,36,1,5,3,674.49,339.1,6.5,female,True,True,GB,LGA,127,36,1013.59,264.36,Frequent,New User Perk
u_101230,44,8,2,0,875.64,119.45,3.7,male,False,True,AU,BOS,212,44,995.09,355.51,Frequent,Other
u_101231,26,1,3,0,460.69,121.72,7.0,female,False,True,US,SFO,366,26,582.41,450.24,Frequent,Other
u_101232,15,6,1,2,188.53,223.51,4.4,male,True,True,AU,JFK,736,15,412.04,792.2,Frequent,Loyalty Perk
u_101233,19,4,2,0,675.31,109.04,4.5,male,True,False,US,BOS,127,19,784.35,224.44,Frequent,Family Perk
u_101234,18,4,0,1,450.43,0.0,0.0,female,False,True,US,MIA,542,18,450.43,605.04,Frequent,Flight Discount
u_101235,32,8,1,1,141.65,341.89,4.8,female,False,True,US,SEA,1036,32,483.54,1116.35,Frequent,Other
u_101236,27,2,4,2,682.33,221.96,5.4,male,True,True,CA,BOS,926,27,904.29,1043.43,Frequent,Other
u_101237,12,8,5,2,414.91,168.46,4.4,female,True,True,US,BOS,950,12,583.37,1020.34,Frequent,Hotel Discount
u_101238,30,7,5,0,410.18,378.37,2.4,male,False,False,AU,JFK,859,30,788.55,967.85,Frequent,Other
u_101239,35,2,0,1,227.97,0.0,0.0,male,True,False,US,MIA,745,35,227.97,802.8,Frequent,Loyalty Perk
u_101240,22,8,3,0,643.13,191.73,1.9,male,True,False,GB,LGA,179,22,834.86,284.49,Frequent,Hotel Discount
u_101241,26,7,6,0,537.17,236.99,5.1,male,True,True,GB,ATL,511,26,774.16,614.42,Frequent,Loyalty Perk
u_101242,22,0,4,1,0.0,281.81,4.3,female,True,True,US,LGA,543,22,281.81,593.18,Frequent,Family Perk
u_101243,33,8,5,0,610.76,149.25,3.7,female,True,False,GB,ATL,1147,33,760.01,1256.0,Frequent,Loyalty Perk
u_101244,16,8,3,3,400.21,118.6,5.6,male,False,True,GB,LAX,412,16,518.81,479.88,Frequent,Loyalty Perk
u_101245,5,7,3,3,395.27,102.47,4.7,female,False,False,US,ATL,923,5,497.74,977.77,Engaged,Flight Discount
u_101246,13,7,5,0,728.23,236.25,5.1,male,True,False,FR,ATL,31,13,964.48,140.45,Frequent,Loyalty Perk
u_101247,2,5,6,3,392.37,266.84,5.1,male,True,False,US,DFW,1195,2,659.21,1262.92,Engaged,Family Perk
u_101248,22,5,2,2,229.7,233.25,3.8,male,True,False,FR,LAX,837,22,462.95,905.3,Frequent,Flight Discount
u_101249,44,8,5,2,727.42,340.61,2.3,female,False,True,US,LAX,428,44,1068.03,578.8,Frequent,Hotel Discount
u_101250,6,5,1,2,672.39,376.26,2.1,male,False,False,US,DFW,733,6,1048.65,843.87,Engaged,Loyalty Perk
u_101251,34,5,0,1,785.57,0.0,0.0,male,False,True,US,SFO,1063,34,785.57,1175.56,Frequent,Family Perk
u_101252,34,4,3,2,92.82,162.15,3.9,female,False,False,US,SEA,618,34,254.97,677.5,Frequent,Flight Discount
u_101253,8,8,6,0,839.58,89.62,3.9,male,True,True,CA,ATL,1021,8,929.2,1121.92,Engaged,Other
u_101254,6,5,1,3,332.22,163.84,3.7,male,False,True,CA,LGA,699,6,496.06,754.61,Engaged,Flight Discount
u_101255,40,3,6,3,470.2,346.06,4.1,male,True,True,US,SFO,517,40,816.26,638.63,Frequent,Other
u_101256,18,2,5,0,312.45,319.42,1.5,female,False,True,US,ATL,754,18,631.87,835.19,Frequent,New User Perk
u_101257,39,2,6,3,85.52,176.35,2.4,female,True,False,FR,LGA,1083,39,261.87,1148.19,Frequent,Flight Discount
u_101258,36,6,3,0,863.55,352.41,4.5,female,False,True,US,SFO,880,36,1215.96,1037.6,Frequent,Loyalty Perk
u_101259,9,7,5,2,498.37,394.1,6.4,female,False,False,CA,LAX,602,9,892.47,700.25,Engaged,New User Perk
u_101260,19,2,4,1,329.72,265.03,1.7,female,False,False,GB,ATL,199,19,594.75,277.48,Frequent,Loyalty Perk
u_101261,3,0,1,2,0.0,180.38,2.4,female,False,True,US,LGA,505,3,180.38,526.04,Engaged,Other
u_101262,5,3,0,2,358.74,0.0,0.0,male,True,True,GB,SFO,99,5,358.74,139.87,Engaged,Flight Discount
u_101263,19,8,4,3,396.38,266.99,5.3,female,True,True,CA,DFW,325,19,663.37,410.34,Frequent,Loyalty Perk
u_101264,42,6,1,0,186.38,346.09,6.9,male,False,False,DE,DFW,373,42,532.47,468.25,Frequent,Loyalty Perk
u_101265,12,8,6,0,684.38,116.65,1.4,female,True,True,FR,ORD,439,12,801.03,531.1,Frequent,Other
u_101266,1,1,4,1,420.6,221.34,2.2,male,False,True,US,MIA,1162,1,641.94,1227.19,Engaged,Loyalty Perk
u_101267,6,7,1,1,817.88,218.03,2.9,male,True,False,AU,BOS,773,6,1035.91,882.59,Engaged,Loyalty Perk
u_101268,37,0,2,1,0.0,266.51,4.1,female,False,True,AU,LAX,958,37,266.51,1021.65,Frequent,Loyalty Perk
u_101269,12,7,0,3,223.95,0.0,0.0,male,True,False,US,BOS,966,12,223.95,1000.39,Frequent,Family Perk
u_101270,21,2,1,1,552.85,248.41,4.7,male,False,True,US,LGA,873,21,801.26,974.13,Frequent,Loyalty Perk
u_101271,16,8,4,1,273.89,108.3,4.9,male,False,False,US,DFW,530,16,382.19,584.22,Frequent,Other
u_101272,8,7,5,3,684.43,358.88,2.3,male,False,False,CA,MIA,835,8,1043.31,947.33,Engaged,New User Perk
u_101273,32,1,1,3,574.96,346.78,4.5,male,False,False,CA,ATL,35,32,921.74,159.17,Frequent,Hotel Discount
u_101274,22,3,5,3,702.99,368.73,5.3,male,False,True,US,LGA,468,22,1071.72,597.17,Frequent,Hotel Discount
u_101275,2,1,1,2,405.65,326.71,6.2,female,True,True,US,LAX,1152,2,732.36,1227.24,Engaged,Loyalty Perk
u_101276,39,7,4,3,366.44,123.71,5.4,male,True,False,FR,SEA,792,39,490.15,880.02,Frequent,Hotel Discount
u_101277,4,0,1,0,0.0,147.35,2.8,female,True,True,FR,MIA,824,4,147.35,842.73,Engaged,Loyalty Perk
u_101278,11,3,6,0,98.73,102.23,4.5,female,True,False,US,SFO,743,11,200.96,774.1,Frequent,Loyalty Perk
u_101279,42,8,1,0,581.91,118.72,1.0,male,False,True,DE,DFW,881,42,700.63,993.06,Frequent,Loyalty Perk
u_101280,8,2,3,0,599.3,306.11,1.7,male,True,False,US,ATL,352,8,905.41,450.54,Engaged,Other
u_101281,8,1,0,0,393.72,0.0,0.0,female,False,False,US,LGA,244,8,393.72,291.37,Engaged,Flight Discount
u_101282,9,5,5,3,844.57,119.28,4.7,male,True,True,US,SEA,468,9,963.85,573.39,Engaged,Flight Discount
u_101283,35,0,5,1,0.0,209.37,6.3,male,False,False,GB,ORD,647,35,209.37,702.94,Frequent,Flight Discount
u_101284,6,4,0,3,592.79,0.0,0.0,male,True,False,US,JFK,317,6,592.79,382.28,Engaged,New User Perk
u_101285,19,6,1,0,768.79,256.99,5.2,male,False,True,US,ATL,781,19,1025.78,902.58,Frequent,Other
u_101286,43,5,1,3,755.26,321.73,2.4,female,False,True,US,ORD,959,43,1076.99,1109.7,Frequent,Other
u_101287,21,8,2,3,331.7,373.41,2.3,female,True,False,GB,BOS,85,21,705.11,176.51,Frequent,Flight Discount
u_101288,4,6,0,2,583.69,0.0,0.0,male,True,True,US,SEA,1011,4,583.69,1073.37,Engaged,Hotel Discount
u_101289,40,0,3,0,0.0,200.93,6.2,female,False,True,US,ATL,75,40,200.93,135.09,Frequent,Hotel Discount
u_101290,22,5,2,1,758.77,289.56,4.9,male,True,False,FR,JFK,484,22,1048.33,610.83,Frequent,Family Perk
u_101291,2,5,3,3,542.83,318.94,3.7,female,True,True,US,JFK,896,2,861.77,984.18,Engaged,Loyalty Perk
u_101292,44,5,2,2,428.64,110.37,2.5,female,True,False,DE,ATL,1012,44,539.01,1109.9,Frequent,Other
u_101293,8,0,4,0,0.0,319.2,5.8,male,False,False,AU,LGA,1083,8,319.2,1122.92,Engaged,Other
u_101294,7,7,3,2,706.02,81.49,2.0,male,True,False,FR,ORD,1087,7,787.51,1172.75,Engaged,Flight Discount
u_101295,10,0,6,0,0.0,390.97,5.2,male,True,False,DE,JFK,979,10,390.97,1028.1,Frequent,Flight Discount
u_101296,4,7,5,1,352.35,389.07,5.9,male,False,False,US,ORD,619,4,741.42,697.14,Engaged,Flight Discount
u_101297,12,1,5,1,100.33,247.8,2.1,female,False,False,US,MIA,1118,12,348.13,1164.81,Frequent,Family Perk
u_101298,17,7,0,1,178.81,0.0,0.0,female,False,False,AU,ATL,41,17,178.81,75.88,Frequent,Other
u_101299,28,6,3,1,144.73,254.8,4.1,male,False,True,DE,DFW,313,28,399.53,380.95,Frequent,Family Perk
u_101300,26,6,3,0,334.69,165.62,4.5,female,True,True,US,DFW,168,26,500.31,244.03,Frequent,Loyalty Perk
u_101301,17,0,0,2,0.0,0.0,0.0,male,False,False,DE,JFK,513,17,0.0,530.0,Frequent,New User Perk
u_101302,43,1,2,1,114.68,263.7,4.0,male,False,True,GB,ORD,639,43,378.38,719.84,Frequent,Loyalty Perk
u_101303,13,7,4,3,641.83,334.78,3.3,female,False,False,US,JFK,1169,13,976.61,1279.66,Frequent,Loyalty Perk
u_101304,14,7,2,0,477.72,249.86,2.5,male,False,False,US,LAX,386,14,727.58,472.76,Frequent,New User Perk
u_101305,39,4,4,0,896.45,206.12,1.1,female,True,True,FR,ATL,570,39,1102.57,719.26,Frequent,New User Perk
u_101306,4,8,3,1,166.67,193.76,6.0,female,True,True,US,SEA,86,4,360.43,126.04,Engaged,Flight Discount
u_101307,44,8,4,3,818.68,364.11,1.5,female,True,True,US,SFO,940,44,1182.79,1102.28,Frequent,Loyalty Perk
u_101308,17,4,4,1,211.79,92.09,6.7,female,True,True,FR,MIA,759,17,303.88,806.39,Frequent,Other
u_101309,35,2,0,0,292.79,0.0,0.0,male,False,False,DE,LGA,125,35,292.79,189.28,Frequent,Loyalty Perk
u_101310,25,1,2,3,155.03,276.78,1.5,female,False,True,US,ORD,353,25,431.81,421.18,Frequent,Family Perk
u_101311,33,2,3,3,554.45,399.67,6.6,female,False,True,AU,BOS,1007,33,954.12,1135.41,Frequent,Loyalty Perk
u_101312,8,4,6,0,727.9,198.23,3.1,male,False,True,GB,ORD,120,8,926.13,220.61,Engaged,Loyalty Perk
u_101313,36,3,2,3,370.31,322.66,3.8,male,True,False,CA,BOS,845,36,692.97,950.3,Frequent,Loyalty Perk
u_101314,35,3,5,2,847.16,200.26,2.6,male,False,False,AU,MIA,1077,35,1047.42,1216.74,Frequent,Hotel Discount
u_101315,22,1,3,1,211.04,376.7,4.5,male,False,True,US,BOS,527,22,587.74,607.77,Frequent,Hotel Discount
u_101316,37,3,2,3,516.82,225.63,4.7,female,False,True,US,BOS,922,37,742.45,1033.25,Frequent,Other
u_101317,29,1,3,0,591.06,72.19,2.8,female,False,False,US,BOS,469,29,663.25,564.33,Frequent,Flight Discount
u_101318,27,1,1,1,469.59,192.67,1.0,male,True,False,US,ORD,412,27,662.26,505.23,Frequent,Other
u_101319,7,6,2,0,826.21,176.11,6.7,male,False,False,FR,BOS,648,7,1002.32,755.23,Engaged,Other
u_101320,42,0,6,1,0.0,293.96,2.6,female,True,True,AU,SFO,1191,42,293.96,1262.4,Frequent,Loyalty Perk
u_101321,9,4,4,0,528.3,384.75,5.4,male,False,False,US,BOS,850,9,913.05,950.3,Engaged,Family Perk
u_101322,18,6,4,0,725.57,343.91,4.7,male,True,False,US,SEA,837,18,1069.48,961.95,Frequent,Loyalty Perk
u_101323,36,7,2,3,545.12,291.04,6.2,female,False,True,AU,ATL,700,36,836.16,819.62,Frequent,Loyalty Perk
u_101324,40,2,5,1,128.04,290.61,3.9,female,False,True,US,JFK,769,40,418.65,850.86,Frequent,Family Perk
u_101325,31,1,3,0,266.2,258.6,5.5,female,True,False,US,JFK,1167,31,524.8,1250.48,Frequent,Hotel Discount
u_101326,42,2,0,2,348.68,0.0,0.0,male,False,False,US,MIA,144,42,348.68,220.87,Frequent,New User Perk
u_101327,20,8,4,2,226.72,152.66,3.3,male,True,True,CA,LAX,798,20,379.38,855.94,Frequent,Family Perk
u_101328,4,5,6,3,294.95,55.02,5.7,female,False,False,DE,MIA,666,4,349.97,705.0,Engaged,Loyalty Perk
u_101329,2,7,6,2,709.76,387.67,2.2,female,False,False,GB,BOS,1067,2,1097.43,1178.74,Engaged,Hotel Discount
u_101330,17,6,3,1,780.52,114.51,3.5,male,False,True,US,SFO,622,17,895.03,728.5,Frequent,New User Perk
u_101331,1,6,1,1,177.1,103.25,2.1,female,False,False,US,LGA,955,1,280.35,984.04,Engaged,Flight Discount
u_101332,21,1,3,0,165.0,111.91,5.3,female,False,False,AU,LAX,234,21,276.91,282.69,Frequent,Family Perk
u_101333,1,1,3,3,474.58,223.09,4.4,female,False,True,US,BOS,431,1,697.67,501.77,Engaged,Flight Discount
u_101334,29,2,5,3,729.87,348.46,4.8,male,False,False,US,DFW,900,29,1078.33,1036.83,Frequent,Other
u_101335,17,3,5,3,360.56,200.53,5.2,male,True,True,US,BOS,820,17,561.09,893.11,Frequent,Flight Discount
u_101336,17,8,1,2,184.89,285.11,5.2,male,False,False,US,SFO,506,17,470.0,570.0,Frequent,Other
u_101337,44,6,2,2,615.31,149.82,3.8,female,False,False,US,LGA,328,44,765.13,448.51,Frequent,Loyalty Perk
u_101338,29,4,6,3,639.38,267.28,5.9,male,True,True,US,LAX,203,29,906.66,322.67,Frequent,Other
u_101339,32,2,0,1,791.44,0.0,0.0,female,True,True,CA,LAX,1166,32,791.44,1277.14,Frequent,Loyalty Perk
u_101340,42,8,0,0,577.53,0.0,0.0,male,True,False,GB,LGA,822,42,577.53,921.75,Frequent,Loyalty Perk
u_101341,25,3,2,1,298.75,362.83,3.0,male,False,False,US,LGA,500,25,661.58,591.16,Frequent,Other
u_101342,26,7,3,2,501.63,73.44,3.5,male,True,True,FR,JFK,382,26,575.07,465.51,Frequent,Other
u_101343,4,8,1,2,644.52,216.29,4.7,female,False,False,CA,MIA,952,4,860.81,1042.08,Engaged,Hotel Discount
u_101344,8,2,4,3,867.48,229.37,2.5,male,True,False,US,ATL,1133,8,1096.85,1250.68,Engaged,Loyalty Perk
u_101345,31,2,6,3,165.82,343.91,5.1,female,True,True,CA,SFO,549,31,509.73,630.97,Frequent,New User Perk
u_101346,18,2,1,1,565.76,106.96,2.4,male,True,False,CA,LAX,1193,18,672.72,1278.27,Frequent,Family Perk
u_101347,11,3,1,0,663.59,244.97,2.3,male,True,False,US,MIA,328,11,908.56,429.86,Frequent,New User Perk
u_101348,1,0,0,3,0.0,0.0,0.0,male,True,True,US,LAX,974,1,0.0,975.0,Other,Flight Discount
u_101349,43,8,6,3,666.19,92.6,4.3,male,True,True,FR,ATL,635,43,758.79,753.88,Frequent,Family Perk
u_101350,36,4,2,1,605.75,79.77,4.1,female,True,False,US,ORD,127,36,685.52,231.55,Frequent,Hotel Discount
u_101351,20,6,6,2,762.29,326.54,1.2,female,False,True,US,SFO,436,20,1088.83,564.88,Frequent,New User Perk
u_101352,24,4,2,3,438.78,76.09,1.1,male,False,False,US,LGA,124,24,514.87,199.49,Frequent,New User Perk
u_101353,1,6,2,2,791.35,298.14,5.2,female,False,False,US,JFK,490,1,1089.49,599.95,Engaged,Family Perk
u_101354,40,4,6,3,114.41,265.31,3.2,male,False,False,US,MIA,1180,40,379.72,1257.97,Frequent,Other
u_101355,10,6,4,3,210.63,262.43,5.7,female,False,True,CA,BOS,1111,10,473.06,1168.31,Frequent,New User Perk
u_101356,40,1,2,0,384.22,256.98,2.1,female,True,False,FR,SEA,958,40,641.2,1062.12,Frequent,Hotel Discount
u_101357,2,1,1,3,802.57,317.4,3.2,female,False,True,US,LAX,1099,2,1119.97,1213.0,Engaged,Other
u_101358,36,0,6,2,0.0,377.08,6.6,male,False,True,CA,JFK,974,36,377.08,1047.71,Frequent,Loyalty Perk
u_101359,19,1,5,1,480.39,184.78,2.1,female,True,False,DE,SEA,182,19,665.17,267.52,Frequent,Family Perk
u_101360,28,4,1,1,195.55,380.06,3.0,male,False,True,AU,LAX,182,28,575.61,267.56,Frequent,Flight Discount
u_101361,36,5,5,2,385.74,341.7,1.3,female,False,False,US,JFK,921,36,727.44,1029.74,Frequent,Family Perk
u_101362,32,0,5,0,0.0,378.33,1.3,male,True,True,US,SFO,847,32,378.33,916.83,Frequent,New User Perk
u_101363,11,3,6,1,308.33,352.58,7.0,female,False,False,US,SEA,1060,11,660.91,1137.09,Frequent,Hotel Discount
u_101364,32,8,5,1,211.95,141.64,3.7,female,False,True,US,JFK,214,32,353.59,281.36,Frequent,Flight Discount
u_101365,1,7,0,0,724.77,0.0,0.0,female,True,False,FR,SFO,1181,1,724.77,1254.48,Engaged,Flight Discount
u_101366,40,2,6,3,806.45,88.22,5.9,male,True,True,GB,LGA,206,40,894.67,335.47,Frequent,Loyalty Perk
u_101367,29,0,6,1,0.0,119.86,1.2,female,True,True,GB,ORD,175,29,119.86,215.99,Frequent,Hotel Discount
u_101368,45,1,4,2,540.65,164.53,2.8,female,True,True,DE,DFW,318,45,705.18,433.52,Frequent,New User Perk
u_101369,9,4,2,3,708.11,194.7,5.4,female,False,True,AU,SFO,1084,9,902.81,1183.28,Engaged,New User Perk
u_101370,14,1,0,2,352.48,0.0,0.0,female,True,False,FR,JFK,344,14,352.48,393.25,Frequent,Other
u_101371,19,3,6,2,439.04,233.41,6.3,female,True,True,US,SEA,525,19,672.45,611.25,Frequent,Family Perk
u_101372,35,6,0,3,447.2,0.0,0.0,male,False,True,AU,DFW,1152,35,447.2,1231.72,Frequent,Family Perk
u_101373,12,5,6,1,393.75,393.49,6.4,female,False,True,FR,DFW,640,12,787.24,730.72,Frequent,Hotel Discount
u_101374,29,7,2,0,402.65,207.14,3.0,male,True,False,GB,LGA,193,29,609.79,282.98,Frequent,Family Perk
u_101375,39,0,4,2,0.0,365.81,2.9,female,True,True,US,LGA,117,39,365.81,192.58,Frequent,Family Perk
u_101376,6,1,3,3,157.7,395.2,1.1,female,True,True,US,JFK,702,6,552.9,763.29,Engaged,Loyalty Perk
u_101377,41,0,3,2,0.0,371.78,2.9,female,False,True,US,LAX,578,41,371.78,656.18,Frequent,New User Perk
u_101378,12,7,2,2,794.98,70.83,1.9,male,True,True,US,LAX,885,12,865.81,983.58,Frequent,Loyalty Perk
u_101379,14,2,2,2,440.93,361.71,3.0,male,True,False,US,SFO,927,14,802.64,1021.26,Frequent,New User Perk
u_101380,30,8,0,2,660.8,0.0,0.0,female,True,False,US,LAX,779,30,660.8,875.08,Frequent,Hotel Discount
u_101381,19,3,2,0,246.68,364.04,1.7,male,True,True,US,MIA,598,19,610.72,678.07,Frequent,Loyalty Perk
u_101382,40,4,0,0,525.06,0.0,0.0,male,True,False,US,BOS,222,40,525.06,314.51,Frequent,Family Perk
u_101383,24,5,1,0,376.3,74.73,1.4,female,True,False,GB,ORD,1027,24,451.03,1096.1,Frequent,Other
u_101384,4,1,4,3,668.05,217.13,1.3,male,True,False,AU,BOS,524,4,885.18,616.52,Engaged,Loyalty Perk
u_101385,19,4,4,2,786.75,57.18,3.4,female,True,True,US,ATL,968,19,843.93,1071.39,Frequent,Other
u_101386,11,5,6,0,139.76,124.38,3.3,male,False,False,US,ORD,552,11,264.14,589.41,Frequent,Family Perk
u_101387,35,4,1,0,594.74,281.52,4.4,female,True,False,US,SEA,336,35,876.26,458.63,Frequent,Flight Discount
u_101388,1,0,4,0,0.0,275.1,6.4,male,False,False,US,JFK,125,1,275.1,153.51,Engaged,Hotel Discount
u_101389,10,1,0,3,401.92,0.0,0.0,male,False,False,US,LGA,480,10,401.92,530.19,Frequent,Family Perk
u_101390,37,8,6,3,345.09,247.96,2.1,male,False,False,DE,SFO,380,37,593.05,476.3,Frequent,New User Perk
u_101391,15,3,3,1,733.82,359.66,1.8,female,False,True,AU,LGA,787,15,1093.48,911.35,Frequent,Loyalty Perk
u_101392,2,2,0,3,173.92,0.0,0.0,male,True,False,DE,SEA,735,2,173.92,754.39,Engaged,Family Perk
u_101393,45,2,0,1,135.37,0.0,0.0,male,True,True,US,MIA,1104,45,135.37,1162.54,Frequent,Other
u_101394,7,1,4,3,253.38,180.0,4.3,female,True,False,US,MIA,197,7,433.38,247.34,Engaged,New User Perk
u_101395,25,8,4,0,661.24,312.64,5.6,female,False,False,US,JFK,514,25,973.88,636.39,Frequent,New User Perk
u_101396,38,7,1,2,351.99,358.72,6.2,male,True,False,US,BOS,226,38,710.71,335.07,Frequent,Loyalty Perk
u_101397,4,2,4,1,584.33,237.83,4.8,male,True,False,US,LGA,498,4,822.16,584.22,Engaged,Other
u_101398,18,7,2,1,679.54,373.59,6.2,male,True,False,US,DFW,254,18,1053.13,377.31,Frequent,Flight Discount
u_101399,9,0,5,1,0.0,392.54,2.7,female,True,True,US,LGA,335,9,392.54,383.25,Engaged,Flight Discount
u_101400,9,1,1,2,668.64,64.5,5.7,male,True,False,DE,SFO,297,9,733.14,379.31,Engaged,Hotel Discount
u_101401,26,3,0,0,362.44,0.0,0.0,female,False,True,AU,DFW,502,26,362.44,564.24,Frequent,Loyalty Perk
u_101402,38,1,4,1,188.26,74.86,1.1,female,False,False,GB,MIA,361,38,263.12,425.31,Frequent,Other
u_101403,25,0,6,1,0.0,253.71,6.7,male,False,True,DE,DFW,476,25,253.71,526.37,Frequent,Other
u_101404,5,6,3,1,203.69,78.41,6.2,male,False,True,FR,DFW,272,5,282.1,305.21,Engaged,Flight Discount
u_101405,24,6,6,3,457.61,313.6,6.3,male,True,False,AU,BOS,814,24,771.21,915.12,Frequent,Family Perk
u_101406,24,5,0,2,556.6,0.0,0.0,female,True,True,FR,MIA,551,24,556.6,630.66,Frequent,Hotel Discount
u_101407,44,4,4,1,668.17,248.64,3.1,male,False,False,AU,ORD,649,44,916.81,784.68,Frequent,Hotel Discount
u_101408,11,6,1,3,803.29,91.11,2.8,female,True,False,US,LAX,330,11,894.4,430.44,Frequent,Loyalty Perk
u_101409,18,2,0,0,517.72,0.0,0.0,female,True,False,FR,SFO,1039,18,517.72,1108.77,Frequent,Hotel Discount
u_101410,6,6,2,1,244.83,168.59,2.4,male,False,True,US,DFW,304,6,413.42,351.34,Engaged,Other
u_101411,24,8,1,1,281.33,382.23,6.7,female,False,True,GB,LGA,101,24,663.56,191.36,Frequent,Loyalty Perk
u_101412,32,6,0,2,883.71,0.0,0.0,male,True,True,GB,BOS,576,32,883.71,696.37,Frequent,New User Perk
u_101413,30,6,4,2,671.83,379.96,6.5,female,False,False,DE,SFO,717,30,1051.79,852.18,Frequent,Family Perk
u_101414,31,4,3,3,843.58,258.13,4.0,female,True,False,GB,ATL,160,31,1101.71,301.17,Frequent,Other
u_101415,19,5,0,0,549.6,0.0,0.0,female,True,True,US,SFO,657,19,549.6,730.96,Frequent,Family Perk
u_101416,24,6,3,2,772.28,113.6,6.1,female,True,False,US,SFO,520,24,885.88,632.59,Frequent,Loyalty Perk
u_101417,8,4,1,3,180.48,334.77,1.3,female,True,True,GB,ATL,572,8,515.25,631.52,Engaged,Flight Discount
u_101418,20,5,2,1,669.08,69.54,4.4,male,True,True,AU,JFK,480,20,738.62,573.86,Frequent,Loyalty Perk
u_101419,35,1,3,2,834.2,99.73,1.7,female,True,True,US,LGA,784,35,933.93,912.39,Frequent,Loyalty Perk
u_101420,14,5,6,2,686.08,111.68,6.3,female,True,False,GB,LAX,1065,14,797.76,1158.78,Frequent,Loyalty Perk
u_101421,32,3,5,1,793.15,376.82,5.1,female,False,False,US,JFK,1113,32,1169.97,1262.0,Frequent,New User Perk
u_101422,29,2,4,3,408.25,163.37,2.1,female,True,True,DE,SEA,988,29,571.62,1074.16,Frequent,Family Perk
u_101423,29,8,0,0,840.61,0.0,0.0,female,True,True,GB,LAX,782,29,840.61,895.06,Frequent,Flight Discount
u_101424,44,2,5,1,133.88,115.21,3.8,male,True,True,US,SEA,429,44,249.09,497.91,Frequent,Hotel Discount
u_101425,26,8,6,0,485.39,107.57,1.2,male,False,True,US,ORD,279,26,592.96,364.3,Frequent,Flight Discount
u_101426,12,0,4,1,0.0,251.46,4.8,female,False,True,FR,MIA,1022,12,251.46,1059.15,Frequent,Hotel Discount
u_101427,16,2,1,1,604.75,319.8,3.7,female,True,False,GB,ORD,419,16,924.55,527.45,Frequent,New User Perk
u_101428,45,3,6,2,264.91,129.32,3.6,male,True,False,GB,SEA,1068,45,394.23,1152.42,Frequent,Other
u_101429,36,7,0,1,399.05,0.0,0.0,male,False,False,US,LGA,1049,36,399.05,1124.91,Frequent,Family Perk
u_101430,7,0,3,0,0.0,104.59,1.6,male,True,True,AU,LGA,1163,7,104.59,1180.46,Engaged,New User Perk
u_101431,35,4,6,3,472.35,163.51,5.5,male,True,False,AU,DFW,298,35,635.86,396.59,Frequent,Hotel Discount
u_101432,2,1,6,2,288.08,103.89,4.4,male,True,True,US,BOS,1189,2,391.97,1230.2,Engaged,Flight Discount
u_101433,25,2,6,2,253.07,279.63,6.4,male,True,False,AU,LGA,526,25,532.7,604.27,Frequent,Flight Discount
u_101434,4,4,3,3,306.14,339.69,1.0,female,True,True,US,BOS,675,4,645.83,743.58,Engaged,Other
u_101435,43,1,1,3,223.1,281.38,4.1,female,True,False,US,LGA,617,43,504.48,710.45,Frequent,Hotel Discount
u_101436,21,4,6,3,116.93,161.45,4.4,male,False,False,AU,JFK,386,21,278.38,434.84,Frequent,Loyalty Perk
u_101437,5,1,4,2,350.56,145.07,4.4,male,False,True,AU,DFW,217,5,495.63,271.56,Engaged,Other
u_101438,32,5,6,1,129.36,331.2,5.9,female,True,False,DE,BOS,67,32,460.56,145.06,Frequent,Loyalty Perk
u_101439,42,7,0,1,677.75,0.0,0.0,female,True,True,US,ATL,213,42,677.75,322.78,Frequent,Hotel Discount
u_101440,26,7,4,3,412.91,248.24,4.1,male,True,True,AU,ATL,471,26,661.15,563.11,Frequent,Flight Discount
u_101441,39,2,1,3,614.67,286.23,1.2,female,False,False,US,JFK,724,39,900.9,853.09,Frequent,Flight Discount
u_101442,41,4,1,0,574.15,270.49,3.3,female,False,False,US,ORD,662,41,844.64,787.46,Frequent,Loyalty Perk
u_101443,3,2,0,0,368.62,0.0,0.0,female,True,True,US,LAX,78,3,368.62,117.86,Engaged,Hotel Discount
u_101444,41,7,6,2,473.55,298.84,1.0,female,False,False,CA,ATL,891,41,772.39,1009.24,Frequent,New User Perk
u_101445,43,6,3,3,324.15,206.74,3.7,female,False,False,CA,BOS,663,43,530.89,759.09,Frequent,Other
u_101446,28,0,2,2,0.0,61.56,3.4,male,False,True,AU,SFO,752,28,61.56,786.16,Frequent,Other
u_101447,25,4,4,3,585.5,387.01,3.6,male,False,True,US,ATL,255,25,972.51,377.25,Frequent,Hotel Discount
u_101448,14,0,5,2,0.0,257.75,5.3,female,True,False,US,SFO,397,14,257.75,436.77,Frequent,Other
u_101449,44,3,3,2,272.51,77.43,2.9,male,True,True,DE,MIA,623,44,349.94,701.99,Frequent,Family Perk
u_101450,43,6,1,2,877.35,313.8,6.2,female,False,False,CA,MIA,628,43,1191.15,790.12,Frequent,Other
u_101451,8,6,4,1,697.44,134.86,5.2,female,False,True,CA,ATL,559,8,832.3,650.23,Engaged,New User Perk
u_101452,17,0,4,1,0.0,101.14,1.3,female,False,True,CA,MIA,702,17,101.14,729.11,Frequent,Hotel Discount
u_101453,38,4,0,1,209.31,0.0,0.0,male,False,True,FR,BOS,46,38,209.31,104.93,Frequent,Loyalty Perk
u_101454,31,0,3,2,0.0,155.48,6.1,female,True,True,US,JFK,742,31,155.48,788.55,Frequent,Other
u_101455,9,2,0,1,88.33,0.0,0.0,female,False,False,DE,ATL,648,9,88.33,665.83,Other,Hotel Discount
u_101456,40,3,4,0,754.83,99.5,5.4,female,False,False,US,LAX,758,40,854.33,883.43,Frequent,Hotel Discount
u_101457,23,8,5,3,236.06,253.82,4.8,male,True,False,GB,MIA,995,23,489.88,1066.99,Frequent,Flight Discount
u_101458,24,8,2,1,292.69,164.54,3.3,female,True,True,US,DFW,203,24,457.23,272.72,Frequent,Other
u_101459,13,6,1,1,107.46,137.03,2.9,female,True,True,CA,LAX,629,13,244.49,666.45,Frequent,Flight Discount
u_101460,15,7,5,3,493.64,292.6,5.8,female,True,True,US,DFW,841,15,786.24,934.62,Frequent,Hotel Discount
u_101461,18,6,6,0,205.45,331.65,1.5,male,True,False,US,ATL,1027,18,537.1,1098.71,Frequent,New User Perk
u_101462,3,4,1,2,127.93,129.93,5.8,female,True,False,CA,ORD,780,3,257.86,808.79,Engaged,Family Perk
u_101463,22,2,3,2,678.46,313.86,5.6,male,True,False,AU,MIA,437,22,992.32,558.23,Frequent,Other
u_101464,9,5,3,0,256.73,357.24,2.4,male,True,True,US,LGA,479,9,613.97,549.4,Engaged,Hotel Discount
u_101465,43,6,6,3,379.46,335.52,3.6,female,False,False,US,JFK,904,43,714.98,1018.5,Frequent,Hotel Discount
u_101466,12,4,5,2,252.7,77.38,6.4,female,False,False,US,LGA,502,12,330.08,547.01,Frequent,Flight Discount
u_101467,14,4,5,1,118.27,239.06,3.8,female,False,True,US,LGA,63,14,357.33,112.73,Frequent,New User Perk
u_101468,24,0,3,3,0.0,370.7,2.6,male,True,True,CA,LGA,1149,24,370.7,1210.07,Frequent,Flight Discount
u_101469,27,1,4,1,839.04,67.52,3.2,male,False,False,GB,DFW,1139,27,906.56,1256.66,Frequent,Loyalty Perk
u_101470,33,1,1,1,339.66,64.04,6.7,female,True,False,US,SFO,732,33,403.7,805.37,Frequent,Hotel Discount
u_101471,16,3,3,0,731.43,84.91,1.5,female,False,True,US,SEA,126,16,816.34,223.63,Frequent,Family Perk
u_101472,27,0,5,0,0.0,209.05,1.3,female,True,True,GB,BOS,1022,27,209.05,1069.91,Frequent,Flight Discount
u_101473,38,4,5,2,226.13,161.42,6.3,male,True,True,GB,JFK,254,38,387.55,330.76,Frequent,Hotel Discount
u_101474,17,3,1,3,229.07,57.51,6.1,male,True,True,DE,MIA,336,17,286.58,381.66,Frequent,Loyalty Perk
u_101475,38,6,6,1,825.19,309.01,1.0,female,True,False,GB,DFW,1135,38,1134.2,1286.42,Frequent,Flight Discount
u_101476,2,4,4,3,497.03,253.04,3.0,male,False,False,CA,SEA,584,2,750.07,661.01,Engaged,Other
u_101477,44,5,0,2,235.36,0.0,0.0,male,True,False,AU,BOS,947,44,235.36,1014.54,Frequent,Loyalty Perk
u_101478,39,5,3,1,299.77,208.32,4.0,male,False,False,US,LAX,683,39,508.09,772.81,Frequent,Loyalty Perk
u_101479,6,6,2,0,196.24,261.61,1.2,male,False,True,US,MIA,785,6,457.85,836.79,Engaged,New User Perk
u_101480,21,6,1,0,204.34,161.21,5.5,male,True,False,US,JFK,853,21,365.55,910.55,Frequent,Loyalty Perk
u_101481,40,4,5,1,115.05,181.94,3.0,male,False,True,AU,LAX,560,40,296.99,629.7,Frequent,Hotel Discount
u_101482,7,3,5,0,115.76,250.86,6.1,male,False,True,US,ORD,489,7,366.62,532.66,Engaged,Loyalty Perk
u_101483,7,2,6,0,385.13,153.63,5.0,male,True,True,US,LAX,260,7,538.76,320.88,Engaged,Loyalty Perk
u_101484,26,4,0,0,706.13,0.0,0.0,male,False,False,FR,SEA,254,26,706.13,350.61,Frequent,Loyalty Perk
u_101485,9,0,0,3,0.0,0.0,0.0,female,True,False,CA,DFW,393,9,0.0,402.0,Other,Loyalty Perk
u_101486,34,5,6,3,603.0,148.62,6.2,female,False,False,US,SFO,666,34,751.62,775.16,Frequent,Loyalty Perk
u_101487,43,2,0,1,666.18,0.0,0.0,male,False,True,US,DFW,923,43,666.18,1032.62,Frequent,New User Perk
u_101488,20,1,0,2,213.74,0.0,0.0,male,True,True,US,LGA,548,20,213.74,589.37,Frequent,New User Perk
u_101489,45,1,0,3,787.41,0.0,0.0,male,False,False,FR,ATL,944,45,787.41,1067.74,Frequent,Loyalty Perk
u_101490,45,3,0,0,126.75,0.0,0.0,female,False,True,US,BOS,914,45,126.75,971.68,Frequent,Flight Discount
u_101491,23,3,5,1,522.18,117.69,3.4,male,True,True,US,LGA,227,23,639.87,313.99,Frequent,Family Perk
u_101492,34,3,4,0,846.96,243.6,2.0,male,False,True,CA,ORD,885,34,1090.56,1028.06,Frequent,Flight Discount
u_101493,35,6,1,3,700.15,376.75,6.1,male,True,True,DE,MIA,393,35,1076.9,535.69,Frequent,Other
u_101494,27,1,4,2,600.7,359.15,6.8,male,False,True,US,SEA,854,27,959.85,976.98,Frequent,Other
u_101495,20,1,0,0,235.69,0.0,0.0,female,True,True,AU,BOS,1065,20,235.69,1108.57,Frequent,Flight Discount
u_101496,33,3,2,1,458.09,260.03,6.1,male,True,True,US,BOS,1112,33,718.12,1216.81,Frequent,New User Perk
u_101497,7,0,3,2,0.0,338.93,2.0,male,False,False,DE,MIA,1132,7,338.93,1172.89,Engaged,Loyalty Perk
u_101498,39,7,3,0,457.73,226.11,1.7,female,True,True,US,SEA,888,39,683.84,995.38,Frequent,Loyalty Perk
u_101499,44,0,5,1,0.0,295.52,3.3,male,False,False,DE,LAX,847,44,295.52,920.55,Frequent,Loyalty Perk
u_101500,29,3,2,1,361.61,128.23,2.6,male,False,True,US,SFO,921,29,489.84,998.98,Frequent,Loyalty Perk
u_101501,39,0,3,2,0.0,269.59,1.9,male,False,False,US,ATL,873,39,269.59,938.96,Frequent,Loyalty Perk
u_101502,2,8,0,3,331.73,0.0,0.0,female,True,False,AU,SEA,1049,2,331.73,1084.17,Engaged,Family Perk
u_101503,33,3,6,2,172.29,211.72,2.7,female,False,False,CA,JFK,968,33,384.01,1039.4,Frequent,Hotel Discount
u_101504,7,6,2,0,297.48,160.61,5.8,female,True,False,FR,BOS,371,7,458.09,423.81,Engaged,Loyalty Perk
u_101505,3,2,3,1,868.17,63.68,3.4,female,True,False,US,JFK,1162,3,931.85,1258.19,Engaged,Loyalty Perk
u_101506,17,5,4,0,711.54,50.19,6.3,male,True,True,CA,BOS,1167,17,761.73,1260.17,Frequent,Loyalty Perk
u_101507,36,3,4,3,294.77,349.11,7.0,male,False,False,CA,BOS,1163,36,643.88,1263.39,Frequent,Hotel Discount
u_101508,1,0,0,1,0.0,0.0,0.0,male,True,True,DE,SFO,124,1,0.0,125.0,Other,Family Perk
u_101509,2,5,3,2,159.61,141.37,4.4,female,False,True,GB,ORD,927,2,300.98,959.1,Engaged,Loyalty Perk
u_101510,31,0,5,0,0.0,235.79,2.0,female,False,False,US,BOS,101,31,235.79,155.58,Frequent,Other
u_101511,15,4,2,2,858.75,138.22,4.6,male,False,False,US,LGA,118,15,996.97,232.7,Frequent,Flight Discount
u_101512,24,2,2,0,389.82,325.59,1.8,female,False,False,FR,MIA,692,24,715.41,787.54,Frequent,Family Perk
u_101513,12,2,6,1,182.41,52.77,2.4,female,False,True,GB,MIA,633,12,235.18,668.52,Frequent,Other
u_101514,25,4,4,2,641.48,163.99,4.6,male,False,False,CA,SEA,925,25,805.47,1030.55,Frequent,Family Perk
u_101515,32,1,1,2,353.07,171.69,1.6,male,True,True,GB,LGA,145,32,524.76,229.48,Frequent,Hotel Discount
u_101516,5,7,1,1,599.31,212.16,1.9,male,False,True,US,JFK,584,5,811.47,670.15,Engaged,Flight Discount
u_101517,21,2,1,2,219.66,344.59,1.8,male,False,False,GB,BOS,670,21,564.25,747.42,Frequent,Loyalty Perk
u_101518,6,7,0,0,355.51,0.0,0.0,male,False,False,GB,ATL,136,6,355.51,177.55,Engaged,Flight Discount
u_101519,29,7,2,2,466.73,317.64,4.8,male,False,False,US,DFW,760,29,784.37,867.44,Frequent,Loyalty Perk
u_101520,8,5,4,2,655.91,392.99,3.8,female,False,False,US,SEA,562,8,1048.9,674.89,Engaged,New User Perk
u_101521,33,8,0,1,240.09,0.0,0.0,male,True,False,US,SEA,1115,33,240.09,1172.01,Frequent,Hotel Discount
u_101522,39,2,3,0,500.64,227.11,6.3,male,True,True,US,BOS,1170,39,727.75,1281.78,Frequent,Hotel Discount
u_101523,19,8,3,1,339.1,71.91,2.1,male,False,False,US,LGA,941,19,411.01,1001.1,Frequent,Flight Discount
u_101524,31,8,0,0,499.74,0.0,0.0,female,False,True,GB,ORD,249,31,499.74,329.97,Frequent,Loyalty Perk
u_101525,32,1,5,3,443.01,182.61,2.0,female,True,False,CA,MIA,844,32,625.62,938.56,Frequent,Family Perk
u_101526,9,4,3,3,294.83,367.11,1.3,male,False,True,US,MIA,89,9,661.94,164.19,Engaged,Loyalty Perk
u_101527,37,0,4,1,0.0,341.43,5.1,male,True,False,DE,ORD,727,37,341.43,798.14,Frequent,Loyalty Perk
u_101528,42,4,3,2,683.62,230.11,4.1,male,False,False,CA,LAX,967,42,913.73,1100.37,Frequent,Flight Discount
u_101529,41,5,6,1,855.27,309.66,6.1,female,True,False,DE,SFO,135,41,1164.93,292.49,Frequent,Loyalty Perk
u_101530,43,1,6,1,325.38,239.16,4.8,male,False,False,FR,ATL,955,43,564.54,1054.45,Frequent,Flight Discount
u_101531,17,5,6,0,727.72,328.18,2.2,female,True,False,FR,DFW,1046,17,1055.9,1168.59,Frequent,Other
u_101532,14,0,1,2,0.0,313.19,6.1,male,False,True,US,LAX,263,14,313.19,308.32,Frequent,New User Perk
u_101533,37,0,6,0,0.0,308.26,4.7,male,False,True,CA,SFO,371,37,308.26,438.83,Frequent,New User Perk
u_101534,10,8,6,3,838.18,254.82,2.3,female,False,True,GB,SFO,795,10,1093.0,914.3,Frequent,Other
u_101535,13,2,5,3,96.38,310.54,1.7,female,True,False,US,SFO,523,13,406.92,576.69,Frequent,Flight Discount
u_101536,37,7,2,1,609.98,160.3,1.7,male,True,True,FR,LAX,903,37,770.28,1017.03,Frequent,New User Perk
u_101537,3,4,2,0,801.04,154.77,5.3,male,False,True,FR,JFK,453,3,955.81,551.58,Engaged,Flight Discount
u_101538,9,7,0,1,645.97,0.0,0.0,female,False,True,AU,MIA,1073,9,645.97,1146.6,Engaged,Family Perk
u_101539,40,0,5,0,0.0,269.32,4.3,female,True,True,GB,ORD,911,40,269.32,977.93,Frequent,Loyalty Perk
u_101540,25,6,1,3,545.84,174.97,5.7,female,False,True,US,SFO,266,25,720.81,363.08,Frequent,Flight Discount
u_101541,33,3,3,3,229.0,59.86,2.0,female,True,False,US,LAX,893,33,288.86,954.89,Frequent,Flight Discount
u_101542,19,2,4,0,389.72,139.21,1.4,female,False,True,GB,ORD,874,19,528.93,945.89,Frequent,Other
u_101543,35,4,3,2,115.14,180.66,1.7,male,False,False,US,SFO,416,35,295.8,480.58,Frequent,Flight Discount
u_101544,17,2,3,3,251.0,97.01,6.1,male,True,False,US,LGA,239,17,348.01,290.8,Frequent,Loyalty Perk
u_101545,38,3,4,2,731.28,374.3,4.5,female,False,False,US,BOS,121,38,1105.58,269.56,Frequent,Hotel Discount
u_101546,33,8,6,2,849.56,228.2,5.6,female,False,True,US,LAX,685,33,1077.76,825.78,Frequent,Family Perk
u_101547,30,2,6,3,181.09,143.06,2.2,female,True,True,GB,BOS,900,30,324.15,962.41,Frequent,New User Perk
u_101548,13,4,1,0,495.95,121.94,3.8,male,True,False,CA,LGA,765,13,617.89,839.79,Frequent,New User Perk
u_101549,31,7,0,2,157.32,0.0,0.0,male,True,True,AU,DFW,47,31,157.32,93.73,Frequent,Other
u_101550,2,2,4,1,404.64,172.04,5.7,male,False,True,FR,MIA,110,2,576.68,169.67,Engaged,Loyalty Perk
u_101551,3,5,3,3,189.84,143.99,2.7,male,True,True,US,ATL,70,3,333.83,106.38,Engaged,Other
u_101552,18,5,6,1,768.95,275.14,1.4,female,False,True,US,LAX,1018,18,1044.09,1140.41,Frequent,Flight Discount
u_101553,35,7,0,3,203.84,0.0,0.0,female,True,True,US,DFW,828,35,203.84,883.38,Frequent,Loyalty Perk
u_101554,6,7,6,2,730.63,114.93,1.1,female,True,True,US,SFO,468,6,845.56,558.56,Engaged,Other
u_101555,20,6,4,3,161.36,183.52,1.3,male,True,True,US,ORD,54,20,344.88,108.49,Frequent,Flight Discount
u_101556,3,0,4,2,0.0,322.8,2.4,female,False,True,US,LAX,878,3,322.8,913.28,Engaged,Flight Discount
u_101557,38,0,0,2,0.0,0.0,0.0,male,False,True,AU,BOS,982,38,0.0,1020.0,Frequent,Loyalty Perk
u_101558,16,2,2,0,101.32,211.49,4.7,female,True,True,US,SEA,213,16,312.81,260.28,Frequent,Loyalty Perk
u_101559,7,3,4,3,544.42,310.14,3.8,male,False,True,US,JFK,184,7,854.56,276.46,Engaged,Hotel Discount
u_101560,17,5,6,2,689.65,327.32,7.0,female,True,True,US,LGA,257,17,1016.97,375.7,Frequent,Loyalty Perk
u_101561,20,3,3,0,886.27,100.64,2.4,male,False,True,DE,DFW,647,20,986.91,765.69,Frequent,Loyalty Perk
u_101562,42,6,0,1,360.7,0.0,0.0,male,True,False,US,JFK,469,42,360.7,547.07,Frequent,Hotel Discount
u_101563,18,4,5,3,734.23,216.06,2.1,female,True,True,US,ATL,76,18,950.29,189.03,Frequent,Other
u_101564,15,2,3,3,144.7,212.97,5.9,male,False,False,GB,JFK,1171,15,357.67,1221.77,Frequent,Hotel Discount
u_101565,35,5,0,3,110.39,0.0,0.0,male,False,False,GB,ATL,246,35,110.39,292.04,Frequent,Flight Discount
u_101566,35,6,6,2,680.66,330.82,6.3,male,False,True,US,MIA,552,35,1011.48,688.15,Frequent,Flight Discount
u_101567,25,0,0,2,0.0,0.0,0.0,female,False,True,US,SEA,668,25,0.0,693.0,Frequent,Loyalty Perk
u_101568,37,1,4,0,482.37,266.9,4.4,male,True,False,FR,JFK,205,37,749.27,316.93,Frequent,Loyalty Perk
u_101569,26,2,6,1,724.05,392.88,2.7,male,True,False,FR,ORD,580,26,1116.93,717.69,Frequent,Family Perk
u_101570,8,3,4,3,341.22,201.09,1.9,female,False,True,FR,LAX,49,8,542.31,111.23,Engaged,Loyalty Perk
u_101571,23,5,0,1,704.32,0.0,0.0,male,True,False,US,LGA,34,23,704.32,127.43,Frequent,Flight Discount
u_101572,30,3,4,0,581.99,51.18,4.1,male,False,True,CA,MIA,1193,30,633.17,1286.32,Frequent,Flight Discount
u_101573,2,1,3,1,752.73,98.6,4.0,male,False,True,AU,LGA,965,2,851.33,1052.13,Engaged,Other
u_101574,22,4,4,0,853.1,353.31,4.3,female,True,False,US,BOS,1013,22,1206.41,1155.64,Frequent,New User Perk
u_101575,39,8,2,1,284.21,91.56,1.6,female,True,True,US,LGA,530,39,375.77,606.58,Frequent,Other
u_101576,43,8,5,2,649.33,165.4,1.8,male,True,True,GB,JFK,662,43,814.73,786.47,Frequent,Other
u_101577,24,3,2,1,307.74,193.89,3.7,male,True,False,US,JFK,798,24,501.63,872.16,Frequent,Flight Discount
u_101578,29,2,5,0,158.3,242.69,2.6,female,False,False,AU,MIA,62,29,400.99,131.1,Frequent,Other
u_101579,29,4,0,1,868.0,0.0,0.0,male,True,True,US,BOS,830,29,868.0,945.8,Frequent,Other
u_101580,9,7,1,2,602.48,117.43,2.9,female,True,False,CA,SFO,485,9,719.91,565.99,Engaged,Flight Discount
u_101581,11,1,6,1,532.36,166.21,4.3,female,True,True,CA,JFK,887,11,698.57,967.86,Frequent,Family Perk
u_101582,43,6,0,0,129.88,0.0,0.0,male,False,False,US,DFW,384,43,129.88,439.99,Frequent,Other
u_101583,6,2,4,1,508.34,210.4,1.2,female,False,False,US,LGA,389,6,718.74,466.87,Engaged,Hotel Discount
u_101584,9,0,5,2,0.0,381.28,5.3,male,False,True,GB,JFK,53,9,381.28,100.13,Engaged,Hotel Discount
u_101585,20,6,5,0,875.93,156.91,2.1,female,False,False,US,DFW,325,20,1032.84,448.28,Frequent,Loyalty Perk
u_101586,7,1,2,1,85.61,224.73,5.5,female,True,False,AU,LGA,449,7,310.34,487.03,Engaged,Other
u_101587,23,8,3,0,482.76,193.44,2.0,female,False,True,CA,ORD,680,23,676.2,770.62,Frequent,Other
u_101588,1,8,3,3,656.95,185.6,3.1,male,False,True,AU,SEA,849,1,842.55,934.25,Engaged,New User Perk
u_101589,35,7,4,2,727.89,152.71,3.8,male,False,True,DE,MIA,194,35,880.6,317.06,Frequent,Other
u_101590,27,1,6,2,490.49,219.18,2.8,male,True,False,US,LGA,328,27,709.67,425.97,Frequent,Loyalty Perk
u_101591,20,6,5,3,529.1,381.62,1.9,female,False,True,CA,LGA,718,20,910.72,829.07,Frequent,Flight Discount
u_101592,17,2,0,3,621.14,0.0,0.0,female,False,False,US,SFO,596,17,621.14,675.11,Frequent,New User Perk
u_101593,35,8,0,1,460.15,0.0,0.0,male,True,True,DE,ORD,35,35,460.15,116.02,Frequent,New User Perk
u_101594,44,4,4,1,673.69,234.88,2.7,female,True,False,US,SFO,889,44,908.57,1023.86,Frequent,Other
u_101595,7,1,0,1,154.71,0.0,0.0,female,False,False,US,SFO,789,7,154.71,811.47,Engaged,Loyalty Perk
u_101596,8,6,0,2,581.27,0.0,0.0,female,True,True,US,LGA,1111,8,581.27,1177.13,Engaged,Hotel Discount
u_101597,25,0,0,1,0.0,0.0,0.0,male,False,True,US,BOS,364,25,0.0,389.0,Frequent,Family Perk
u_101598,40,0,0,0,0.0,0.0,0.0,male,True,False,FR,ATL,595,40,0.0,635.0,Frequent,Flight Discount
u_101599,16,1,6,3,692.98,256.39,3.8,male,True,False,DE,JFK,1166,16,949.37,1276.94,Frequent,Flight Discount
u_101600,4,8,2,0,557.1,149.71,6.9,male,False,True,GB,ATL,985,4,706.81,1059.68,Engaged,Family Perk
u_101601,14,7,2,1,356.91,107.98,1.7,female,False,True,US,JFK,997,14,464.89,1057.49,Frequent,Other
u_101602,39,0,5,1,0.0,213.78,6.7,female,True,False,US,SEA,246,39,213.78,306.38,Frequent,Other
u_101603,44,6,2,3,482.14,92.22,2.2,male,False,True,US,ORD,723,44,574.36,824.44,Frequent,Family Perk
u_101604,1,2,6,2,528.56,285.81,5.3,male,False,False,FR,JFK,780,1,814.37,862.44,Engaged,Other
u_101605,43,4,1,1,254.9,188.34,2.1,female,True,True,US,DFW,278,43,443.24,365.32,Frequent,New User Perk
u_101606,30,4,3,3,96.34,330.3,5.1,male,False,False,FR,SFO,760,30,426.64,832.66,Frequent,Family Perk
u_101607,21,0,5,0,0.0,343.56,6.4,male,True,False,US,JFK,327,21,343.56,382.36,Frequent,Flight Discount
u_101608,24,0,6,2,0.0,362.48,1.9,male,False,True,US,ORD,463,24,362.48,523.25,Frequent,Family Perk
u_101609,19,8,0,1,99.34,0.0,0.0,male,True,True,CA,BOS,647,19,99.34,675.93,Frequent,Loyalty Perk
u_101610,3,2,0,2,827.51,0.0,0.0,female,True,True,GB,ORD,802,3,827.51,887.75,Engaged,Other
u_101611,15,5,1,2,530.96,82.72,3.0,female,False,False,AU,ORD,272,15,613.68,348.37,Frequent,Loyalty Perk
u_101612,32,8,6,3,781.53,92.8,3.8,female,False,False,CA,LAX,1160,32,874.33,1279.43,Frequent,Other
u_101613,22,1,1,1,565.67,317.78,4.0,male,True,True,DE,SEA,231,22,883.45,341.34,Frequent,Family Perk
u_101614,30,2,1,3,95.47,153.47,2.8,female,True,False,US,ATL,787,30,248.94,841.89,Frequent,Family Perk
u_101615,23,1,3,0,102.4,121.25,6.0,female,False,False,US,LGA,979,23,223.65,1024.37,Frequent,New User Perk
u_101616,31,0,1,0,0.0,220.34,2.8,female,False,False,FR,ORD,497,31,220.34,550.03,Frequent,Flight Discount
u_101617,33,5,5,3,630.81,184.16,2.0,male,False,False,US,DFW,383,33,814.97,497.5,Frequent,Loyalty Perk
u_101618,36,8,6,2,897.57,207.04,3.6,female,False,True,DE,LAX,308,36,1104.61,454.46,Frequent,Family Perk
u_101619,14,5,1,3,470.23,292.07,3.1,female,True,True,DE,JFK,286,14,762.3,376.23,Frequent,Flight Discount
u_101620,17,8,4,3,564.88,131.81,1.3,female,False,True,AU,LGA,715,17,696.69,801.67,Frequent,Hotel Discount
u_101621,44,8,6,1,468.9,252.2,5.5,male,False,True,GB,LGA,700,44,721.1,816.11,Frequent,New User Perk
u_101622,13,5,3,3,127.37,215.79,4.6,female,False,False,US,SFO,978,13,343.16,1025.32,Frequent,Loyalty Perk
u_101623,5,0,1,2,0.0,101.51,2.1,female,False,False,US,MIA,460,5,101.51,475.15,Engaged,Loyalty Perk
u_101624,12,2,5,1,475.36,87.25,1.5,male,False,True,US,LGA,981,12,562.61,1049.26,Frequent,Other
u_101625,28,2,0,2,209.24,0.0,0.0,female,False,True,DE,JFK,1142,28,209.24,1190.92,Frequent,Other
u_101626,3,5,1,0,765.15,384.37,1.0,female,False,False,FR,ORD,396,3,1149.52,513.95,Engaged,Family Perk
u_101627,12,6,2,3,759.64,71.19,4.3,male,False,True,US,DFW,176,12,830.83,271.08,Frequent,Hotel Discount
u_101628,29,0,2,0,0.0,379.48,2.7,male,True,True,AU,ORD,436,29,379.48,502.95,Frequent,Loyalty Perk
u_101629,25,3,6,0,787.68,204.2,4.4,female,False,True,CA,DFW,938,25,991.88,1062.19,Frequent,Hotel Discount
u_101630,21,4,0,1,802.4,0.0,0.0,male,True,True,US,MIA,1156,21,802.4,1257.24,Frequent,Family Perk
u_101631,32,2,4,0,211.25,250.41,5.9,male,True,True,DE,LAX,485,32,461.66,563.17,Frequent,Hotel Discount
u_101632,28,6,3,3,609.62,338.42,3.7,male,False,False,US,LAX,370,28,948.04,492.8,Frequent,Family Perk
u_101633,40,5,0,3,672.68,0.0,0.0,female,False,True,DE,DFW,1065,40,672.68,1172.27,Frequent,Loyalty Perk
u_101634,24,6,6,0,219.11,240.97,5.0,female,False,True,AU,SEA,241,24,460.08,311.01,Frequent,Other
u_101635,24,4,6,1,588.15,147.82,4.3,male,True,True,US,JFK,100,24,735.97,197.6,Frequent,Loyalty Perk
u_101636,14,2,0,1,280.64,0.0,0.0,male,True,False,US,ORD,167,14,280.64,209.06,Frequent,Loyalty Perk
u_101637,40,3,2,2,349.42,301.27,6.4,female,False,False,US,JFK,492,40,650.69,597.07,Frequent,Flight Discount
u_101638,11,4,6,1,403.17,107.12,3.6,female,True,True,US,ORD,44,11,510.29,106.03,Frequent,Other
u_101639,18,4,0,1,801.36,0.0,0.0,male,False,True,US,LAX,147,18,801.36,245.14,Frequent,Other
u_101640,8,2,1,3,409.22,76.34,3.8,female,False,False,US,LGA,791,8,485.56,847.56,Engaged,Family Perk
u_101641,18,1,4,1,819.38,169.66,6.9,male,True,False,US,ATL,230,18,989.04,346.9,Frequent,Hotel Discount
u_101642,7,7,2,1,672.49,94.84,3.5,male,False,False,US,ORD,591,7,767.33,674.73,Engaged,Loyalty Perk
u_101643,10,0,4,3,0.0,92.16,5.9,male,False,False,AU,JFK,498,10,92.16,517.22,Frequent,Loyalty Perk
u_101644,4,3,1,0,131.49,291.88,6.2,male,False,False,US,DFW,756,4,423.37,802.34,Engaged,Flight Discount
u_101645,38,1,2,1,626.28,67.28,6.1,male,False,True,US,JFK,1023,38,693.56,1130.36,Frequent,Flight Discount
u_101646,9,5,5,2,785.18,103.66,1.6,female,True,False,DE,ATL,1146,9,888.84,1243.88,Engaged,Other
u_101647,20,8,3,3,113.99,222.45,3.3,female,False,True,US,LGA,436,20,336.44,489.64,Frequent,Hotel Discount
u_101648,23,0,1,2,0.0,213.54,4.3,male,True,False,GB,JFK,623,23,213.54,667.35,Frequent,Other
u_101649,34,8,1,1,877.58,162.22,3.6,female,True,False,FR,SFO,1008,34,1039.8,1145.98,Frequent,Other
u_101650,9,2,2,2,837.66,351.79,4.8,male,True,False,AU,SEA,683,9,1189.45,810.95,Engaged,Flight Discount
u_101651,12,2,6,2,87.07,87.2,2.1,male,False,True,FR,LAX,860,12,174.27,889.43,Frequent,New User Perk
u_101652,13,4,1,0,154.32,381.02,5.8,female,False,True,FR,MIA,533,13,535.34,599.53,Frequent,Flight Discount
u_101653,39,6,3,1,761.81,205.18,1.8,male,False,True,US,LGA,846,39,966.99,981.7,Frequent,Other
u_101654,12,1,3,2,610.55,56.57,2.4,female,True,False,AU,ORD,183,12,667.12,261.71,Frequent,Flight Discount
u_101655,35,2,1,1,324.26,212.29,1.5,male,True,True,GB,ORD,485,35,536.55,573.65,Frequent,Flight Discount
u_101656,10,7,3,0,342.7,148.35,1.7,male,True,False,US,BOS,886,10,491.05,945.11,Frequent,Family Perk
u_101657,19,3,5,2,88.47,250.36,2.4,male,False,False,US,MIA,385,19,338.83,437.88,Frequent,Other
u_101658,15,1,1,1,724.93,90.13,4.9,female,True,False,AU,LAX,560,15,815.06,656.51,Frequent,Hotel Discount
u_101659,7,6,2,2,817.94,150.7,6.5,male,False,False,US,ORD,432,7,968.64,535.86,Engaged,Hotel Discount
u_101660,31,6,6,0,426.03,292.39,5.7,female,False,False,FR,SFO,628,31,718.42,730.84,Frequent,Loyalty Perk
u_101661,21,5,0,3,96.21,0.0,0.0,male,False,False,US,SEA,207,21,96.21,237.62,Frequent,Hotel Discount
u_101662,3,2,2,1,445.14,143.31,2.6,female,True,True,CA,LAX,1046,3,588.45,1107.85,Engaged,Other
u_101663,33,6,4,2,447.88,316.3,1.1,female,False,False,GB,ORD,765,33,764.18,874.42,Frequent,Flight Discount
u_101664,36,0,2,3,0.0,110.53,4.1,female,True,False,US,MIA,575,36,110.53,622.05,Frequent,Other
u_101665,22,5,3,2,222.99,186.79,2.7,male,True,False,US,BOS,687,22,409.78,749.98,Frequent,Flight Discount
u_101666,5,4,5,3,120.93,221.06,4.9,male,True,True,DE,BOS,870,5,341.99,909.2,Engaged,New User Perk
u_101667,17,4,1,3,122.01,304.71,1.5,female,True,False,FR,BOS,954,17,426.72,1013.67,Frequent,New User Perk
u_101668,9,6,6,1,411.39,373.62,6.4,female,False,False,AU,SEA,167,9,785.01,254.5,Engaged,Other
u_101669,37,0,0,1,0.0,0.0,0.0,female,True,False,FR,ATL,957,37,0.0,994.0,Frequent,Family Perk
u_101670,22,0,5,3,0.0,277.43,6.0,male,True,True,FR,DFW,818,22,277.43,867.74,Frequent,Loyalty Perk
u_101671,22,0,1,1,0.0,205.47,6.5,male,False,False,AU,LGA,1072,22,205.47,1114.55,Frequent,Flight Discount
u_101672,2,6,3,0,529.35,97.47,5.4,male,False,False,DE,ORD,891,2,626.82,955.68,Engaged,Hotel Discount
u_101673,29,8,5,3,349.86,225.83,3.0,female,False,True,US,BOS,125,29,575.69,211.57,Frequent,Family Perk
u_101674,45,8,5,3,889.68,58.42,6.1,male,False,True,CA,LAX,690,45,948.1,829.81,Frequent,Family Perk
u_101675,4,4,5,3,707.3,317.69,4.3,female,True,True,US,SEA,852,4,1024.99,958.5,Engaged,Other
u_101676,12,0,6,0,0.0,190.78,2.0,female,True,False,AU,ORD,60,12,190.78,91.08,Frequent,Loyalty Perk
u_101677,36,2,3,2,871.94,319.31,5.6,male,True,True,DE,JFK,507,36,1191.25,662.12,Frequent,Loyalty Perk
u_101678,17,2,3,2,209.34,122.19,5.2,female,True,False,CA,ATL,1126,17,331.53,1176.15,Frequent,Loyalty Perk
u_101679,44,0,0,2,0.0,0.0,0.0,male,True,True,GB,DFW,764,44,0.0,808.0,Frequent,Loyalty Perk
u_101680,12,1,4,2,752.01,203.72,1.0,female,False,True,AU,ATL,559,12,955.73,666.57,Frequent,New User Perk
u_101681,18,3,6,0,651.85,323.98,5.2,male,False,True,FR,BOS,184,18,975.83,299.58,Frequent,Other
u_101682,25,6,5,2,623.93,287.23,3.1,male,False,False,FR,LGA,1110,25,911.16,1226.12,Frequent,Loyalty Perk
u_101683,43,2,6,0,349.43,119.9,3.7,male,True,False,CA,ATL,124,43,469.33,213.93,Frequent,Loyalty Perk
u_101684,29,0,1,0,0.0,229.61,4.2,male,True,False,CA,LGA,1090,29,229.61,1141.96,Frequent,Flight Discount
u_101685,34,2,4,3,531.22,277.95,5.6,male,False,True,AU,LAX,642,34,809.17,756.92,Frequent,Loyalty Perk
u_101686,34,8,5,2,860.16,114.35,4.9,female,True,True,DE,LAX,594,34,974.51,725.45,Frequent,Other
u_101687,25,1,1,3,413.04,96.35,4.3,female,True,False,US,ATL,1116,25,509.39,1191.94,Frequent,Flight Discount
u_101688,41,2,3,1,631.46,358.83,2.7,male,True,True,DE,LGA,477,41,990.29,617.03,Frequent,Flight Discount
u_101689,44,7,0,0,226.49,0.0,0.0,female,True,False,GB,BOS,634,44,226.49,700.65,Frequent,Hotel Discount
u_101690,27,0,4,0,0.0,378.58,1.9,male,False,True,GB,ORD,486,27,378.58,550.86,Frequent,Other
u_101691,37,7,3,0,284.94,181.85,5.6,male,True,True,FR,DFW,31,37,466.79,114.68,Frequent,Loyalty Perk
u_101692,45,4,0,2,370.99,0.0,0.0,female,True,False,GB,LAX,900,45,370.99,982.1,Frequent,Flight Discount
u_101693,16,6,6,2,769.13,364.6,4.3,male,False,False,CA,LGA,273,16,1133.73,402.37,Frequent,Hotel Discount
u_101694,18,6,3,1,899.23,386.26,2.4,female,False,True,FR,SFO,108,18,1285.49,254.55,Frequent,Family Perk
u_101695,24,4,4,3,873.59,349.36,5.0,female,False,False,US,LAX,386,24,1222.95,532.3,Frequent,Family Perk
u_101696,12,2,3,1,89.09,195.93,1.4,male,False,True,FR,MIA,959,12,285.02,999.5,Frequent,Flight Discount
u_101697,40,2,4,1,256.58,313.02,5.4,female,True,True,GB,MIA,848,40,569.6,944.96,Frequent,Other
u_101698,28,0,2,0,0.0,136.47,4.2,female,False,False,US,SFO,130,28,136.47,171.65,Frequent,Loyalty Perk
u_101699,39,8,5,1,880.36,259.82,1.9,female,True,True,GB,ORD,288,39,1140.18,441.02,Frequent,Loyalty Perk
u_101700,4,7,3,1,768.86,303.53,6.7,male,True,True,CA,DFW,654,4,1072.39,765.24,Engaged,Family Perk
u_101701,20,1,0,1,503.6,0.0,0.0,male,True,False,US,ORD,1045,20,503.6,1115.36,Frequent,New User Perk
u_101702,42,5,6,3,323.64,309.8,5.0,female,True,True,FR,MIA,307,42,633.44,412.34,Frequent,Hotel Discount
u_101703,12,3,2,1,105.4,376.37,7.0,male,False,True,US,BOS,906,12,481.77,966.18,Frequent,Hotel Discount
u_101704,35,0,5,2,0.0,190.8,1.8,male,False,False,US,ATL,38,35,190.8,92.08,Frequent,Loyalty Perk
u_101705,27,6,0,3,548.93,0.0,0.0,female,True,True,DE,ATL,1013,27,548.93,1094.89,Frequent,Flight Discount
u_101706,32,4,0,1,340.75,0.0,0.0,female,True,False,US,DFW,178,32,340.75,244.08,Frequent,Flight Discount
u_101707,4,7,3,3,241.09,109.35,4.0,female,False,False,US,LGA,746,4,350.44,785.04,Engaged,Loyalty Perk
u_101708,45,5,6,0,564.44,230.47,2.2,female,True,True,US,LAX,971,45,794.91,1095.49,Frequent,Flight Discount
u_101709,29,4,4,0,719.38,222.68,1.2,female,True,False,CA,DFW,1124,29,942.06,1247.21,Frequent,Flight Discount
u_101710,45,7,3,2,142.5,314.97,1.4,male,True,False,US,LGA,995,45,457.47,1085.75,Frequent,Family Perk
u_101711,35,5,0,2,368.37,0.0,0.0,female,True,False,US,LAX,424,35,368.37,495.84,Frequent,Loyalty Perk
u_101712,23,5,4,0,677.71,332.72,2.9,male,True,False,FR,LGA,955,23,1010.43,1079.04,Frequent,Other
u_101713,4,7,6,3,82.21,149.77,4.5,female,False,True,US,MIA,55,4,231.98,82.2,Engaged,Hotel Discount
u_101714,2,3,4,1,226.13,331.5,1.1,female,False,True,FR,DFW,458,2,557.63,515.76,Engaged,Loyalty Perk
u_101715,24,8,4,3,641.28,147.55,6.8,female,True,True,US,BOS,73,24,788.83,175.88,Frequent,Loyalty Perk
u_101716,39,5,0,3,311.64,0.0,0.0,male,True,False,GB,LAX,925,39,311.64,995.16,Frequent,Loyalty Perk
u_101717,9,3,0,1,576.02,0.0,0.0,male,True,True,GB,MIA,989,9,576.02,1055.6,Engaged,Loyalty Perk
u_101718,33,8,3,0,569.2,64.36,5.1,male,True,False,DE,LGA,270,33,633.56,366.36,Frequent,Hotel Discount
u_101719,13,2,6,3,390.43,83.69,4.2,male,False,True,US,JFK,1163,13,474.12,1223.41,Frequent,Loyalty Perk
u_101720,12,1,0,3,106.53,0.0,0.0,male,False,True,AU,ORD,961,12,106.53,983.65,Frequent,Family Perk
u_101721,39,7,5,0,470.36,383.19,3.2,male,True,True,GB,ORD,600,39,853.55,724.35,Frequent,New User Perk
u_101722,5,4,3,0,754.76,250.3,5.4,male,True,True,US,SEA,587,5,1005.06,692.51,Engaged,Hotel Discount
u_101723,12,3,2,3,836.74,177.16,6.9,female,False,False,US,MIA,312,12,1013.9,425.39,Frequent,Family Perk
u_101724,32,8,3,0,257.19,185.89,3.4,male,False,True,US,SFO,707,32,443.08,783.31,Frequent,New User Perk
u_101725,26,3,3,0,384.19,95.24,4.2,male,False,True,US,MIA,209,26,479.43,282.94,Frequent,Other
u_101726,8,0,6,1,0.0,255.32,4.6,female,False,True,FR,ATL,367,8,255.32,400.53,Engaged,Loyalty Perk
u_101727,2,4,2,1,644.62,318.59,3.8,male,True,True,GB,LAX,789,2,963.21,887.32,Engaged,Flight Discount
u_101728,3,0,4,3,0.0,65.05,6.2,female,True,True,US,MIA,979,3,65.05,988.5,Other,Loyalty Perk
u_101729,41,2,0,2,314.38,0.0,0.0,female,False,False,CA,DFW,1170,41,314.38,1242.44,Frequent,Family Perk
u_101730,6,1,4,0,597.11,92.27,4.3,female,False,False,US,BOS,827,6,689.38,901.94,Engaged,Other
u_101731,26,6,1,1,569.64,290.04,1.9,female,True,False,CA,SFO,1040,26,859.68,1151.97,Frequent,Family Perk
u_101732,16,6,0,3,769.09,0.0,0.0,male,False,False,AU,LGA,664,16,769.09,756.91,Frequent,Loyalty Perk
u_101733,41,2,6,3,819.47,192.14,1.8,male,False,True,CA,SEA,753,41,1011.61,895.16,Frequent,Loyalty Perk
u_101734,24,3,5,0,135.64,130.64,5.4,male,False,False,US,JFK,214,24,266.28,264.63,Frequent,New User Perk
u_101735,34,7,4,0,386.2,112.73,2.8,male,False,False,US,SFO,458,34,498.93,541.89,Frequent,Family Perk
u_101736,25,4,5,2,255.31,288.0,2.9,female,False,False,CA,LGA,987,25,543.31,1066.33,Frequent,Hotel Discount
u_101737,41,8,3,3,870.83,377.86,6.1,female,False,True,US,BOS,858,41,1248.69,1023.87,Frequent,Loyalty Perk
u_101738,16,3,2,3,296.35,284.69,3.8,female,False,False,US,BOS,1150,16,581.04,1224.1,Frequent,Loyalty Perk
u_101739,45,7,6,3,737.06,81.05,2.6,female,False,True,US,ORD,42,45,818.11,168.81,Frequent,Other
u_101740,24,6,3,1,257.95,347.61,1.9,male,True,True,US,ATL,1011,24,605.56,1095.56,Frequent,New User Perk
u_101741,3,2,6,1,344.17,317.08,5.9,male,True,False,CA,DFW,972,3,661.25,1041.12,Engaged,Hotel Discount
u_101742,16,2,1,2,614.4,66.36,2.4,male,False,True,DE,SEA,403,16,680.76,487.08,Frequent,Family Perk
u_101743,40,3,1,1,503.34,152.67,2.3,male,False,True,US,MIA,638,40,656.01,743.6,Frequent,Flight Discount
u_101744,21,1,2,2,645.84,94.39,3.3,male,True,True,DE,SFO,936,21,740.23,1031.02,Frequent,Loyalty Perk
u_101745,1,6,6,2,887.44,124.71,1.9,male,True,True,US,LGA,915,1,1012.15,1017.22,Engaged,Hotel Discount
u_101746,30,3,1,0,419.62,304.09,5.2,male,True,False,DE,SEA,99,30,723.71,201.37,Frequent,Other
u_101747,1,3,4,2,122.94,182.46,1.2,female,False,False,US,SEA,671,1,305.4,702.54,Engaged,Other
u_101748,41,7,6,2,676.9,96.3,4.0,female,True,False,US,LGA,67,41,773.2,185.32,Frequent,Flight Discount
u_101749,28,7,3,1,384.43,374.1,6.1,female,False,False,FR,LAX,910,28,758.53,1013.85,Frequent,Loyalty Perk
u_101750,33,5,5,3,804.09,328.41,6.7,male,True,True,AU,ORD,175,33,1132.5,321.25,Frequent,Other
u_101751,14,1,4,1,884.37,294.64,4.4,female,False,False,DE,ATL,1022,14,1179.01,1153.9,Frequent,Hotel Discount
u_101752,3,5,6,2,91.65,148.73,5.2,female,True,False,FR,MIA,455,3,240.38,482.04,Engaged,New User Perk
u_101753,9,3,4,2,812.41,85.5,1.6,female,False,False,US,LAX,1152,9,897.91,1250.79,Engaged,Flight Discount
u_101754,22,3,2,0,83.35,75.63,5.1,male,True,False,CA,BOS,924,22,158.98,961.9,Frequent,Loyalty Perk
u_101755,32,4,1,1,359.63,300.3,5.5,male,True,True,FR,DFW,1036,32,659.93,1133.99,Frequent,New User Perk
u_101756,42,8,5,3,127.4,280.04,6.8,male,True,True,DE,BOS,624,42,407.44,706.74,Frequent,Flight Discount
u_101757,37,5,3,2,463.38,392.84,4.6,male,False,True,US,DFW,585,37,856.22,707.62,Frequent,Flight Discount
u_101758,25,3,5,1,876.27,349.71,6.1,female,False,False,CA,ATL,940,25,1225.98,1087.6,Frequent,Family Perk
u_101759,37,2,3,0,395.04,96.34,1.6,female,True,True,FR,LGA,690,37,491.38,776.14,Frequent,Flight Discount
u_101760,32,8,3,2,348.78,315.53,6.3,female,False,False,CA,SFO,751,32,664.31,849.43,Frequent,Family Perk
u_101761,1,0,0,3,0.0,0.0,0.0,male,False,False,AU,DFW,1102,1,0.0,1103.0,Other,Flight Discount
u_101762,5,6,3,2,289.39,87.28,2.1,female,True,False,US,SFO,555,5,376.67,597.67,Engaged,Family Perk
u_101763,10,3,1,3,827.96,399.34,1.1,female,True,False,CA,LGA,507,10,1227.3,639.73,Frequent,Other
u_101764,16,6,1,0,803.16,154.4,6.6,female,True,True,DE,LGA,345,16,957.56,456.76,Frequent,Other
u_101765,4,8,4,1,104.93,263.05,6.2,female,True,True,US,SFO,171,4,367.98,211.8,Engaged,Other
u_101766,32,7,1,2,356.04,103.5,2.6,male,False,True,DE,ATL,459,32,459.54,536.95,Frequent,Hotel Discount
u_101767,30,3,2,3,696.47,222.25,6.9,female,True,False,GB,LGA,59,30,918.72,180.87,Frequent,Family Perk
u_101768,38,8,0,1,619.45,0.0,0.0,female,True,False,US,SFO,915,38,619.45,1014.95,Frequent,Loyalty Perk
u_101769,6,5,4,1,352.34,148.13,6.0,female,False,True,US,ORD,65,6,500.47,121.05,Engaged,Flight Discount
u_101770,37,7,5,3,466.36,236.41,3.8,female,True,True,US,JFK,778,37,702.77,885.28,Frequent,Loyalty Perk
u_101771,18,8,5,1,245.2,225.3,5.5,male,False,True,FR,MIA,294,18,470.5,359.05,Frequent,Other
u_101772,27,2,1,1,218.02,362.03,1.2,female,False,False,US,ATL,768,27,580.05,853.0,Frequent,Other
u_101773,31,4,4,1,160.9,393.77,2.2,female,False,True,DE,MIA,35,31,554.67,121.47,Frequent,Loyalty Perk
u_101774,34,1,3,1,321.82,101.34,3.3,male,True,True,GB,JFK,770,34,423.16,846.32,Frequent,Family Perk
u_101775,16,2,3,1,260.45,215.82,3.7,female,False,True,AU,LAX,1059,16,476.27,1122.63,Frequent,Other
u_101776,44,0,0,3,0.0,0.0,0.0,male,True,True,US,SEA,677,44,0.0,721.0,Frequent,Other
u_101777,38,5,5,2,137.89,326.87,3.5,female,True,False,DE,SEA,672,38,464.76,756.48,Frequent,Other
u_101778,33,1,2,0,342.73,260.88,4.3,male,True,False,US,SEA,649,33,603.61,742.36,Frequent,Hotel Discount
u_101779,33,4,4,3,417.04,233.79,6.2,female,True,False,FR,ORD,64,33,650.83,162.08,Frequent,Family Perk
u_101780,26,1,1,0,847.24,325.22,4.6,female,True,True,US,ATL,713,26,1172.46,856.25,Frequent,Loyalty Perk
u_101781,9,0,5,3,0.0,52.46,3.4,male,True,False,US,BOS,105,9,52.46,119.25,Other,New User Perk
u_101782,10,8,1,3,533.69,362.71,2.3,male,False,True,US,SEA,1077,10,896.4,1176.64,Frequent,Other
u_101783,21,0,3,3,0.0,164.77,4.1,female,False,False,US,ORD,877,21,164.77,914.48,Frequent,Loyalty Perk
u_101784,1,7,3,1,686.58,318.08,6.0,male,True,False,GB,SEA,476,1,1004.66,577.47,Engaged,Other
u_101785,44,0,2,1,0.0,275.3,4.1,female,False,True,GB,SEA,485,44,275.3,556.53,Frequent,Flight Discount
u_101786,33,8,1,0,876.92,158.98,2.9,female,False,True,CA,SFO,1019,33,1035.9,1155.59,Frequent,Loyalty Perk
u_101787,13,6,4,3,173.34,269.72,3.4,male,True,True,GB,LGA,1123,13,443.06,1180.31,Frequent,Other
u_101788,4,2,1,2,739.52,269.65,3.1,male,False,False,DE,BOS,1079,4,1009.17,1183.92,Engaged,Loyalty Perk
u_101789,28,6,2,0,134.44,126.28,1.8,female,False,False,US,ORD,683,28,260.72,737.07,Frequent,Hotel Discount
u_101790,32,5,3,1,573.16,296.16,1.9,female,True,True,GB,ATL,929,32,869.32,1047.93,Frequent,Loyalty Perk
u_101791,6,5,4,2,835.85,281.66,4.9,female,True,True,US,ATL,494,6,1117.51,611.75,Engaged,Hotel Discount
u_101792,36,5,5,2,520.79,254.08,5.8,female,True,False,GB,JFK,79,36,774.87,192.49,Frequent,Hotel Discount
u_101793,17,6,1,0,363.21,271.27,3.1,male,False,False,AU,SEA,610,17,634.48,690.45,Frequent,Other
u_101794,29,0,2,0,0.0,381.91,6.4,female,False,True,AU,JFK,187,29,381.91,254.19,Frequent,Loyalty Perk
u_101795,15,4,6,2,627.47,185.31,6.3,male,False,True,CA,JFK,552,15,812.78,648.28,Frequent,Loyalty Perk
u_101796,9,2,4,3,316.66,272.92,2.4,male,False,False,CA,LGA,442,9,589.58,509.96,Engaged,Other
u_101797,37,6,5,1,175.59,361.74,3.5,male,True,False,GB,LGA,956,37,537.33,1046.73,Frequent,New User Perk
u_101798,1,2,2,3,830.52,147.26,5.9,female,False,False,AU,JFK,95,1,977.78,193.78,Engaged,Loyalty Perk
u_101799,38,8,0,0,817.71,0.0,0.0,male,True,True,CA,ATL,457,38,817.71,576.77,Frequent,Flight Discount
u_101800,40,0,0,3,0.0,0.0,0.0,female,True,False,DE,SFO,956,40,0.0,996.0,Frequent,Loyalty Perk
u_101801,8,4,2,0,585.76,123.95,5.7,female,True,False,CA,MIA,747,8,709.71,825.97,Engaged,Loyalty Perk
u_101802,9,6,6,0,170.24,184.31,3.9,female,False,False,AU,DFW,292,9,354.55,336.45,Engaged,Flight Discount
u_101803,38,2,5,1,478.49,203.54,6.1,male,False,False,GB,SFO,568,38,682.03,674.2,Frequent,Family Perk
u_101804,21,0,1,2,0.0,170.15,5.4,female,True,True,US,BOS,456,21,170.15,494.02,Frequent,Other
u_101805,31,2,1,1,549.58,155.24,5.5,female,False,False,FR,MIA,508,31,704.82,609.48,Frequent,Other
u_101806,44,7,2,1,202.03,82.48,2.6,female,False,False,US,SFO,967,44,284.51,1039.45,Frequent,Flight Discount
u_101807,45,0,2,0,0.0,254.11,2.7,female,False,True,US,LAX,932,45,254.11,1002.41,Frequent,Loyalty Perk
u_101808,4,8,6,2,491.68,70.92,5.3,female,False,True,FR,ORD,1127,4,562.6,1187.26,Engaged,Loyalty Perk
u_101809,6,5,0,0,285.14,0.0,0.0,male,True,False,US,ATL,917,6,285.14,951.51,Engaged,Loyalty Perk
u_101810,36,1,4,3,159.8,265.3,3.4,female,True,True,US,SEA,1104,36,425.1,1182.51,Frequent,Loyalty Perk
u_101811,27,8,5,0,197.09,199.73,4.5,female,True,False,DE,LGA,435,27,396.82,501.68,Frequent,Hotel Discount
u_101812,1,6,0,0,231.44,0.0,0.0,male,False,False,US,ORD,141,1,231.44,165.14,Engaged,Hotel Discount
u_101813,9,2,2,0,158.59,325.89,1.2,female,False,False,US,SFO,867,9,484.48,924.45,Engaged,Hotel Discount
u_101814,38,2,0,0,886.15,0.0,0.0,male,False,True,CA,SFO,852,38,886.15,978.61,Frequent,Loyalty Perk
u_101815,9,4,0,0,892.8,0.0,0.0,male,True,True,US,LAX,505,9,892.8,603.28,Engaged,Family Perk
u_101816,25,2,5,0,158.4,282.14,4.7,male,True,True,US,SFO,124,25,440.54,193.05,Frequent,Other
u_101817,14,3,4,0,237.8,274.61,3.2,male,True,False,FR,DFW,1088,14,512.41,1153.24,Frequent,Other
u_101818,17,5,6,3,637.01,166.64,2.3,male,True,True,US,ATL,410,17,803.65,507.36,Frequent,Family Perk
u_101819,12,4,4,3,432.11,143.67,5.5,female,False,False,AU,LGA,760,12,575.78,829.58,Frequent,Loyalty Perk
u_101820,36,5,1,3,760.91,174.67,6.0,female,False,True,CA,ATL,218,36,935.58,347.56,Frequent,Hotel Discount
u_101821,37,1,2,3,706.51,186.53,1.9,male,False,False,GB,SFO,534,37,893.04,660.3,Frequent,Family Perk
u_101822,18,7,6,2,259.72,191.51,4.5,male,False,False,CA,JFK,789,18,451.23,852.12,Frequent,Other
u_101823,43,3,2,1,540.18,294.56,5.2,female,False,False,AU,SFO,865,43,834.74,991.47,Frequent,Flight Discount
u_101824,25,7,4,1,324.2,168.56,1.5,female,True,True,CA,ORD,967,25,492.76,1041.28,Frequent,Flight Discount
u_101825,14,4,3,2,490.17,200.21,5.0,female,True,True,GB,DFW,83,14,690.38,166.04,Frequent,Other
u_101826,31,3,4,0,420.53,174.07,2.3,male,False,True,CA,ATL,1054,31,594.6,1144.46,Frequent,Family Perk
u_101827,16,0,3,1,0.0,215.89,3.3,female,True,False,US,LGA,995,16,215.89,1032.59,Frequent,Flight Discount
u_101828,28,7,4,0,535.86,98.98,5.4,male,True,False,FR,ATL,455,28,634.84,546.48,Frequent,Loyalty Perk
u_101829,20,7,3,1,345.12,147.29,1.9,male,False,False,US,ATL,366,20,492.41,435.24,Frequent,Flight Discount
u_101830,39,1,3,1,693.4,254.78,5.8,female,False,False,US,ORD,645,39,948.18,778.82,Frequent,Family Perk
u_101831,42,6,5,3,669.26,248.5,1.5,female,False,True,US,LAX,869,42,917.76,1002.78,Frequent,Flight Discount
u_101832,15,1,0,0,863.86,0.0,0.0,male,False,True,US,SFO,250,15,863.86,351.39,Frequent,Loyalty Perk
u_101833,39,4,5,0,704.36,78.46,2.4,male,True,False,US,ATL,587,39,782.82,704.28,Frequent,Flight Discount
u_101834,44,4,4,0,310.79,338.93,4.3,male,False,False,DE,ORD,573,44,649.72,681.97,Frequent,Other
u_101835,14,0,0,2,0.0,0.0,0.0,male,True,False,DE,ATL,1144,14,0.0,1158.0,Frequent,Flight Discount
u_101836,4,4,5,1,812.78,63.53,4.2,female,True,False,US,LGA,884,4,876.31,975.63,Engaged,Flight Discount
u_101837,39,0,1,2,0.0,100.53,6.7,male,False,True,US,ATL,440,39,100.53,489.05,Frequent,Other
u_101838,14,5,1,0,428.88,293.38,4.4,female,False,False,US,LGA,226,14,722.26,312.23,Frequent,Hotel Discount
u_101839,21,7,0,0,728.39,0.0,0.0,male,True,False,US,JFK,267,21,728.39,360.84,Frequent,Loyalty Perk
u_101840,20,7,5,0,212.49,376.5,4.3,male,True,False,US,LAX,210,20,588.99,288.9,Frequent,Hotel Discount
u_101841,9,7,5,0,713.54,262.65,6.8,male,True,False,CA,SFO,1005,9,976.19,1111.62,Engaged,Hotel Discount
u_101842,13,1,1,0,110.76,273.0,2.8,female,False,False,CA,MIA,257,13,383.76,308.38,Frequent,Other
u_101843,42,2,0,2,312.85,0.0,0.0,female,True,False,US,ORD,128,42,312.85,201.29,Frequent,Loyalty Perk
u_101844,4,6,4,3,871.97,114.94,1.4,male,True,False,US,SFO,1152,4,986.91,1254.69,Engaged,Flight Discount
u_101845,42,7,5,2,812.61,50.71,4.8,female,False,True,GB,LAX,609,42,863.32,737.33,Frequent,Hotel Discount
u_101846,23,6,3,2,495.48,393.69,4.6,male,False,False,FR,BOS,149,23,889.17,260.92,Frequent,Loyalty Perk
u_101847,43,6,1,2,378.53,226.7,6.3,male,False,False,DE,SFO,407,43,605.23,510.52,Frequent,Flight Discount
u_101848,9,5,3,2,101.23,183.97,1.0,male,False,True,AU,MIA,76,9,285.2,113.52,Engaged,Family Perk
u_101849,1,6,4,3,786.14,141.24,5.7,male,False,False,US,ORD,1078,1,927.38,1171.74,Engaged,Loyalty Perk
u_101850,35,0,5,2,0.0,395.9,5.8,male,True,True,AU,MIA,235,35,395.9,309.59,Frequent,Family Perk
u_101851,13,8,5,0,179.81,354.56,5.0,male,True,False,AU,LAX,316,13,534.37,382.44,Frequent,Loyalty Perk
u_101852,19,0,4,2,0.0,214.86,6.2,male,True,True,FR,LAX,1107,19,214.86,1147.49,Frequent,Hotel Discount
u_101853,3,8,2,3,576.38,90.54,3.2,female,True,True,CA,JFK,238,3,666.92,307.69,Engaged,Hotel Discount
u_101854,21,7,1,1,708.24,235.71,1.8,male,False,True,GB,ORD,45,21,943.95,160.4,Frequent,Loyalty Perk
u_101855,36,0,4,3,0.0,233.47,1.2,female,False,True,GB,SEA,1136,36,233.47,1195.35,Frequent,New User Perk
u_101856,19,5,1,2,143.31,166.52,5.6,male,True,False,US,ATL,1075,19,309.83,1124.98,Frequent,Flight Discount
u_101857,27,7,2,1,531.49,111.35,4.8,male,False,False,DE,BOS,1167,27,642.84,1258.28,Frequent,New User Perk
u_101858,32,8,5,0,632.42,129.57,4.3,male,True,False,US,SFO,266,32,761.99,374.2,Frequent,Other
u_101859,26,0,2,2,0.0,243.39,6.7,male,True,False,CA,ORD,1039,26,243.39,1089.34,Frequent,Loyalty Perk
u_101860,1,6,4,3,544.48,67.09,2.8,female,True,False,US,ATL,343,1,611.57,405.16,Engaged,New User Perk
u_101861,25,5,3,3,277.29,208.32,2.6,female,True,False,US,LGA,939,25,485.61,1012.56,Frequent,Loyalty Perk
u_101862,27,1,1,3,624.38,74.19,4.5,male,False,False,US,SEA,1160,27,698.57,1256.86,Frequent,Other
u_101863,13,7,5,3,585.09,106.26,4.7,female,True,True,FR,DFW,844,13,691.35,926.14,Frequent,Flight Discount
u_101864,1,8,2,1,277.12,99.29,2.5,female,False,False,US,SFO,465,1,376.41,503.64,Engaged,Hotel Discount
u_101865,9,4,0,2,360.45,0.0,0.0,male,True,False,US,SEA,845,9,360.45,890.05,Engaged,Hotel Discount
u_101866,38,0,3,1,0.0,341.93,4.4,female,False,False,DE,DFW,805,38,341.93,877.19,Frequent,Loyalty Perk
u_101867,16,3,1,1,588.88,168.28,4.6,female,True,False,DE,LGA,764,16,757.16,855.72,Frequent,Flight Discount
u_101868,34,6,1,0,309.22,369.08,1.8,male,True,False,FR,LAX,921,34,678.3,1022.83,Frequent,Hotel Discount
u_101869,19,2,4,1,759.96,59.25,1.5,male,False,True,US,SEA,980,19,819.21,1080.92,Frequent,Family Perk
u_101870,12,6,3,1,469.37,396.68,1.0,male,True,False,US,ATL,483,12,866.05,581.6,Frequent,Loyalty Perk
u_101871,38,2,4,0,327.7,323.08,5.9,female,True,True,US,ORD,45,38,650.78,148.08,Frequent,Other
u_101872,37,3,5,1,253.55,266.65,3.9,male,False,True,US,JFK,1027,37,520.2,1116.02,Frequent,Hotel Discount
u_101873,38,5,3,0,388.96,114.47,3.0,male,True,True,US,LAX,605,38,503.43,693.34,Frequent,Flight Discount
u_101874,29,2,1,0,314.24,322.87,5.4,male,False,False,CA,LGA,474,29,637.11,566.71,Frequent,Loyalty Perk
u_101875,35,1,2,2,389.01,204.38,2.7,male,True,False,DE,SEA,531,35,593.39,625.34,Frequent,Flight Discount
u_101876,45,1,0,3,878.71,0.0,0.0,male,False,False,US,ATL,906,45,878.71,1038.87,Frequent,Family Perk
u_101877,43,7,5,3,134.86,59.28,4.5,female,False,True,GB,LAX,1164,43,194.14,1226.41,Frequent,Other
u_101878,40,0,1,1,0.0,136.07,5.1,female,False,True,AU,JFK,830,40,136.07,883.61,Frequent,Flight Discount
u_101879,14,5,1,1,203.96,289.38,1.7,female,True,False,DE,MIA,758,14,493.34,821.33,Frequent,Loyalty Perk
u_101880,42,8,2,3,260.95,224.29,1.5,male,True,False,FR,DFW,341,42,485.24,431.52,Frequent,Loyalty Perk
u_101881,30,5,6,1,547.23,238.26,6.4,male,True,True,US,ORD,334,30,785.49,442.55,Frequent,Loyalty Perk
u_101882,23,8,6,3,391.59,123.04,6.8,male,True,True,CA,MIA,1126,23,514.63,1200.46,Frequent,Other
u_101883,22,1,2,1,833.87,98.81,1.6,male,False,True,DE,MIA,592,22,932.68,707.27,Frequent,Loyalty Perk
u_101884,26,4,1,3,445.0,327.56,2.3,male,False,False,US,MIA,785,26,772.56,888.26,Frequent,Loyalty Perk
u_101885,23,3,6,1,480.99,342.05,5.0,male,False,True,CA,SFO,673,23,823.04,778.3,Frequent,Flight Discount
u_101886,29,8,2,3,210.99,147.54,5.8,female,False,False,CA,BOS,619,29,358.53,683.85,Frequent,Other
u_101887,21,0,3,1,0.0,389.74,3.5,male,True,False,AU,LAX,814,21,389.74,873.97,Frequent,Loyalty Perk
u_101888,9,7,3,3,227.04,380.63,5.4,female,True,True,US,MIA,74,9,607.67,143.77,Engaged,Loyalty Perk
u_101889,9,1,2,3,792.31,279.86,6.4,male,False,False,US,JFK,411,9,1072.17,527.22,Engaged,Loyalty Perk
u_101890,45,0,2,2,0.0,390.36,5.3,male,False,False,DE,BOS,979,45,390.36,1063.04,Frequent,Flight Discount
u_101891,45,0,3,0,0.0,121.26,4.9,male,False,True,FR,DFW,1114,45,121.26,1171.13,Frequent,Other
u_101892,29,2,5,0,839.7,294.55,2.6,female,False,True,US,ORD,161,29,1134.25,303.42,Frequent,Flight Discount
u_101893,26,3,3,1,630.14,347.05,5.7,female,False,False,DE,LGA,1095,26,977.19,1218.72,Frequent,Loyalty Perk
u_101894,2,0,5,2,0.0,226.18,2.6,male,True,True,US,LAX,824,2,226.18,848.62,Engaged,Family Perk
u_101895,44,6,0,1,849.57,0.0,0.0,male,True,True,AU,SEA,1136,44,849.57,1264.96,Frequent,Other
u_101896,22,4,4,2,810.34,356.85,4.6,female,True,True,AU,LGA,79,22,1167.19,217.72,Frequent,Loyalty Perk
u_101897,13,2,2,2,706.15,82.75,4.4,female,False,False,US,JFK,470,13,788.9,561.89,Frequent,Loyalty Perk
u_101898,26,1,3,2,725.41,235.71,5.1,male,True,True,GB,DFW,152,26,961.12,274.11,Frequent,Family Perk
u_101899,41,1,0,2,130.38,0.0,0.0,male,True,True,CA,DFW,525,41,130.38,579.04,Frequent,Loyalty Perk
u_101900,22,3,4,0,305.04,276.0,3.9,female,False,False,US,ORD,968,22,581.04,1048.1,Frequent,Flight Discount
u_101901,26,8,2,3,311.1,88.5,6.0,male,True,True,US,JFK,953,26,399.6,1018.96,Frequent,Hotel Discount
u_101902,43,1,3,1,476.66,85.99,1.6,male,True,True,US,SEA,779,43,562.65,878.27,Frequent,Loyalty Perk
u_101903,37,7,6,3,439.6,252.7,5.3,female,False,False,US,JFK,443,37,692.3,549.23,Frequent,Loyalty Perk
u_101904,21,0,2,1,0.0,181.22,2.5,male,False,True,DE,LGA,1134,21,181.22,1173.12,Frequent,Loyalty Perk
u_101905,35,5,1,2,860.52,395.59,4.5,female,False,False,DE,LAX,1072,35,1256.11,1232.61,Frequent,Flight Discount
u_101906,30,7,2,0,134.56,165.59,5.9,male,False,False,US,JFK,901,30,300.15,961.01,Frequent,Flight Discount
u_101907,10,8,2,1,209.22,339.01,2.1,female,True,True,US,LGA,816,10,548.23,880.82,Frequent,Family Perk
u_101908,4,2,2,1,797.33,179.72,2.8,male,False,False,US,SFO,248,4,977.05,349.7,Engaged,Family Perk
u_101909,37,7,1,0,603.91,317.93,2.3,male,False,True,US,BOS,371,37,921.84,500.18,Frequent,Other
u_101910,33,4,1,2,185.18,306.37,4.9,female,False,False,US,JFK,828,33,491.55,910.16,Frequent,Other
u_101911,5,0,6,1,0.0,300.71,2.7,male,True,False,US,LAX,426,5,300.71,461.07,Engaged,Hotel Discount
u_101912,43,7,6,3,888.07,82.88,4.7,female,False,True,US,SFO,904,43,970.95,1044.09,Frequent,Hotel Discount
u_101913,28,5,6,3,410.16,209.34,2.8,female,True,False,GB,ATL,803,28,619.5,892.95,Frequent,Other
u_101914,2,5,1,1,847.66,343.87,6.7,male,True,False,CA,LGA,807,2,1191.53,928.15,Engaged,Loyalty Perk
u_101915,9,1,4,0,703.4,135.36,4.7,female,True,False,US,LAX,57,9,838.76,149.88,Engaged,Loyalty Perk
u_101916,4,1,2,3,726.64,255.36,1.5,female,False,False,US,MIA,703,4,982.0,805.2,Engaged,Loyalty Perk
u_101917,27,0,0,0,0.0,0.0,0.0,male,True,True,AU,LAX,305,27,0.0,332.0,Frequent,Flight Discount
u_101918,30,8,6,1,260.94,151.16,4.0,male,False,False,GB,ATL,453,30,412.1,524.21,Frequent,Family Perk
u_101919,26,7,4,0,750.93,184.54,6.8,male,True,True,CA,ATL,1064,26,935.47,1183.55,Frequent,Family Perk
u_101920,14,1,3,1,750.18,192.68,3.2,female,False,True,US,LGA,1091,14,942.86,1199.29,Frequent,Other
u_101921,43,2,2,0,112.31,62.03,6.3,female,False,False,US,SEA,319,43,174.34,379.43,Frequent,Flight Discount
u_101922,2,5,0,0,538.77,0.0,0.0,female,True,True,CA,MIA,722,2,538.77,777.88,Engaged,Flight Discount
u_101923,4,3,1,2,816.85,345.76,6.5,male,False,True,AU,ORD,811,4,1162.61,931.26,Engaged,Hotel Discount
u_101924,3,0,4,1,0.0,73.09,3.7,male,True,True,US,LGA,263,3,73.09,273.31,Other,Loyalty Perk
u_101925,22,4,0,2,525.88,0.0,0.0,female,True,True,FR,ORD,398,22,525.88,472.59,Frequent,Loyalty Perk
u_101926,41,7,3,3,152.59,319.61,3.4,male,True,True,CA,ORD,1123,41,472.2,1211.22,Frequent,Loyalty Perk
u_101927,34,1,2,2,719.44,362.95,6.9,male,True,True,US,MIA,967,34,1082.39,1109.24,Frequent,Other
u_101928,23,8,1,1,86.86,264.51,4.0,female,True,True,US,LGA,445,23,351.37,503.14,Frequent,Other
u_101929,8,4,1,3,577.25,216.03,3.4,female,True,True,FR,ATL,759,8,793.28,846.33,Engaged,Loyalty Perk
u_101930,45,1,4,3,472.55,354.41,1.8,male,False,False,AU,SEA,1117,45,826.96,1244.7,Frequent,Loyalty Perk
u_101931,34,5,0,0,677.54,0.0,0.0,male,False,True,AU,BOS,842,34,677.54,943.75,Frequent,Loyalty Perk
u_101932,11,2,3,3,436.68,230.15,5.1,male,False,False,US,ATL,52,11,666.83,129.68,Frequent,Other
u_101933,21,2,1,0,460.32,253.27,2.5,male,False,False,US,MIA,681,21,713.59,773.36,Frequent,Loyalty Perk
u_101934,31,7,3,1,435.74,391.09,6.0,male,True,False,GB,ATL,808,31,826.83,921.68,Frequent,Loyalty Perk
u_101935,5,4,0,3,169.68,0.0,0.0,male,False,True,GB,LGA,823,5,169.68,844.97,Engaged,Hotel Discount
u_101936,23,1,4,3,145.83,89.95,6.9,male,True,True,GB,MIA,1106,23,235.78,1152.58,Frequent,Hotel Discount
u_101937,12,4,2,1,508.74,206.52,6.0,male,False,True,US,ATL,1036,12,715.26,1119.53,Frequent,Family Perk
u_101938,38,3,0,0,163.37,0.0,0.0,female,True,True,US,LAX,337,38,163.37,391.34,Frequent,Family Perk
u_101939,18,2,4,0,409.23,275.09,3.1,male,True,False,US,SEA,401,18,684.32,487.43,Frequent,Family Perk
u_101940,2,6,1,0,91.18,383.28,4.8,male,False,True,US,BOS,70,2,474.46,119.45,Engaged,Flight Discount
u_101941,17,7,2,1,465.05,327.41,4.8,female,True,False,AU,LAX,80,17,792.46,176.25,Frequent,Other
u_101942,26,5,3,3,289.68,302.13,4.3,female,False,True,CA,DFW,1039,26,591.81,1124.18,Frequent,Loyalty Perk
u_101943,17,5,5,0,310.16,279.36,6.4,female,False,False,GB,ORD,1128,17,589.52,1203.95,Frequent,New User Perk
u_101944,13,4,4,1,622.31,374.39,4.9,female,False,True,CA,BOS,908,13,996.7,1020.67,Frequent,Loyalty Perk
u_101945,20,8,2,1,206.49,351.24,5.9,female,False,True,AU,MIA,998,20,557.73,1073.77,Frequent,Loyalty Perk
u_101946,42,6,6,1,618.65,277.09,2.8,female,True,False,US,LAX,911,42,895.74,1042.57,Frequent,Family Perk
u_101947,21,0,2,0,0.0,258.56,4.2,female,True,False,US,DFW,851,21,258.56,897.86,Frequent,Other
u_101948,12,3,4,0,651.49,206.39,6.5,male,True,False,US,DFW,1033,12,857.88,1130.79,Frequent,Loyalty Perk
u_101949,36,0,0,3,0.0,0.0,0.0,female,False,False,US,ORD,312,36,0.0,348.0,Frequent,Other
u_101950,45,0,2,2,0.0,58.11,2.1,female,True,False,US,LAX,1181,45,58.11,1231.81,Frequent,Family Perk
u_101951,30,4,6,1,755.98,312.71,4.7,male,False,True,US,LAX,707,30,1068.69,843.87,Frequent,Flight Discount
u_101952,37,0,2,1,0.0,190.39,2.1,male,True,True,US,SFO,973,37,190.39,1029.04,Frequent,Hotel Discount
u_101953,8,0,4,2,0.0,223.57,4.2,male,False,False,US,SFO,1164,8,223.57,1194.36,Engaged,Other
u_101954,17,6,0,0,559.37,0.0,0.0,female,False,False,GB,JFK,693,17,559.37,765.94,Frequent,Loyalty Perk
u_101955,44,3,5,3,652.8,373.33,3.5,female,False,False,GB,SFO,1000,44,1026.13,1146.61,Frequent,Flight Discount
u_101956,29,4,3,0,898.1,99.14,1.5,male,False,False,US,ORD,680,29,997.24,808.72,Frequent,Hotel Discount
u_101957,7,2,6,3,103.57,140.14,1.7,female,False,True,AU,DFW,935,7,243.71,966.37,Engaged,Other
u_101958,39,6,1,0,727.88,132.2,4.7,male,True,False,US,JFK,718,39,860.08,843.01,Frequent,Family Perk
u_101959,3,5,5,1,832.5,93.76,5.1,female,False,True,CA,SFO,887,3,926.26,982.63,Engaged,Other
u_101960,34,8,4,0,333.03,170.45,6.6,male,True,True,CA,ORD,627,34,503.48,711.35,Frequent,Family Perk
u_101961,20,5,0,1,533.44,0.0,0.0,male,True,False,US,MIA,516,20,533.44,589.34,Frequent,Loyalty Perk
u_101962,29,6,3,1,577.23,72.37,5.3,female,True,False,GB,SFO,629,29,649.6,722.96,Frequent,Flight Discount
u_101963,13,4,1,3,804.0,180.38,6.5,female,False,True,US,BOS,203,13,984.38,314.44,Frequent,Loyalty Perk
u_101964,21,0,3,1,0.0,289.16,1.7,male,False,False,US,JFK,987,21,289.16,1036.92,Frequent,Other
u_101965,11,8,0,3,195.83,0.0,0.0,female,False,True,DE,ORD,200,11,195.83,230.58,Frequent,Loyalty Perk
u_101966,38,8,1,3,545.1,76.43,2.9,female,True,True,US,JFK,476,38,621.53,576.15,Frequent,New User Perk
u_101967,9,8,5,3,479.61,204.72,2.8,female,False,True,US,SFO,195,9,684.33,272.43,Engaged,Loyalty Perk
u_101968,4,0,6,1,0.0,52.06,5.7,male,True,False,CA,SFO,802,4,52.06,811.21,Other,Family Perk
u_101969,41,5,0,1,567.45,0.0,0.0,male,False,True,US,DFW,1060,41,567.45,1157.75,Frequent,New User Perk
u_101970,1,3,2,3,641.57,210.73,3.1,female,True,True,US,DFW,170,1,852.3,256.23,Engaged,Family Perk
u_101971,7,0,0,1,0.0,0.0,0.0,male,True,False,FR,BOS,1155,7,0.0,1162.0,Other,Loyalty Perk
u_101972,7,3,1,2,387.74,85.19,2.9,female,True,True,US,SFO,334,7,472.93,388.29,Engaged,Loyalty Perk
u_101973,3,8,5,1,641.82,76.88,5.5,male,True,False,US,LAX,822,3,718.7,896.87,Engaged,Flight Discount
u_101974,35,1,5,3,892.09,308.4,4.6,female,True,False,US,ORD,984,35,1200.49,1139.05,Frequent,Loyalty Perk
u_101975,3,0,0,2,0.0,0.0,0.0,female,False,False,DE,LAX,295,3,0.0,298.0,Other,New User Perk
u_101976,8,6,1,2,539.72,354.98,1.2,male,True,False,US,SEA,1121,8,894.7,1218.47,Engaged,Flight Discount
u_101977,1,8,2,0,707.09,358.75,4.5,female,True,True,US,SEA,194,1,1065.84,301.58,Engaged,Other
u_101978,39,7,1,3,362.18,186.32,1.7,female,False,False,GB,MIA,411,39,548.5,504.85,Frequent,Loyalty Perk
u_101979,44,1,5,3,695.07,346.26,2.4,female,True,True,DE,SEA,755,44,1041.33,903.13,Frequent,Loyalty Perk
u_101980,15,0,2,2,0.0,223.05,3.8,male,False,False,DE,BOS,430,15,223.05,467.3,Frequent,Family Perk
u_101981,14,4,5,3,868.36,155.67,5.7,female,False,True,US,LAX,810,14,1024.03,926.4,Frequent,Loyalty Perk
u_101982,44,1,0,3,421.2,0.0,0.0,female,True,True,US,DFW,228,44,421.2,314.12,Frequent,Flight Discount
u_101983,33,3,0,3,892.09,0.0,0.0,male,True,False,US,DFW,893,33,892.09,1015.21,Frequent,Loyalty Perk
u_101984,25,5,3,3,566.39,365.84,6.6,female,False,False,US,DFW,473,25,932.23,591.22,Frequent,Hotel Discount
u_101985,15,7,5,1,409.28,129.45,6.1,male,True,True,CA,BOS,735,15,538.73,803.87,Frequent,Family Perk
u_101986,4,6,2,1,309.73,65.29,2.6,male,True,True,US,SEA,802,4,375.02,843.5,Engaged,Loyalty Perk
u_101987,11,2,4,1,310.23,93.43,2.2,male,True,True,FR,SEA,209,11,403.66,260.37,Frequent,New User Perk
u_101988,44,7,4,2,762.76,216.97,2.7,female,False,True,DE,SFO,949,44,979.73,1090.97,Frequent,Loyalty Perk
u_101989,32,1,0,2,527.95,0.0,0.0,male,False,True,US,JFK,868,32,527.95,952.8,Frequent,Loyalty Perk
u_101990,35,1,0,3,143.11,0.0,0.0,female,False,True,FR,ATL,462,35,143.11,511.31,Frequent,New User Perk
u_101991,13,1,1,3,884.48,178.28,3.1,female,False,True,US,MIA,394,13,1062.76,513.28,Frequent,Loyalty Perk
u_101992,27,3,3,0,152.72,343.71,2.3,female,True,False,CA,ATL,139,27,496.43,215.64,Frequent,New User Perk
u_101993,32,1,3,3,365.41,328.37,5.2,male,True,True,US,LGA,265,32,693.78,366.38,Frequent,Family Perk
u_101994,31,8,2,2,554.28,314.01,1.3,male,False,True,US,JFK,145,31,868.29,262.83,Frequent,Family Perk
u_101995,22,8,1,2,649.77,366.33,5.9,male,False,False,GB,BOS,510,22,1016.1,633.61,Frequent,Hotel Discount
u_101996,39,2,1,2,717.3,362.19,1.6,male,True,False,CA,ORD,587,39,1079.49,733.95,Frequent,Loyalty Perk
u_101997,27,2,0,1,659.47,0.0,0.0,male,False,True,CA,SEA,861,27,659.47,953.95,Frequent,Flight Discount
u_101998,17,1,6,1,673.13,244.2,2.9,male,False,True,CA,SFO,222,17,917.33,330.73,Frequent,Other
u_101999,39,6,4,2,715.64,267.62,4.9,male,True,True,US,SEA,907,39,983.26,1044.33,Frequent,Hotel Discount
u_102000,3,8,5,1,656.15,211.32,4.8,female,False,False,US,DFW,415,3,867.47,504.75,Engaged,Loyalty Perk
u_102001,5,3,1,3,237.53,200.08,1.2,male,False,False,FR,JFK,308,5,437.61,356.76,Engaged,Hotel Discount
u_102002,9,2,5,1,682.68,380.78,1.6,male,False,True,US,DFW,1105,9,1063.46,1220.35,Engaged,Flight Discount
u_102003,16,6,2,2,819.47,82.95,4.3,male,True,False,US,LAX,664,16,902.42,770.24,Frequent,Other
u_102004,11,4,1,2,86.0,260.32,3.6,male,False,False,US,LGA,748,11,346.32,793.63,Frequent,Hotel Discount
u_102005,27,4,0,2,164.5,0.0,0.0,male,True,False,US,SFO,1043,27,164.5,1086.45,Frequent,Loyalty Perk
u_102006,20,2,2,2,891.9,289.53,4.7,male,True,False,US,SFO,1071,20,1181.43,1209.14,Frequent,Family Perk
u_102007,42,3,2,3,342.01,143.51,5.5,male,False,True,US,LGA,389,42,485.52,479.55,Frequent,Other
u_102008,28,6,4,1,715.8,249.45,2.4,male,True,False,AU,MIA,1130,28,965.25,1254.53,Frequent,Flight Discount
u_102009,39,0,6,1,0.0,324.2,2.8,female,True,True,FR,ORD,604,39,324.2,675.42,Frequent,Family Perk
u_102010,44,2,4,1,301.53,116.96,5.8,male,False,True,AU,MIA,1089,44,418.49,1174.85,Frequent,Loyalty Perk
u_102011,24,1,5,3,437.67,264.3,5.4,male,True,False,US,SEA,1069,24,701.97,1163.2,Frequent,Loyalty Perk
u_102012,36,2,3,1,534.68,170.23,3.7,female,False,True,CA,ORD,448,36,704.91,554.49,Frequent,Family Perk
u_102013,40,5,4,2,800.89,372.41,6.1,male,False,True,FR,BOS,46,40,1173.3,203.33,Frequent,Family Perk
u_102014,21,1,6,3,411.98,65.68,3.7,female,False,False,GB,ORD,1155,21,477.66,1223.77,Frequent,Hotel Discount
u_102015,36,8,3,1,846.34,395.08,5.4,male,True,False,CA,LAX,853,36,1241.42,1013.14,Frequent,Loyalty Perk
u_102016,38,4,3,0,415.04,87.27,5.2,female,False,False,FR,ATL,75,38,502.31,163.23,Frequent,Loyalty Perk
u_102017,29,1,0,0,869.97,0.0,0.0,female,True,True,CA,ATL,470,29,869.97,586.0,Frequent,Other
u_102018,31,5,3,3,676.87,50.02,3.0,female,False,True,GB,MIA,1141,31,726.89,1244.69,Frequent,New User Perk
u_102019,43,4,2,1,247.62,293.0,6.8,female,True,True,AU,SEA,783,43,540.62,880.06,Frequent,Loyalty Perk
u_102020,2,5,6,3,414.99,297.59,5.7,female,False,True,CA,SFO,499,2,712.58,572.26,Engaged,Loyalty Perk
u_102021,36,6,0,3,761.78,0.0,0.0,female,True,True,CA,LAX,1129,36,761.78,1241.18,Frequent,Loyalty Perk
u_102022,9,5,0,1,521.91,0.0,0.0,female,False,True,CA,LGA,1034,9,521.91,1095.19,Engaged,Loyalty Perk
u_102023,41,6,6,1,504.19,150.63,2.5,male,False,False,FR,JFK,863,41,654.82,969.48,Frequent,Family Perk
u_102024,23,3,0,0,97.82,0.0,0.0,male,False,True,GB,BOS,192,23,97.82,224.78,Frequent,Other
u_102025,40,3,0,2,607.01,0.0,0.0,male,False,False,GB,JFK,1061,40,607.01,1161.7,Frequent,Other
u_102026,25,7,0,1,397.58,0.0,0.0,male,False,False,GB,BOS,879,25,397.58,943.76,Frequent,Other
u_102027,44,4,1,2,410.43,323.31,3.3,male,False,True,CA,DFW,530,44,733.74,647.37,Frequent,Flight Discount
u_102028,29,6,0,3,665.53,0.0,0.0,male,True,True,US,SFO,127,29,665.53,222.55,Frequent,Hotel Discount
u_102029,23,7,3,3,221.91,194.72,1.8,male,True,False,CA,DFW,531,23,416.63,595.66,Frequent,Family Perk
u_102030,36,7,6,3,297.27,223.53,5.6,female,False,True,FR,ATL,796,36,520.8,884.08,Frequent,Other
u_102031,9,5,6,1,445.82,210.89,2.5,female,True,False,FR,SFO,86,9,656.71,160.67,Engaged,Loyalty Perk
u_102032,36,7,2,0,297.41,102.6,6.7,male,False,False,DE,MIA,1013,36,400.01,1089.0,Frequent,Other
u_102033,13,4,0,0,340.01,0.0,0.0,female,True,False,DE,SFO,994,13,340.01,1041.0,Frequent,Family Perk
u_102034,37,4,5,0,732.97,180.41,3.1,male,True,True,US,LGA,1066,37,913.38,1194.34,Frequent,New User Perk
u_102035,22,6,2,1,360.4,113.1,2.2,female,False,False,US,BOS,296,22,473.5,365.35,Frequent,Flight Discount
u_102036,30,0,6,0,0.0,74.55,5.4,female,True,True,US,DFW,660,30,74.55,697.46,Frequent,Other
u_102037,45,8,4,3,763.51,397.77,1.5,female,False,True,US,ATL,238,45,1161.28,399.13,Frequent,Loyalty Perk
u_102038,28,1,2,2,465.71,198.77,1.6,female,True,False,CA,MIA,866,28,664.48,960.45,Frequent,Loyalty Perk
u_102039,43,6,4,1,660.7,55.54,3.2,male,False,False,AU,MIA,302,43,716.24,416.62,Frequent,Loyalty Perk
u_102040,5,4,5,1,655.13,292.08,1.0,female,False,True,FR,ATL,399,5,947.21,498.72,Engaged,Family Perk
u_102041,21,4,6,3,637.94,268.1,3.5,male,False,False,CA,LGA,348,21,906.04,459.6,Frequent,Loyalty Perk
u_102042,35,6,3,0,332.83,157.63,6.2,male,False,True,US,JFK,466,35,490.46,550.05,Frequent,Flight Discount
u_102043,11,4,3,2,789.09,339.66,1.0,male,False,False,FR,SFO,700,11,1128.75,823.88,Frequent,Loyalty Perk
u_102044,33,7,5,1,767.41,397.24,4.2,female,True,True,US,ORD,862,33,1164.65,1011.47,Frequent,Loyalty Perk
u_102045,6,3,2,0,494.5,115.76,1.8,female,False,False,US,ORD,1082,6,610.26,1149.03,Engaged,Family Perk
u_102046,23,3,4,2,602.91,292.82,3.9,female,False,False,FR,JFK,701,23,895.73,813.57,Frequent,Family Perk
u_102047,25,5,2,0,388.97,170.81,4.7,male,False,True,US,BOS,470,25,559.78,550.98,Frequent,Family Perk
u_102048,6,8,5,0,680.52,397.46,6.8,male,True,False,FR,ATL,163,6,1077.98,276.8,Engaged,Loyalty Perk
u_102049,12,4,1,0,645.09,356.71,4.4,female,True,False,US,ATL,525,12,1001.8,637.18,Frequent,Other
u_102050,21,2,3,1,322.06,396.55,2.8,male,True,True,US,BOS,852,21,718.61,944.86,Frequent,Other
u_102051,13,0,0,2,0.0,0.0,0.0,male,True,False,GB,SFO,487,13,0.0,500.0,Frequent,Flight Discount
u_102052,29,8,0,0,812.84,0.0,0.0,male,False,False,US,SEA,864,29,812.84,974.28,Frequent,Flight Discount
u_102053,28,3,5,2,346.94,360.22,1.7,female,False,False,DE,MIA,1173,28,707.16,1271.72,Frequent,Family Perk
u_102054,39,4,2,1,125.16,157.38,1.5,male,True,True,AU,ATL,240,39,282.54,307.25,Frequent,New User Perk
u_102055,4,8,5,1,211.23,137.52,5.8,male,False,False,US,LGA,282,4,348.75,320.88,Engaged,Flight Discount
u_102056,41,7,2,3,219.81,323.76,6.0,male,False,True,US,JFK,1194,41,543.57,1289.36,Frequent,Family Perk
u_102057,37,1,5,0,89.12,249.05,1.8,male,True,True,CA,SEA,750,37,338.17,820.82,Frequent,New User Perk
u_102058,10,0,0,3,0.0,0.0,0.0,male,False,True,US,LAX,577,10,0.0,587.0,Frequent,Loyalty Perk
u_102059,30,1,1,2,152.47,167.14,6.4,female,True,False,US,BOS,121,30,319.61,182.96,Frequent,Loyalty Perk
u_102060,3,4,4,0,222.27,377.36,2.1,male,True,False,US,MIA,56,3,599.63,118.96,Engaged,Family Perk
u_102061,26,5,0,0,290.88,0.0,0.0,female,False,False,CA,SEA,200,26,290.88,255.09,Frequent,Family Perk
u_102062,3,1,3,2,594.14,174.05,5.8,female,False,False,CA,ORD,481,3,768.19,560.82,Engaged,Loyalty Perk
u_102063,45,3,0,1,399.27,0.0,0.0,female,False,False,GB,MIA,137,45,399.27,221.93,Frequent,Loyalty Perk
u_102064,13,8,3,0,836.13,218.7,4.5,male,True,True,US,JFK,945,13,1054.83,1063.48,Frequent,Family Perk
u_102065,14,5,0,2,782.61,0.0,0.0,male,True,True,FR,LGA,1097,14,782.61,1189.26,Frequent,Other
u_102066,5,1,2,3,743.28,305.88,6.7,female,True,True,CA,DFW,507,5,1049.16,616.92,Engaged,Loyalty Perk
u_102067,31,3,5,0,752.46,165.98,2.3,male,True,False,US,MIA,836,31,918.44,958.84,Frequent,Hotel Discount
u_102068,45,2,4,1,381.4,282.24,5.0,female,False,False,GB,MIA,410,45,663.64,521.36,Frequent,Loyalty Perk
u_102069,14,2,1,2,251.93,202.88,4.1,male,True,True,US,BOS,732,14,454.81,791.48,Frequent,Other
u_102070,33,0,4,3,0.0,147.49,5.8,female,False,False,AU,SEA,478,33,147.49,525.75,Frequent,Family Perk
u_102071,10,1,1,2,601.67,78.41,3.9,female,False,False,DE,SFO,735,10,680.08,813.01,Frequent,Loyalty Perk
u_102072,30,4,0,0,658.72,0.0,0.0,female,True,False,CA,BOS,626,30,658.72,721.87,Frequent,Loyalty Perk
u_102073,8,1,6,3,428.01,167.13,2.6,female,True,False,DE,SFO,862,8,595.14,929.51,Engaged,Other
u_102074,8,6,3,3,274.82,302.92,6.5,female,True,False,AU,DFW,132,8,577.74,197.77,Engaged,Family Perk
u_102075,26,3,6,0,150.41,307.74,4.5,male,False,True,US,JFK,347,26,458.15,418.81,Frequent,Loyalty Perk
u_102076,35,3,2,1,473.27,193.57,1.3,female,True,True,FR,DFW,1094,35,666.84,1195.68,Frequent,Flight Discount
u_102077,18,0,6,1,0.0,118.79,2.8,female,True,True,FR,LGA,40,18,118.79,69.88,Frequent,New User Perk
u_102078,34,6,3,3,165.55,171.07,2.6,female,True,False,US,SFO,883,34,336.62,950.66,Frequent,Flight Discount
u_102079,40,6,3,2,843.74,338.64,3.4,female,True,True,AU,LGA,312,40,1182.38,470.24,Frequent,Other
u_102080,40,1,0,1,662.69,0.0,0.0,male,False,True,AU,DFW,744,40,662.69,850.27,Frequent,Loyalty Perk
u_102081,23,5,5,1,536.81,351.31,5.0,male,False,True,US,JFK,959,23,888.12,1070.81,Frequent,Family Perk
u_102082,12,6,2,1,852.76,179.77,3.9,female,True,True,US,MIA,1078,12,1032.53,1193.25,Frequent,Family Perk
u_102083,2,7,6,2,147.39,323.45,4.4,female,True,False,FR,ATL,1196,2,470.84,1245.08,Engaged,Hotel Discount
u_102084,5,2,4,2,325.13,327.71,4.6,male,False,False,GB,SFO,368,5,652.84,438.28,Engaged,Other
u_102085,34,3,4,2,623.63,216.55,3.6,male,False,False,FR,LAX,919,34,840.18,1037.02,Frequent,Family Perk
u_102086,21,4,5,2,611.89,297.93,4.8,female,True,False,US,SFO,656,21,909.82,767.98,Frequent,Family Perk
u_102087,27,2,1,0,760.66,142.97,4.7,female,False,False,US,SFO,140,27,903.63,257.36,Frequent,Hotel Discount
u_102088,24,7,3,0,895.17,282.4,1.7,male,False,True,GB,ORD,712,24,1177.57,853.76,Frequent,Loyalty Perk
u_102089,17,3,5,0,751.29,280.74,5.2,female,False,True,CA,ATL,1020,17,1032.03,1140.2,Frequent,Loyalty Perk
u_102090,26,4,0,1,360.94,0.0,0.0,female,False,False,FR,SFO,1029,26,360.94,1091.09,Frequent,Flight Discount
u_102091,40,5,1,1,785.78,237.74,6.8,female,False,False,DE,ORD,745,40,1023.52,887.35,Frequent,Hotel Discount
u_102092,33,1,5,3,410.01,104.38,6.4,female,False,False,DE,SFO,1117,33,514.39,1201.44,Frequent,Loyalty Perk
u_102093,16,3,5,2,444.11,155.2,3.8,female,True,True,AU,LAX,545,16,599.31,620.93,Frequent,New User Perk
u_102094,32,3,2,0,535.9,299.78,4.4,female,True,False,DE,ATL,115,32,835.68,230.57,Frequent,Family Perk
u_102095,3,1,3,0,236.59,338.63,1.6,male,False,False,GB,MIA,189,3,575.22,249.52,Engaged,Loyalty Perk
u_102096,25,7,4,2,551.19,221.11,3.6,male,True,True,DE,LGA,394,25,772.3,496.23,Frequent,Loyalty Perk
u_102097,8,5,4,1,624.96,319.73,6.5,female,False,True,AU,LAX,898,8,944.69,1000.47,Engaged,Other
u_102098,16,5,5,2,656.65,258.02,1.3,male,False,True,AU,SEA,148,16,914.67,255.47,Frequent,Family Perk
u_102099,15,5,6,0,697.69,264.23,1.4,male,True,False,US,ORD,418,15,961.92,529.19,Frequent,Loyalty Perk
u_102100,40,3,3,3,777.87,373.01,2.9,female,False,True,DE,DFW,1192,40,1150.88,1347.09,Frequent,Flight Discount
u_102101,43,0,3,1,0.0,331.61,5.6,male,False,True,US,LGA,924,43,331.61,1000.16,Frequent,Family Perk
u_102102,22,2,5,3,274.57,305.31,5.9,male,False,True,FR,LAX,571,22,579.88,650.99,Frequent,Other
u_102103,7,1,6,1,631.22,384.92,5.8,male,True,False,AU,ATL,370,7,1016.14,478.61,Engaged,Loyalty Perk
u_102104,7,7,6,1,771.18,333.5,6.2,male,False,True,AU,JFK,837,7,1104.68,954.47,Engaged,Flight Discount
u_102105,24,3,1,2,642.88,160.96,2.7,female,False,False,CA,MIA,186,24,803.84,290.38,Frequent,Other
u_102106,29,3,4,0,643.46,100.53,2.2,male,False,True,US,MIA,1135,29,743.99,1238.4,Frequent,Flight Discount
u_102107,7,8,6,2,786.8,378.68,2.6,male,False,False,FR,DFW,305,7,1165.48,428.55,Engaged,Flight Discount
u_102108,21,4,0,0,171.26,0.0,0.0,male,False,True,US,ORD,937,21,171.26,975.13,Frequent,Flight Discount
u_102109,33,7,6,3,834.51,214.05,3.9,male,False,True,US,LGA,51,33,1048.56,188.86,Frequent,Flight Discount
u_102110,30,6,1,2,82.12,197.37,3.9,female,False,True,FR,ORD,164,30,279.49,221.95,Frequent,Other
u_102111,19,8,4,3,539.95,279.87,1.6,male,True,False,US,LGA,828,19,819.82,928.98,Frequent,Loyalty Perk
u_102112,20,5,6,3,290.5,200.29,2.8,male,True,True,US,MIA,200,20,490.79,269.08,Frequent,Other
u_102113,37,0,4,3,0.0,275.81,2.4,female,True,True,AU,DFW,297,37,275.81,361.58,Frequent,Family Perk
u_102114,5,5,4,0,234.02,397.71,1.9,male,False,True,US,BOS,831,5,631.73,899.17,Engaged,Family Perk
u_102115,22,3,0,1,602.85,0.0,0.0,male,False,False,US,JFK,845,22,602.85,927.29,Frequent,Loyalty Perk
u_102116,12,1,3,0,531.33,228.52,3.2,female,True,False,US,LAX,595,12,759.85,682.98,Frequent,Loyalty Perk
u_102117,15,8,6,2,237.54,343.72,4.8,male,True,True,GB,BOS,38,15,581.26,111.13,Frequent,Loyalty Perk
u_102118,20,5,2,3,550.61,320.02,5.2,female,True,False,US,SEA,280,20,870.63,387.06,Frequent,Family Perk
u_102119,10,8,1,1,151.16,165.65,4.1,male,True,False,US,JFK,1017,10,316.81,1058.68,Frequent,Flight Discount
u_102120,32,7,0,3,653.39,0.0,0.0,male,True,False,DE,JFK,423,32,653.39,520.34,Frequent,Loyalty Perk
u_102121,9,4,5,3,83.95,82.63,3.4,female,False,True,CA,JFK,1137,9,166.58,1162.66,Engaged,Flight Discount
u_102122,36,4,0,3,706.45,0.0,0.0,female,True,True,DE,MIA,856,36,706.45,962.65,Frequent,New User Perk
u_102123,15,4,2,3,634.58,283.9,2.4,female,True,True,AU,DFW,193,15,918.48,299.85,Frequent,Loyalty Perk
u_102124,12,4,4,3,693.7,302.9,3.7,female,True,True,US,ORD,1053,12,996.6,1164.66,Frequent,Loyalty Perk
u_102125,35,4,4,0,561.05,295.32,6.9,female,False,True,US,DFW,474,35,856.37,594.64,Frequent,Other
u_102126,19,2,3,0,453.11,322.81,4.5,male,False,False,US,SFO,767,19,775.92,863.59,Frequent,Other
u_102127,7,0,3,3,0.0,187.27,6.3,female,False,False,US,JFK,771,7,187.27,796.73,Engaged,Other
u_102128,33,7,1,1,397.67,251.82,2.8,female,False,False,DE,LAX,721,33,649.49,818.95,Frequent,Hotel Discount
u_102129,44,6,4,2,688.15,53.99,3.6,male,True,True,FR,DFW,402,44,742.14,520.21,Frequent,Hotel Discount
u_102130,27,8,3,0,592.33,351.81,6.3,female,True,True,FR,LAX,964,27,944.14,1085.41,Frequent,Other
u_102131,37,6,1,3,262.71,213.95,2.1,female,False,True,US,ATL,939,37,476.66,1023.67,Frequent,Family Perk
u_102132,8,2,4,3,221.36,281.24,1.2,male,True,False,US,SFO,1135,8,502.6,1193.26,Engaged,Flight Discount
u_102133,13,3,0,1,256.85,0.0,0.0,male,False,True,US,ORD,500,13,256.85,538.69,Frequent,Other
u_102134,37,4,5,1,637.64,50.81,4.7,female,True,False,US,MIA,297,37,688.45,402.84,Frequent,Hotel Discount
u_102135,20,1,1,2,278.8,300.39,1.3,female,False,False,US,ATL,813,20,579.19,890.92,Frequent,Hotel Discount
u_102136,31,5,1,0,175.49,252.53,5.5,female,False,False,CA,BOS,1095,31,428.02,1168.8,Frequent,Other
u_102137,10,8,6,0,345.67,391.05,3.5,female,True,False,GB,DFW,649,10,736.72,732.67,Frequent,New User Perk
u_102138,28,8,4,3,526.37,59.59,2.1,female,False,True,DE,BOS,498,28,585.96,584.6,Frequent,Other
u_102139,31,0,0,2,0.0,0.0,0.0,male,True,True,US,JFK,1177,31,0.0,1208.0,Frequent,Loyalty Perk
u_102140,37,8,6,3,210.77,359.94,4.0,female,True,True,FR,SEA,186,37,570.71,280.07,Frequent,Family Perk
u_102141,37,1,3,3,333.96,90.2,1.1,male,False,False,AU,LAX,428,37,424.16,507.42,Frequent,Hotel Discount
u_102142,6,0,1,3,0.0,159.28,5.1,male,False,True,US,SFO,337,6,159.28,358.93,Engaged,New User Perk
u_102143,24,4,2,2,134.8,146.4,4.0,male,True,True,US,SEA,311,24,281.2,363.12,Frequent,Other
u_102144,9,7,2,0,719.53,174.43,3.4,male,True,False,AU,MIA,1199,9,893.96,1297.4,Engaged,Loyalty Perk
u_102145,4,7,4,2,319.73,240.0,6.6,female,True,True,US,MIA,416,4,559.73,475.97,Engaged,Family Perk
u_102146,14,6,4,0,429.52,328.47,6.2,female,False,True,US,BOS,717,14,757.99,806.8,Frequent,Hotel Discount
u_102147,5,4,5,2,490.14,84.9,4.8,male,True,True,AU,SEA,44,5,575.04,106.5,Engaged,Family Perk
u_102148,31,2,0,1,367.33,0.0,0.0,male,True,False,DE,ATL,1200,31,367.33,1267.73,Frequent,Flight Discount
u_102149,15,2,4,3,770.26,340.97,4.5,male,True,False,US,ORD,434,15,1111.23,560.12,Frequent,Flight Discount
u_102150,41,5,2,0,143.41,344.81,5.8,female,True,True,GB,BOS,938,41,488.22,1027.82,Frequent,New User Perk
u_102151,20,1,6,2,830.09,154.66,5.9,male,True,False,GB,SEA,517,20,984.75,635.47,Frequent,Flight Discount
u_102152,6,8,4,1,648.34,112.24,4.9,male,False,True,GB,ATL,992,6,760.58,1074.06,Engaged,Loyalty Perk
u_102153,17,4,1,2,241.99,359.17,6.2,male,False,False,DE,LAX,977,17,601.16,1054.12,Frequent,Loyalty Perk
u_102154,22,6,6,2,262.7,231.48,5.1,male,False,False,DE,JFK,118,22,494.18,189.42,Frequent,Loyalty Perk
u_102155,42,4,1,2,466.14,352.45,6.8,male,True,False,FR,LGA,92,42,818.59,215.86,Frequent,Other
u_102156,31,3,3,3,184.5,357.64,3.4,female,True,True,AU,SFO,313,31,542.14,398.21,Frequent,Loyalty Perk
u_102157,39,3,0,0,668.62,0.0,0.0,female,True,True,US,MIA,579,39,668.62,684.86,Frequent,Flight Discount
u_102158,16,1,5,0,696.76,114.52,2.1,male,True,False,US,SEA,666,16,811.28,763.13,Frequent,Other
u_102159,1,0,5,0,0.0,232.6,1.8,female,False,False,AU,ATL,486,1,232.6,510.26,Engaged,Other
u_102160,11,8,5,1,763.93,386.99,4.9,female,False,False,CA,LAX,691,11,1150.92,817.09,Frequent,Hotel Discount
u_102161,16,0,6,1,0.0,108.16,5.6,female,False,False,US,SFO,364,16,108.16,390.82,Frequent,Loyalty Perk
u_102162,3,3,1,0,551.21,296.11,4.8,female,True,False,GB,LGA,915,3,847.32,1002.73,Engaged,New User Perk
u_102163,10,7,4,3,284.52,308.14,2.9,female,False,True,CA,DFW,562,10,592.66,631.27,Frequent,Hotel Discount
u_102164,26,7,4,1,673.78,312.47,5.4,male,False,True,US,JFK,937,26,986.25,1061.62,Frequent,Loyalty Perk
u_102165,44,6,4,0,307.28,348.79,5.4,female,True,True,CA,ORD,405,44,656.07,514.61,Frequent,Other
u_102166,22,7,1,1,758.33,339.1,1.6,female,True,False,FR,ORD,483,22,1097.43,614.74,Frequent,New User Perk
u_102167,41,3,0,1,888.32,0.0,0.0,female,True,False,GB,ORD,896,41,888.32,1025.83,Frequent,Hotel Discount
u_102168,2,8,2,1,665.96,210.52,1.3,male,True,False,DE,DFW,501,2,876.48,590.65,Engaged,Hotel Discount
u_102169,16,2,2,0,751.46,220.62,1.5,female,True,False,US,LAX,760,16,972.08,873.21,Frequent,Family Perk
u_102170,10,2,5,2,855.97,187.64,1.4,female,True,False,US,DFW,350,10,1043.61,464.36,Frequent,Hotel Discount
u_102171,33,0,3,0,0.0,255.23,6.1,female,True,True,GB,ORD,737,33,255.23,795.52,Frequent,Family Perk
u_102172,40,7,0,2,647.45,0.0,0.0,female,True,False,CA,JFK,673,40,647.45,777.75,Frequent,Other
u_102173,33,2,2,3,281.75,343.96,3.6,male,False,False,US,LAX,870,33,625.71,965.57,Frequent,Family Perk
u_102174,9,0,6,0,0.0,210.37,6.6,male,False,False,US,SFO,670,9,210.37,700.04,Engaged,Flight Discount
u_102175,33,5,5,3,568.43,211.2,1.5,male,True,False,FR,MIA,418,33,779.63,528.96,Frequent,Flight Discount
u_102176,3,1,2,3,680.84,347.35,5.4,female,True,True,US,JFK,334,3,1028.19,439.82,Engaged,Loyalty Perk
u_102177,43,1,3,1,534.99,89.86,6.8,male,True,True,CA,MIA,998,43,624.85,1103.48,Frequent,Loyalty Perk
u_102178,3,5,5,0,621.89,183.63,7.0,female,True,False,AU,ATL,1170,3,805.52,1253.55,Engaged,Loyalty Perk
u_102179,3,0,3,1,0.0,300.09,1.9,male,False,False,US,BOS,33,3,300.09,66.01,Engaged,Loyalty Perk
u_102180,30,3,2,3,311.83,213.14,2.3,male,False,False,US,ORD,88,30,524.97,170.5,Frequent,Loyalty Perk
u_102181,39,5,0,2,364.28,0.0,0.0,male,True,False,DE,BOS,611,39,364.28,686.43,Frequent,Other
u_102182,25,7,2,0,853.93,182.62,4.1,male,False,False,US,DFW,885,25,1036.55,1013.66,Frequent,Loyalty Perk
u_102183,28,4,2,3,117.26,284.09,5.8,male,False,False,US,JFK,853,28,401.35,921.14,Frequent,Family Perk
u_102184,41,7,1,1,93.33,61.33,3.1,female,True,True,FR,LGA,738,41,154.66,794.47,Frequent,Hotel Discount
u_102185,16,0,5,1,0.0,84.8,4.0,male,True,False,DE,SEA,1171,16,84.8,1195.48,Frequent,Family Perk
u_102186,36,7,5,1,90.34,86.22,2.6,male,False,True,GB,DFW,147,36,176.56,200.66,Frequent,Loyalty Perk
u_102187,43,0,2,2,0.0,256.45,1.2,female,False,False,GB,LGA,104,43,256.45,172.64,Frequent,Flight Discount
u_102188,34,8,3,1,334.08,84.09,2.3,male,False,False,DE,ORD,444,34,418.17,519.82,Frequent,Loyalty Perk
u_102189,2,1,2,1,336.55,265.28,4.7,female,True,True,US,LGA,492,2,601.83,554.18,Engaged,New User Perk
u_102190,37,6,2,2,418.92,185.62,4.1,female,False,True,DE,ATL,1046,37,604.54,1143.45,Frequent,Other
u_102191,22,2,3,2,598.11,69.49,2.0,female,True,False,US,LAX,541,22,667.6,629.76,Frequent,Loyalty Perk
u_102192,30,7,6,0,231.25,77.58,3.2,male,False,True,GB,MIA,1184,30,308.83,1244.88,Frequent,Flight Discount
u_102193,22,1,3,3,433.71,298.37,5.8,female,True,True,FR,LGA,398,22,732.08,493.21,Frequent,New User Perk
u_102194,41,0,4,3,0.0,329.88,3.5,male,False,False,CA,SEA,698,41,329.88,771.99,Frequent,Hotel Discount
u_102195,10,0,1,1,0.0,329.74,2.6,female,False,False,CA,DFW,1167,10,329.74,1209.97,Frequent,Flight Discount
u_102196,16,7,0,2,380.93,0.0,0.0,female,True,True,US,SEA,493,16,380.93,547.09,Frequent,Flight Discount
u_102197,41,1,2,0,575.51,136.99,4.4,male,True,True,AU,MIA,43,41,712.5,155.25,Frequent,Other
u_102198,37,1,6,0,747.96,331.48,4.7,male,False,False,US,BOS,675,37,1079.44,819.94,Frequent,Family Perk
u_102199,36,8,5,1,317.36,389.09,2.3,female,True,False,DE,MIA,190,36,706.45,296.65,Frequent,Other
u_102200,41,1,2,0,858.0,169.63,1.5,male,True,True,US,BOS,504,41,1027.63,647.76,Frequent,Hotel Discount
u_102201,29,0,4,2,0.0,194.92,4.4,male,False,True,CA,DFW,592,29,194.92,640.49,Frequent,Flight Discount
u_102202,30,8,1,0,97.86,86.6,5.9,female,False,True,CA,BOS,754,30,184.46,802.45,Frequent,New User Perk
u_102203,10,7,2,3,571.71,326.7,3.7,female,False,False,DE,LAX,578,10,898.41,677.84,Frequent,New User Perk
u_102204,41,8,3,0,575.5,130.38,4.7,male,False,False,CA,ATL,498,41,705.88,609.59,Frequent,Flight Discount
u_102205,5,0,6,3,0.0,55.92,2.0,female,True,True,AU,DFW,953,5,55.92,963.59,Other,Family Perk
u_102206,16,1,5,0,146.6,398.76,4.6,male,True,False,DE,MIA,710,16,545.36,780.54,Frequent,Family Perk
u_102207,3,6,2,0,130.37,204.28,6.7,male,True,False,US,MIA,849,3,334.65,885.46,Engaged,Hotel Discount
u_102208,34,1,3,0,816.51,136.26,5.8,female,False,False,FR,DFW,81,34,952.77,210.28,Frequent,Loyalty Perk
u_102209,32,3,5,3,336.82,367.61,4.6,female,False,True,US,SEA,443,32,704.43,545.44,Frequent,Other
u_102210,29,1,4,3,762.36,397.45,2.7,male,False,True,US,JFK,78,29,1159.81,222.98,Frequent,Other
u_102211,23,5,6,3,447.15,129.61,2.4,male,False,False,CA,JFK,1092,23,576.76,1172.68,Frequent,Flight Discount
u_102212,37,1,3,0,751.21,304.41,3.2,female,False,False,US,ORD,32,37,1055.62,174.56,Frequent,Hotel Discount
u_102213,23,3,5,3,668.46,385.04,4.7,male,False,True,AU,MIA,964,23,1053.5,1092.35,Frequent,Other
u_102214,18,8,3,1,841.86,118.63,5.5,female,True,False,AU,LAX,1177,18,960.49,1291.05,Frequent,Hotel Discount
u_102215,43,6,4,3,624.3,141.27,1.5,female,False,True,US,SEA,524,43,765.57,643.56,Frequent,Other
u_102216,3,6,0,2,378.35,0.0,0.0,male,True,False,AU,SEA,237,3,378.35,277.84,Engaged,Hotel Discount
u_102217,8,6,1,2,100.09,294.12,4.5,male,False,False,US,JFK,414,8,394.21,461.42,Engaged,Loyalty Perk
u_102218,14,8,5,3,92.77,378.54,5.0,female,False,False,CA,MIA,701,14,471.31,762.13,Frequent,Other
u_102219,31,1,5,3,405.98,311.58,6.8,male,True,True,CA,LAX,771,31,717.56,873.76,Frequent,Family Perk
u_102220,4,0,0,0,0.0,0.0,0.0,male,False,True,US,MIA,257,4,0.0,261.0,Other,Hotel Discount
u_102221,27,1,6,3,237.87,140.27,2.5,male,True,False,AU,JFK,1083,27,378.14,1147.81,Frequent,Loyalty Perk
u_102222,33,2,5,1,515.3,156.03,6.8,male,True,True,US,BOS,134,33,671.33,234.13,Frequent,Flight Discount
u_102223,5,0,2,2,0.0,235.23,4.0,female,False,True,US,ORD,984,5,235.23,1012.52,Engaged,New User Perk
u_102224,5,2,1,0,713.12,235.61,1.8,male,False,False,GB,MIA,316,5,948.73,415.87,Engaged,Other
u_102225,31,6,0,1,759.35,0.0,0.0,male,True,False,CA,JFK,348,31,759.35,454.94,Frequent,Flight Discount
u_102226,33,3,2,0,419.34,211.85,2.6,female,True,False,US,MIA,529,33,631.19,625.12,Frequent,Hotel Discount
u_102227,35,2,5,3,740.14,369.03,2.0,male,True,True,GB,LAX,522,35,1109.17,667.92,Frequent,Flight Discount
u_102228,12,6,6,2,291.67,289.33,2.7,female,False,True,US,SFO,538,12,581.0,608.1,Frequent,Loyalty Perk
u_102229,20,3,1,0,429.39,58.51,5.2,female,False,True,US,JFK,80,20,487.9,148.79,Frequent,New User Perk
u_102230,45,5,4,0,712.16,368.45,5.2,female,False,True,GB,SFO,371,45,1080.61,524.06,Frequent,Hotel Discount
u_102231,7,2,0,2,862.71,0.0,0.0,female,True,True,GB,ATL,512,7,862.71,605.27,Engaged,New User Perk
u_102232,2,3,1,1,345.68,153.93,4.2,male,False,True,AU,MIA,43,2,499.61,94.96,Engaged,Loyalty Perk
u_102233,30,3,4,2,880.93,348.45,2.9,female,False,False,DE,ORD,739,30,1229.38,891.94,Frequent,Flight Discount
u_102234,5,1,3,1,889.86,387.11,3.7,male,False,False,CA,JFK,477,5,1276.97,609.7,Engaged,Flight Discount
u_102235,28,1,0,1,379.11,0.0,0.0,female,True,False,AU,SEA,1167,28,379.11,1232.91,Frequent,Loyalty Perk
u_102236,35,0,2,3,0.0,384.68,1.2,male,True,True,US,LGA,1070,35,384.68,1143.47,Frequent,Hotel Discount
u_102237,15,2,6,0,112.24,215.1,5.3,male,False,True,FR,SEA,1104,15,327.34,1151.73,Frequent,Loyalty Perk
u_102238,19,8,2,1,230.79,215.18,1.0,male,False,True,AU,SFO,949,19,445.97,1012.6,Frequent,Hotel Discount
u_102239,28,2,3,3,704.87,123.27,3.4,female,True,False,CA,JFK,165,28,828.14,275.81,Frequent,Other
u_102240,2,5,0,0,500.88,0.0,0.0,female,False,False,US,LGA,651,2,500.88,703.09,Engaged,Flight Discount
u_102241,14,0,0,1,0.0,0.0,0.0,female,True,True,AU,LAX,886,14,0.0,900.0,Frequent,Loyalty Perk
u_102242,3,2,5,1,82.31,366.55,5.0,female,True,True,US,SFO,321,3,448.86,368.89,Engaged,Flight Discount
u_102243,37,1,3,1,776.52,246.09,6.2,female,True,False,GB,ORD,259,37,1022.61,398.26,Frequent,Other
u_102244,40,6,6,3,676.04,156.94,2.5,female,True,True,AU,MIA,32,40,832.98,155.3,Frequent,Other
u_102245,7,6,3,2,555.83,51.5,5.1,female,False,True,US,MIA,618,7,607.33,685.73,Engaged,Hotel Discount
u_102246,32,6,2,1,555.69,194.51,5.2,female,True,True,GB,JFK,1086,32,750.2,1193.02,Frequent,Hotel Discount
u_102247,1,5,6,0,616.44,387.51,3.4,male,False,True,US,SFO,881,1,1003.95,982.4,Engaged,Flight Discount
u_102248,24,2,5,1,650.98,96.61,5.8,male,True,False,US,SFO,1161,24,747.59,1259.76,Frequent,Flight Discount
u_102249,16,5,2,0,862.81,347.79,2.8,female,True,False,DE,DFW,858,16,1210.6,995.06,Frequent,Other
u_102250,6,1,2,1,750.0,161.77,5.1,female,True,False,US,JFK,401,6,911.77,498.18,Engaged,Flight Discount
u_102251,29,4,4,0,874.88,56.96,6.5,male,False,True,US,JFK,764,29,931.84,886.18,Frequent,Loyalty Perk
u_102252,5,4,6,1,226.03,397.08,2.3,male,False,True,FR,MIA,702,5,623.11,769.31,Engaged,New User Perk
u_102253,23,6,3,2,444.83,259.85,6.9,female,False,True,US,SFO,210,23,704.68,303.47,Frequent,Other
u_102254,22,7,3,1,442.56,137.54,5.6,male,False,True,US,DFW,243,22,580.1,323.01,Frequent,Flight Discount
u_102255,30,0,6,0,0.0,357.37,5.0,female,True,False,FR,ATL,373,30,357.37,438.74,Frequent,Flight Discount
u_102256,25,0,0,1,0.0,0.0,0.0,male,True,False,FR,ATL,587,25,0.0,612.0,Frequent,Hotel Discount
u_102257,18,6,0,0,693.11,0.0,0.0,male,True,True,US,SEA,1011,18,693.11,1098.31,Frequent,Loyalty Perk
u_102258,4,3,1,3,693.5,358.67,5.1,male,False,True,GB,MIA,328,4,1052.17,437.22,Engaged,Loyalty Perk
u_102259,30,6,5,1,121.94,368.28,4.4,female,True,False,US,ATL,38,30,490.22,117.02,Frequent,Loyalty Perk
u_102260,30,4,6,2,307.23,347.5,1.3,female,False,False,CA,SFO,855,30,654.73,950.47,Frequent,Loyalty Perk
u_102261,19,3,2,3,760.88,397.73,1.7,male,False,True,AU,SFO,830,19,1158.61,964.86,Frequent,Loyalty Perk
u_102262,40,8,2,0,458.89,262.09,5.7,female,True,False,FR,ORD,908,40,720.98,1020.1,Frequent,Flight Discount
u_102263,27,8,0,3,471.1,0.0,0.0,female,False,True,DE,SFO,663,27,471.1,737.11,Frequent,Family Perk
u_102264,4,7,5,0,741.22,344.07,3.8,male,False,True,DE,ORD,824,4,1085.29,936.53,Engaged,Other
u_102265,33,8,1,3,558.77,102.01,2.2,male,False,True,US,SEA,1056,33,660.78,1155.08,Frequent,Flight Discount
u_102266,38,5,1,2,639.34,65.13,2.1,male,True,True,AU,ATL,208,38,704.47,316.45,Frequent,Hotel Discount
u_102267,30,3,2,2,743.27,149.66,3.7,male,False,False,US,LAX,567,30,892.93,686.29,Frequent,New User Perk
u_102268,18,7,3,0,319.46,327.27,3.0,male,True,True,US,ORD,98,18,646.73,180.67,Frequent,Loyalty Perk
u_102269,3,2,0,0,417.08,0.0,0.0,female,False,False,GB,SEA,993,3,417.08,1037.71,Engaged,Loyalty Perk
u_102270,37,4,6,3,735.34,88.9,2.0,male,False,False,CA,SFO,1158,37,824.24,1277.42,Frequent,Hotel Discount
u_102271,21,0,3,3,0.0,86.18,1.9,male,True,False,US,MIA,336,21,86.18,365.62,Frequent,Loyalty Perk
u_102272,19,6,4,2,283.63,51.53,2.5,male,True,False,AU,DFW,787,19,335.16,839.52,Frequent,Other
u_102273,14,5,3,0,489.77,220.55,4.2,female,False,True,US,MIA,668,14,710.32,753.03,Frequent,Hotel Discount
u_102274,13,0,2,3,0.0,62.38,4.1,male,True,True,DE,MIA,530,13,62.38,549.24,Frequent,Other
u_102275,44,2,1,0,542.67,181.08,3.0,female,True,False,US,LAX,77,44,723.75,193.38,Frequent,Family Perk
u_102276,5,5,5,0,221.57,69.54,4.5,female,True,False,DE,LGA,457,5,291.11,491.11,Engaged,Family Perk
u_102277,8,6,1,0,532.01,117.77,2.4,male,False,False,DE,LAX,503,8,649.78,575.98,Engaged,Hotel Discount
u_102278,1,5,1,0,473.91,105.87,6.5,male,True,False,US,JFK,116,1,579.78,174.98,Engaged,Loyalty Perk
u_102279,18,2,3,0,338.76,267.15,2.9,male,True,True,DE,SEA,1138,18,605.91,1216.59,Frequent,Other
u_102280,13,2,1,0,867.19,393.3,2.0,female,True,True,US,MIA,1163,13,1260.49,1302.05,Frequent,Loyalty Perk
u_102281,33,5,1,2,482.68,54.6,4.4,female,False,False,AU,SFO,69,33,537.28,155.73,Frequent,Flight Discount
u_102282,12,5,3,1,451.5,213.02,2.5,female,False,True,CA,SFO,1043,12,664.52,1121.45,Frequent,Loyalty Perk
u_102283,18,6,2,3,463.84,321.4,1.3,female,True,False,US,ATL,918,18,785.24,1014.52,Frequent,Loyalty Perk
u_102284,34,0,6,1,0.0,229.43,6.9,female,True,False,US,MIA,851,34,229.43,907.94,Frequent,Flight Discount
u_102285,2,0,2,1,0.0,352.99,1.4,male,False,False,US,SEA,1086,2,352.99,1123.3,Engaged,Loyalty Perk
u_102286,33,0,6,1,0.0,75.99,6.0,male,False,False,AU,BOS,852,33,75.99,892.6,Frequent,Other
u_102287,38,8,1,0,801.7,316.34,7.0,female,False,True,US,SEA,303,38,1118.04,452.8,Frequent,Family Perk
u_102288,26,0,0,0,0.0,0.0,0.0,female,True,False,CA,JFK,1169,26,0.0,1195.0,Frequent,Loyalty Perk
u_102289,1,8,6,3,478.44,364.44,3.2,male,False,True,US,SEA,110,1,842.88,195.29,Engaged,Loyalty Perk
u_102290,19,3,1,3,879.53,252.64,5.4,male,True,False,CA,LGA,806,19,1132.17,938.22,Frequent,Loyalty Perk
u_102291,21,1,0,0,839.63,0.0,0.0,male,False,False,US,LGA,1198,21,839.63,1302.96,Frequent,Loyalty Perk
u_102292,36,5,0,1,89.69,0.0,0.0,male,False,True,US,SEA,128,36,89.69,172.97,Frequent,Other
u_102293,12,0,0,0,0.0,0.0,0.0,female,False,True,US,ATL,382,12,0.0,394.0,Frequent,Flight Discount
u_102294,44,5,5,1,791.89,197.79,4.6,female,False,False,CA,SEA,954,44,989.68,1096.97,Frequent,Loyalty Perk
u_102295,43,4,5,1,126.05,79.18,2.7,female,True,False,US,MIA,745,43,205.23,808.52,Frequent,New User Perk
u_102296,6,3,1,3,848.69,394.15,5.6,male,False,False,US,SFO,939,6,1242.84,1069.28,Engaged,New User Perk
u_102297,44,6,6,0,766.74,162.08,4.0,female,False,False,FR,JFK,211,44,928.82,347.88,Frequent,New User Perk
u_102298,20,6,4,0,305.53,255.88,1.2,female,False,True,GB,BOS,149,20,561.41,225.14,Frequent,New User Perk
u_102299,44,5,3,2,297.74,59.38,4.7,female,False,True,CA,LGA,1172,44,357.12,1251.71,Frequent,Hotel Discount
u_102300,10,7,5,0,159.68,90.8,5.1,male,False,False,US,SFO,146,10,250.48,181.05,Frequent,Family Perk
u_102301,33,8,5,2,569.09,336.48,1.5,female,True,False,AU,MIA,761,33,905.57,884.56,Frequent,Other
u_102302,45,3,5,2,648.41,348.0,1.0,female,True,True,US,SEA,111,45,996.41,255.64,Frequent,Other
u_102303,40,7,5,1,87.09,348.05,2.8,male,False,False,US,SFO,365,40,435.14,448.51,Frequent,Other
u_102304,31,4,4,2,446.42,185.31,2.8,female,True,True,US,DFW,537,31,631.73,631.17,Frequent,Other
u_102305,6,4,3,0,455.57,224.66,4.2,male,False,False,DE,LAX,585,6,680.23,659.02,Engaged,Other
u_102306,40,8,4,3,563.54,239.62,3.8,male,True,False,DE,MIA,993,40,803.16,1113.32,Frequent,Family Perk
u_102307,5,3,2,0,174.75,263.63,7.0,female,False,False,DE,DFW,466,5,438.38,514.84,Engaged,Family Perk
u_102308,22,1,5,1,285.96,363.53,4.1,male,False,False,US,SEA,85,22,649.49,171.95,Frequent,Family Perk
u_102309,16,6,5,2,413.84,372.39,1.4,female,False,False,DE,ATL,767,16,786.23,861.62,Frequent,Flight Discount
u_102310,30,0,5,3,0.0,167.35,2.5,female,True,True,US,LGA,91,30,167.35,137.73,Frequent,Family Perk
u_102311,9,7,5,2,277.84,68.5,6.0,male,True,False,US,LAX,390,9,346.34,433.63,Engaged,Other
u_102312,20,7,6,2,423.06,351.55,5.8,female,True,False,US,DFW,245,20,774.61,342.46,Frequent,New User Perk
u_102313,12,8,3,0,823.06,195.67,2.9,male,True,True,DE,BOS,641,12,1018.73,754.87,Frequent,Flight Discount
u_102314,28,5,5,2,145.52,375.53,2.0,female,False,False,US,SFO,1158,28,521.05,1238.1,Frequent,Family Perk
u_102315,43,8,5,3,434.89,64.53,6.6,male,False,True,US,LAX,588,43,499.42,680.94,Frequent,Loyalty Perk
u_102316,29,0,2,1,0.0,65.56,1.5,female,True,True,FR,DFW,481,29,65.56,516.56,Frequent,Family Perk
u_102317,11,0,1,3,0.0,380.63,4.1,male,False,True,US,ORD,630,11,380.63,679.06,Frequent,Other
u_102318,35,5,1,3,198.1,211.97,3.3,female,False,False,US,MIA,89,35,410.07,165.01,Frequent,Flight Discount
u_102319,15,4,3,0,864.4,52.54,2.1,male,True,False,DE,BOS,1129,15,916.94,1235.69,Frequent,Loyalty Perk
u_102320,16,5,3,1,238.16,277.63,6.2,male,False,False,GB,SEA,957,16,515.79,1024.58,Frequent,Hotel Discount
u_102321,22,8,2,3,259.03,379.53,5.7,male,True,False,GB,ORD,481,22,638.56,566.86,Frequent,Loyalty Perk
u_102322,20,2,6,2,114.24,304.39,1.9,male,True,False,DE,LGA,730,20,418.63,791.86,Frequent,New User Perk
u_102323,19,1,0,3,470.87,0.0,0.0,female,True,False,DE,LGA,1172,19,470.87,1238.09,Frequent,Family Perk
u_102324,42,7,1,3,769.96,395.27,3.1,male,False,False,CA,MIA,50,42,1165.23,208.52,Frequent,Loyalty Perk
u_102325,14,2,5,1,591.35,74.69,5.1,female,False,False,DE,ORD,610,14,666.04,690.6,Frequent,Hotel Discount
u_102326,1,6,1,1,635.46,141.62,2.9,female,False,False,DE,LGA,601,1,777.08,679.71,Engaged,Loyalty Perk
u_102327,2,8,4,2,249.19,79.8,6.7,female,False,True,DE,MIA,126,2,328.99,160.9,Engaged,Other
u_102328,32,1,6,3,197.9,128.35,3.1,male,True,True,US,BOS,1155,32,326.25,1219.62,Frequent,Hotel Discount
u_102329,8,5,6,1,249.5,148.07,5.8,female,True,True,FR,LGA,697,8,397.57,744.76,Engaged,Loyalty Perk
u_102330,33,7,0,2,839.32,0.0,0.0,male,True,False,DE,LAX,779,33,839.32,895.93,Frequent,Family Perk
u_102331,22,5,4,2,880.54,58.9,3.1,female,False,False,GB,SEA,521,22,939.44,636.94,Frequent,Loyalty Perk
u_102332,20,8,2,2,816.01,245.7,4.7,female,True,True,DE,JFK,358,20,1061.71,484.17,Frequent,Loyalty Perk
u_102333,43,8,5,1,715.37,76.01,4.9,male,False,True,US,SEA,227,43,791.38,349.14,Frequent,Loyalty Perk
u_102334,19,4,2,1,129.23,121.58,5.7,male,True,False,GB,SEA,307,19,250.81,351.08,Frequent,Other
u_102335,33,8,1,2,859.88,115.99,5.4,female,False,False,US,LGA,525,33,975.87,655.59,Frequent,Loyalty Perk
u_102336,45,2,4,1,898.91,202.78,2.7,male,True,False,CA,LGA,75,45,1101.69,230.17,Frequent,Flight Discount
u_102337,24,2,2,3,548.77,254.05,1.4,male,True,True,FR,LGA,85,24,802.82,189.28,Frequent,Loyalty Perk
u_102338,10,5,2,3,86.69,243.79,4.6,female,False,True,US,ORD,263,10,330.48,306.05,Frequent,Hotel Discount
u_102339,31,1,1,1,572.68,289.97,3.6,female,True,False,FR,SFO,390,31,862.65,507.27,Frequent,Hotel Discount
u_102340,16,4,6,1,175.1,90.77,1.2,female,False,True,US,SEA,368,16,265.87,410.59,Frequent,Other
u_102341,19,4,4,0,213.46,233.97,4.6,male,True,True,US,JFK,1168,19,447.43,1231.74,Frequent,Loyalty Perk
u_102342,11,3,0,0,634.4,0.0,0.0,male,False,False,CA,SFO,103,11,634.4,177.44,Frequent,Loyalty Perk
u_102343,36,3,0,3,866.46,0.0,0.0,male,True,True,GB,MIA,508,36,866.46,630.65,Frequent,Loyalty Perk
u_102344,31,1,0,1,646.44,0.0,0.0,female,False,True,CA,JFK,1183,31,646.44,1278.64,Frequent,New User Perk
u_102345,2,1,1,1,721.01,58.02,6.3,male,False,False,US,SFO,539,2,779.03,618.9,Engaged,Flight Discount
u_102346,5,4,4,3,711.36,170.73,6.0,female,False,False,US,SEA,1045,5,882.09,1138.21,Engaged,Hotel Discount
u_102347,5,6,6,1,176.49,59.13,2.2,male,False,False,US,ORD,1048,5,235.62,1076.56,Engaged,Loyalty Perk
u_102348,2,3,6,3,784.97,122.02,3.5,male,True,True,GB,SEA,975,2,906.99,1067.7,Engaged,Other
u_102349,44,3,6,1,889.19,136.74,5.1,female,False,False,AU,MIA,151,44,1025.93,297.59,Frequent,Flight Discount
u_102350,32,1,2,0,538.74,119.27,2.1,male,False,True,US,ATL,640,32,658.01,737.8,Frequent,Flight Discount
u_102351,19,4,5,1,590.9,277.88,2.5,male,False,False,FR,SEA,716,19,868.78,821.88,Frequent,Hotel Discount
u_102352,21,8,6,1,642.44,242.64,3.0,male,False,True,US,BOS,591,21,885.08,700.51,Frequent,Loyalty Perk
u_102353,14,4,4,1,718.19,132.32,4.0,male,True,True,AU,LGA,1178,14,850.51,1277.05,Frequent,Family Perk
u_102354,16,8,0,0,291.64,0.0,0.0,female,True,False,US,LAX,512,16,291.64,557.16,Frequent,Other
u_102355,18,8,3,3,853.86,143.01,3.4,female,False,False,AU,MIA,1035,18,996.87,1152.69,Frequent,Family Perk
u_102356,30,5,2,1,551.57,218.28,1.2,male,True,False,US,JFK,562,30,769.85,668.98,Frequent,New User Perk
u_102357,17,1,2,3,226.18,89.46,2.9,female,True,True,US,DFW,468,17,315.64,516.56,Frequent,Family Perk
u_102358,8,1,2,3,832.29,350.91,6.3,male,True,False,FR,MIA,185,8,1183.2,311.32,Engaged,Loyalty Perk
u_102359,22,4,3,2,826.01,111.41,3.4,male,False,True,GB,SFO,535,22,937.42,650.74,Frequent,Flight Discount
u_102360,18,0,1,2,0.0,357.05,5.1,female,True,False,DE,JFK,674,18,357.05,727.7,Frequent,Family Perk
u_102361,1,3,0,0,156.03,0.0,0.0,female,False,False,AU,LGA,877,1,156.03,893.6,Engaged,Hotel Discount
u_102362,34,6,6,3,823.82,290.45,5.1,male,True,False,US,ORD,941,34,1114.27,1086.43,Frequent,Loyalty Perk
u_102363,43,0,4,2,0.0,343.21,4.8,male,False,True,FR,SFO,73,43,343.21,150.32,Frequent,New User Perk
u_102364,44,5,0,0,137.1,0.0,0.0,male,False,True,US,MIA,873,44,137.1,930.71,Frequent,Other
u_102365,41,4,4,2,234.83,310.93,3.8,female,True,True,CA,BOS,979,41,545.76,1074.58,Frequent,New User Perk
u_102366,22,1,2,1,567.01,174.39,2.7,female,True,False,GB,ATL,822,22,741.4,918.14,Frequent,Flight Discount
u_102367,45,5,6,3,186.95,169.98,4.0,female,False,True,US,SEA,54,45,356.93,134.69,Frequent,Family Perk
u_102368,30,4,5,2,559.76,131.98,5.0,male,False,True,CA,DFW,868,30,691.74,967.17,Frequent,Flight Discount
u_102369,39,7,5,0,643.22,289.23,1.3,male,True,False,CA,BOS,215,39,932.45,347.25,Frequent,Loyalty Perk
u_102370,29,6,0,1,113.58,0.0,0.0,female,True,True,CA,SFO,584,29,113.58,624.36,Frequent,Family Perk
u_102371,41,3,2,2,714.57,325.51,6.3,female,False,True,CA,LAX,1139,41,1040.08,1284.01,Frequent,Other
u_102372,23,6,5,3,550.5,244.18,5.0,male,False,True,FR,SEA,128,23,794.68,230.47,Frequent,Hotel Discount
u_102373,31,1,6,0,360.15,246.13,6.3,female,False,False,CA,SEA,162,31,606.28,253.63,Frequent,Other
u_102374,32,1,0,3,177.79,0.0,0.0,female,True,False,US,LGA,645,32,177.79,694.78,Frequent,Other
u_102375,38,8,1,0,701.76,210.12,5.8,female,False,False,US,JFK,383,38,911.88,512.19,Frequent,Other
u_102376,42,5,5,1,277.76,400.0,5.0,female,False,True,FR,BOS,628,42,677.76,737.78,Frequent,New User Perk
u_102377,36,8,0,1,359.32,0.0,0.0,female,False,True,US,SEA,383,36,359.32,454.93,Frequent,Loyalty Perk
u_102378,36,2,6,1,413.07,250.11,4.5,male,True,True,FR,LGA,867,36,663.18,969.32,Frequent,Family Perk
u_102379,24,3,4,1,759.73,276.31,3.2,female,True,True,FR,MIA,159,24,1036.04,286.6,Frequent,Loyalty Perk
u_102380,13,7,0,0,446.55,0.0,0.0,female,True,True,US,LGA,533,13,446.55,590.66,Frequent,Family Perk
u_102381,3,7,6,0,547.92,361.26,4.1,male,False,False,US,LAX,589,3,909.18,682.92,Engaged,Loyalty Perk
u_102382,29,6,5,1,584.87,171.66,6.1,male,False,False,CA,BOS,616,29,756.53,720.65,Frequent,Loyalty Perk
u_102383,9,6,3,3,375.57,146.66,5.6,female,False,False,GB,SEA,1074,9,522.23,1135.22,Engaged,Loyalty Perk
u_102384,37,5,0,0,238.94,0.0,0.0,male,False,False,DE,SEA,713,37,238.94,773.89,Frequent,Flight Discount
u_102385,26,3,0,1,182.51,0.0,0.0,male,True,True,AU,LAX,826,26,182.51,870.25,Frequent,New User Perk
u_102386,15,3,0,0,899.26,0.0,0.0,female,False,True,GB,SEA,975,15,899.26,1079.93,Frequent,Loyalty Perk
u_102387,6,6,4,2,200.24,101.97,3.8,female,True,False,US,SFO,1010,6,302.21,1046.22,Engaged,New User Perk
u_102388,38,0,0,2,0.0,0.0,0.0,male,False,True,DE,ATL,459,38,0.0,497.0,Frequent,Family Perk
u_102389,28,3,1,2,186.21,236.48,3.1,female,True,True,US,SEA,849,28,422.69,919.27,Frequent,Family Perk
u_102390,44,2,1,2,695.75,122.76,1.2,male,False,True,US,SEA,499,44,818.51,624.85,Frequent,Flight Discount
u_102391,17,0,1,3,0.0,53.9,2.2,male,True,False,US,ORD,507,17,53.9,529.39,Frequent,Loyalty Perk
u_102392,24,6,5,0,184.86,275.98,6.3,male,True,True,FR,DFW,55,24,460.84,125.08,Frequent,Other
u_102393,44,1,3,3,548.52,184.97,1.1,male,False,True,FR,SFO,820,44,733.49,937.35,Frequent,Hotel Discount
u_102394,24,7,5,1,460.13,284.05,3.6,female,False,False,US,JFK,91,24,744.18,189.42,Frequent,Hotel Discount
u_102395,34,5,4,1,295.72,386.54,4.2,male,False,True,AU,BOS,1168,34,682.26,1270.23,Frequent,Hotel Discount
u_102396,14,3,0,2,98.74,0.0,0.0,male,True,False,DE,BOS,367,14,98.74,390.87,Frequent,Hotel Discount
u_102397,44,0,1,2,0.0,54.09,3.6,female,False,False,GB,JFK,1103,44,54.09,1152.41,Frequent,Flight Discount
u_102398,32,6,3,0,794.08,340.09,4.5,male,False,False,US,DFW,1119,32,1134.17,1264.42,Frequent,Family Perk
u_102399,34,5,1,2,200.24,214.4,2.0,male,False,True,US,ORD,241,34,414.64,316.46,Frequent,Family Perk
u_102400,37,6,1,2,584.37,370.93,2.7,female,True,False,CA,ORD,441,37,955.3,573.53,Frequent,Hotel Discount
u_102401,28,5,1,0,465.34,229.74,2.3,female,False,False,AU,SFO,139,28,695.08,236.51,Frequent,Loyalty Perk
u_102402,25,6,1,1,367.76,186.68,5.8,male,True,True,DE,ORD,449,25,554.44,529.44,Frequent,Flight Discount
u_102403,29,4,4,1,570.68,72.86,5.0,male,True,True,CA,BOS,40,29,643.54,133.35,Frequent,Loyalty Perk
u_102404,34,6,3,0,693.19,122.76,6.2,male,True,True,CA,BOS,345,34,815.95,460.59,Frequent,New User Perk
u_102405,23,5,5,2,154.92,397.1,5.8,female,False,True,DE,BOS,77,23,552.02,155.2,Frequent,Family Perk
u_102406,41,8,0,0,314.16,0.0,0.0,female,True,False,CA,SFO,1035,41,314.16,1107.42,Frequent,Loyalty Perk
u_102407,32,3,5,1,522.44,318.84,6.3,female,False,False,CA,DFW,696,32,841.28,812.13,Frequent,Other
u_102408,6,8,1,3,524.7,362.88,5.4,male,False,False,AU,SFO,936,6,887.58,1030.76,Engaged,Flight Discount
u_102409,23,0,4,3,0.0,227.84,4.7,male,False,False,US,DFW,1060,23,227.84,1105.78,Frequent,Flight Discount
u_102410,3,8,6,3,309.94,330.78,6.7,male,False,True,US,ORD,368,3,640.72,435.07,Engaged,Flight Discount
u_102411,34,6,4,2,224.98,89.23,5.9,male,False,True,GB,DFW,758,34,314.21,823.42,Frequent,Hotel Discount
u_102412,35,0,1,2,0.0,353.72,3.5,male,False,True,US,BOS,625,35,353.72,695.37,Frequent,Family Perk
u_102413,26,4,3,2,456.84,307.13,4.5,male,False,True,US,SEA,197,26,763.97,299.4,Frequent,Family Perk
u_102414,16,6,5,2,882.81,242.94,3.5,male,True,True,GB,LGA,1059,16,1125.75,1187.58,Frequent,Family Perk
u_102415,21,8,4,1,256.18,180.48,6.1,male,True,True,CA,JFK,881,21,436.66,945.67,Frequent,Loyalty Perk
u_102416,21,5,5,0,708.46,59.07,4.5,female,True,True,US,BOS,1016,21,767.53,1113.75,Frequent,Loyalty Perk
u_102417,19,5,6,3,157.64,239.69,6.5,male,True,True,US,LAX,1174,19,397.33,1232.73,Frequent,Hotel Discount
u_102418,41,5,0,2,355.56,0.0,0.0,male,False,True,US,MIA,224,41,355.56,300.56,Frequent,Flight Discount
u_102419,28,7,0,3,86.39,0.0,0.0,male,False,False,US,BOS,53,28,86.39,89.64,Frequent,Loyalty Perk
u_102420,2,7,5,0,572.13,79.31,6.8,male,True,True,FR,SFO,480,2,651.44,547.14,Engaged,Loyalty Perk
u_102421,23,2,1,0,541.28,379.7,5.6,male,True,True,CA,ATL,573,23,920.98,688.1,Frequent,Hotel Discount
u_102422,32,5,4,2,395.99,300.72,2.5,male,True,False,US,SEA,44,32,696.71,145.67,Frequent,Flight Discount
u_102423,3,3,0,3,565.37,0.0,0.0,male,True,True,AU,LAX,788,3,565.37,847.54,Engaged,Family Perk
u_102424,8,1,4,3,119.41,275.13,4.3,female,False,False,US,LAX,278,8,394.54,325.45,Engaged,Other
u_102425,12,5,2,3,556.26,370.35,1.4,male,True,True,US,LGA,338,12,926.61,442.66,Frequent,Loyalty Perk
u_102426,45,1,6,0,802.81,296.36,4.8,female,False,False,FR,BOS,1198,45,1099.17,1352.92,Frequent,Hotel Discount
u_102427,11,1,0,1,698.72,0.0,0.0,male,False,False,US,SFO,474,11,698.72,554.87,Frequent,New User Perk
u_102428,45,8,6,0,287.6,311.5,5.8,male,True,False,CA,JFK,117,45,599.1,221.91,Frequent,New User Perk
u_102429,36,3,2,3,542.42,142.26,4.4,male,False,True,CA,LGA,751,36,684.68,855.47,Frequent,Other
u_102430,27,2,5,3,295.07,189.43,4.6,female,True,False,FR,LGA,481,27,484.5,556.45,Frequent,Flight Discount
u_102431,39,4,0,2,197.32,0.0,0.0,female,True,False,CA,LAX,62,39,197.32,120.73,Frequent,Loyalty Perk
u_102432,21,3,5,2,452.39,313.46,4.6,female,False,False,AU,LAX,737,21,765.85,834.59,Frequent,Hotel Discount
u_102433,34,6,0,3,891.17,0.0,0.0,male,False,False,DE,LAX,798,34,891.17,921.12,Frequent,Hotel Discount
u_102434,39,7,3,0,179.19,186.58,1.8,female,True,True,AU,LAX,1136,39,365.77,1211.58,Frequent,Other
u_102435,18,6,4,3,476.16,66.09,3.4,male,True,False,FR,LAX,805,18,542.25,877.23,Frequent,Family Perk
u_102436,5,5,6,3,860.51,122.2,5.3,female,False,False,US,LAX,332,5,982.71,435.27,Engaged,Flight Discount
u_102437,22,6,6,0,80.56,162.36,6.0,female,True,True,GB,LAX,662,22,242.92,708.29,Frequent,Hotel Discount
u_102438,4,5,6,1,86.77,175.99,5.4,male,False,True,US,SFO,496,4,262.76,526.28,Engaged,Loyalty Perk
u_102439,24,6,0,2,582.35,0.0,0.0,male,True,True,FR,DFW,500,24,582.35,582.23,Frequent,Family Perk
u_102440,1,1,1,2,831.46,361.19,2.4,male,True,True,US,JFK,253,1,1192.65,373.27,Engaged,Hotel Discount
u_102441,32,8,1,2,649.63,330.13,2.2,female,True,False,US,BOS,983,32,979.76,1112.98,Frequent,New User Perk
u_102442,7,1,3,1,267.03,125.95,4.7,female,True,False,US,LAX,1188,7,392.98,1234.3,Engaged,Other
u_102443,25,2,6,2,213.35,192.94,7.0,male,True,True,US,ATL,1093,25,406.29,1158.63,Frequent,Other
u_102444,31,7,2,2,790.81,195.95,5.6,female,True,False,GB,BOS,645,31,986.76,774.68,Frequent,New User Perk
u_102445,20,4,5,1,185.17,162.68,3.0,male,True,False,US,SFO,168,20,347.85,222.79,Frequent,Loyalty Perk
u_102446,17,5,2,1,534.3,234.54,4.1,male,True,False,US,ORD,996,17,768.84,1089.88,Frequent,Other
u_102447,25,6,5,0,516.47,239.12,6.8,female,False,False,DE,MIA,642,25,755.59,742.56,Frequent,Flight Discount
u_102448,21,3,0,1,667.76,0.0,0.0,female,True,True,US,SEA,828,21,667.76,915.78,Frequent,Hotel Discount
u_102449,9,1,5,0,474.23,153.44,6.4,male,True,False,US,MIA,198,9,627.67,269.77,Engaged,Loyalty Perk
u_102450,25,1,2,2,371.49,256.81,6.2,female,True,True,US,LGA,812,25,628.3,899.83,Frequent,Hotel Discount
u_102451,14,1,4,3,159.28,92.87,6.1,female,False,False,CA,ORD,494,14,252.15,533.21,Frequent,Other
u_102452,28,7,0,0,100.62,0.0,0.0,male,False,False,US,ATL,123,28,100.62,161.06,Frequent,Hotel Discount
u_102453,39,7,2,2,747.25,300.93,4.8,female,True,False,CA,ATL,1116,39,1048.18,1259.82,Frequent,New User Perk
u_102454,8,5,4,1,489.3,139.29,3.7,male,False,False,US,LAX,479,8,628.59,549.86,Engaged,Loyalty Perk
u_102455,8,2,1,1,267.87,260.73,2.6,female,False,True,US,ORD,113,8,528.6,173.86,Engaged,Loyalty Perk
u_102456,44,1,2,1,734.0,244.45,2.9,female,True,False,DE,ORD,995,44,978.45,1136.84,Frequent,Other
u_102457,15,6,3,3,784.9,393.71,3.1,female,False,True,DE,LGA,55,15,1178.61,187.86,Frequent,Loyalty Perk
u_102458,10,1,6,1,725.7,275.76,1.8,female,False,True,US,BOS,465,10,1001.46,575.15,Frequent,Flight Discount
u_102459,29,2,3,2,660.82,125.42,2.2,female,True,False,FR,DFW,52,29,786.24,159.62,Frequent,Other
u_102460,26,6,0,2,525.33,0.0,0.0,female,False,True,US,MIA,504,26,525.33,582.53,Frequent,Other
u_102461,34,4,4,0,172.22,232.3,2.9,male,False,False,US,SFO,916,34,404.52,990.45,Frequent,Flight Discount
u_102462,25,3,3,0,468.55,297.63,2.8,male,False,True,US,LGA,491,25,766.18,592.62,Frequent,Family Perk
u_102463,38,5,2,2,549.63,140.3,1.4,female,True,True,AU,SFO,535,38,689.93,641.99,Frequent,New User Perk
u_102464,45,6,2,3,225.36,189.91,3.6,male,True,True,AU,ORD,1038,45,415.27,1124.53,Frequent,Loyalty Perk
u_102465,5,3,6,2,153.23,139.89,4.6,female,True,False,FR,MIA,738,5,293.12,772.31,Engaged,Loyalty Perk
u_102466,9,3,1,0,637.25,221.5,3.4,male,False,True,AU,SEA,774,9,858.75,868.88,Engaged,Hotel Discount
u_102467,40,1,2,2,511.07,50.08,2.7,male,True,True,US,ORD,437,40,561.15,533.11,Frequent,Other
u_102468,38,0,0,0,0.0,0.0,0.0,female,False,True,US,DFW,1104,38,0.0,1142.0,Frequent,Family Perk
u_102469,2,4,6,0,360.95,367.01,2.3,male,False,False,DE,ATL,84,2,727.96,158.8,Engaged,Other
u_102470,12,0,4,3,0.0,91.36,5.8,female,False,True,AU,SEA,426,12,91.36,447.14,Frequent,Family Perk
u_102471,24,8,6,3,545.44,203.59,1.9,female,False,True,US,LGA,576,24,749.03,674.9,Frequent,Loyalty Perk
u_102472,40,3,1,3,462.86,91.49,5.1,female,True,False,GB,SEA,661,40,554.35,756.44,Frequent,Other
u_102473,27,0,6,3,0.0,227.79,3.4,male,False,False,US,LAX,1160,27,227.79,1209.78,Frequent,Loyalty Perk
u_102474,44,7,1,2,490.78,395.21,3.9,female,True,True,FR,SFO,630,44,885.99,762.6,Frequent,Loyalty Perk
u_102475,4,2,3,1,203.31,188.46,4.0,male,False,False,CA,SEA,898,4,391.77,941.18,Engaged,Other
u_102476,29,6,3,2,751.8,271.55,6.8,female,False,False,GB,BOS,190,29,1023.35,321.34,Frequent,Other
u_102477,42,0,5,1,0.0,138.62,5.6,male,False,False,CA,SFO,524,42,138.62,579.86,Frequent,Family Perk
u_102478,26,5,1,2,352.87,59.44,3.6,male,True,False,FR,ATL,745,26,412.31,812.23,Frequent,Family Perk
u_102479,35,3,1,2,838.43,253.12,2.1,male,False,True,GB,ORD,277,35,1091.55,421.16,Frequent,Hotel Discount
u_102480,31,3,3,1,125.4,331.03,2.6,female,False,True,CA,LGA,750,31,456.43,826.64,Frequent,Hotel Discount
u_102481,21,1,0,1,414.24,0.0,0.0,female,True,True,CA,LGA,1087,21,414.24,1149.42,Frequent,Flight Discount
u_102482,26,7,2,3,298.51,394.21,5.7,female,False,True,US,DFW,837,26,692.72,932.27,Frequent,Hotel Discount
u_102483,13,7,2,0,355.25,101.32,1.3,male,True,True,US,SEA,610,13,456.57,668.66,Frequent,Other
u_102484,41,7,3,0,476.01,236.66,5.1,male,True,True,US,LAX,701,41,712.67,813.27,Frequent,Other
u_102485,41,7,1,1,896.59,352.06,1.1,female,False,False,DE,ATL,208,41,1248.65,373.87,Frequent,Flight Discount
u_102486,31,8,4,1,781.11,58.02,5.9,male,False,False,GB,DFW,734,31,839.13,848.91,Frequent,Hotel Discount
u_102487,2,6,6,3,353.98,314.68,1.4,male,False,True,US,SEA,204,2,668.66,272.87,Engaged,Loyalty Perk
u_102488,7,3,4,0,184.45,222.19,2.5,male,True,True,US,MIA,1096,7,406.64,1143.66,Engaged,Loyalty Perk
u_102489,33,7,0,2,831.67,0.0,0.0,male,True,True,DE,MIA,1064,33,831.67,1180.17,Frequent,Other
u_102490,42,5,0,0,751.31,0.0,0.0,male,False,True,US,MIA,577,42,751.31,694.13,Frequent,New User Perk
u_102491,29,8,5,2,500.08,118.7,1.1,male,False,True,FR,DFW,550,29,618.78,640.88,Frequent,Flight Discount
u_102492,43,4,5,0,791.74,357.17,4.7,female,False,True,AU,SFO,1011,43,1148.91,1168.89,Frequent,Loyalty Perk
u_102493,36,8,1,3,738.94,139.72,5.4,male,True,True,US,SEA,199,36,878.66,322.87,Frequent,Hotel Discount
u_102494,36,8,5,2,897.14,255.67,1.1,female,False,False,CA,LGA,411,36,1152.81,562.28,Frequent,Family Perk
u_102495,22,2,3,0,181.84,176.56,2.2,male,False,False,AU,LGA,107,22,358.4,164.84,Frequent,Other
u_102496,39,2,1,2,776.74,189.84,2.6,female,False,True,US,LGA,36,39,966.58,171.66,Frequent,Other
u_102497,4,2,5,3,250.95,107.17,1.7,male,False,True,GB,DFW,761,4,358.12,800.81,Engaged,Other
u_102498,13,1,5,1,653.82,315.32,5.2,female,True,True,CA,LAX,817,13,969.14,926.91,Frequent,Hotel Discount
u_102499,45,0,4,1,0.0,368.52,1.3,male,True,False,FR,JFK,739,45,368.52,820.85,Frequent,Other
u_102500,29,7,4,3,805.68,255.42,4.2,female,False,True,FR,SFO,337,29,1061.1,472.11,Frequent,Hotel Discount
u_102501,24,1,4,1,478.54,350.85,2.1,female,False,True,FR,JFK,1085,24,829.39,1191.94,Frequent,Hotel Discount
u_102502,33,5,1,2,379.41,213.46,3.5,female,False,True,GB,JFK,1111,33,592.87,1203.29,Frequent,Other
u_102503,4,8,0,3,676.9,0.0,0.0,male,False,False,US,ORD,702,4,676.9,773.69,Engaged,New User Perk
u_102504,1,4,4,2,559.87,90.3,5.3,female,False,False,US,SFO,696,1,650.17,762.02,Engaged,Other
u_102505,3,3,2,0,443.77,347.74,4.6,male,False,False,AU,DFW,769,3,791.51,851.15,Engaged,New User Perk
u_102506,33,1,6,0,496.39,299.13,5.0,female,True,False,GB,BOS,944,33,795.52,1056.55,Frequent,Family Perk
u_102507,32,4,2,1,383.35,357.78,1.7,female,False,False,DE,SEA,474,32,741.13,580.11,Frequent,Family Perk
u_102508,31,0,0,3,0.0,0.0,0.0,male,False,True,DE,ATL,157,31,0.0,188.0,Frequent,Loyalty Perk
u_102509,37,6,3,2,836.06,345.91,1.6,female,False,False,FR,DFW,903,37,1181.97,1058.2,Frequent,Loyalty Perk
u_102510,22,5,4,1,361.67,60.46,2.0,female,False,False,US,LAX,952,22,422.13,1016.21,Frequent,Flight Discount
u_102511,10,2,3,1,637.22,189.06,2.2,female,True,False,CA,JFK,158,10,826.28,250.63,Frequent,Family Perk
u_102512,32,0,0,2,0.0,0.0,0.0,female,True,True,CA,JFK,609,32,0.0,641.0,Frequent,Other
u_102513,40,5,6,2,837.38,330.5,6.7,female,True,False,GB,SFO,898,40,1167.88,1054.79,Frequent,Other
u_102514,27,8,0,2,702.07,0.0,0.0,male,True,False,DE,MIA,647,27,702.07,744.21,Frequent,Other
u_102515,13,1,3,0,383.86,165.37,3.8,male,True,False,US,DFW,687,13,549.23,754.92,Frequent,Other
u_102516,36,6,0,1,793.68,0.0,0.0,male,False,True,US,MIA,890,36,793.68,1005.37,Frequent,New User Perk
u_102517,24,8,1,0,156.12,179.3,2.2,female,True,True,US,SFO,119,24,335.42,176.54,Frequent,Flight Discount
u_102518,14,6,1,3,561.7,114.73,1.0,female,True,True,US,ORD,513,14,676.43,594.64,Frequent,Flight Discount
u_102519,40,3,4,2,312.33,378.69,4.1,female,True,True,FR,BOS,874,40,691.02,983.1,Frequent,Loyalty Perk
u_102520,1,8,1,2,500.25,82.45,2.8,female,False,True,CA,LAX,858,1,582.7,917.27,Engaged,New User Perk
u_102521,18,0,2,3,0.0,276.89,2.2,female,False,True,AU,DFW,370,18,276.89,415.69,Frequent,Family Perk
u_102522,42,5,4,0,640.14,242.38,3.7,female,False,True,DE,ATL,649,42,882.52,779.25,Frequent,New User Perk
u_102523,43,1,2,2,394.9,263.45,6.9,male,False,False,FR,SEA,1195,43,658.35,1303.84,Frequent,Hotel Discount
u_102524,28,6,2,1,240.71,147.7,6.6,female,True,True,GB,SFO,805,28,388.41,871.84,Frequent,Loyalty Perk
u_102525,27,8,0,0,622.26,0.0,0.0,male,False,False,AU,MIA,1131,27,622.26,1220.23,Frequent,New User Perk
u_102526,25,8,3,1,232.31,68.36,3.8,male,True,True,US,DFW,501,25,300.67,556.07,Frequent,Hotel Discount
u_102527,33,6,3,2,659.61,396.28,6.8,female,True,False,US,ORD,1045,33,1055.89,1183.59,Frequent,Loyalty Perk
u_102528,25,5,5,3,623.33,278.1,5.0,male,False,False,GB,ATL,791,25,901.43,906.14,Frequent,Loyalty Perk
u_102529,22,1,6,1,831.58,273.02,3.9,female,False,True,US,SFO,899,22,1104.6,1031.46,Frequent,Other
u_102530,11,7,0,2,417.09,0.0,0.0,female,False,True,AU,ORD,552,11,417.09,604.71,Frequent,Hotel Discount
u_102531,3,0,2,1,0.0,80.72,5.1,female,True,False,CA,LAX,913,3,80.72,924.07,Other,Other
u_102532,16,5,0,0,548.75,0.0,0.0,female,True,False,US,LGA,1110,16,548.75,1180.88,Frequent,Family Perk
u_102533,16,3,2,2,120.72,80.66,2.6,male,False,False,GB,JFK,414,16,201.38,450.14,Frequent,Family Perk
u_102534,12,7,5,0,719.12,95.1,2.2,male,False,False,AU,ORD,226,12,814.22,319.42,Frequent,Other
u_102535,24,2,1,0,513.57,172.35,6.4,male,True,False,US,LGA,635,24,685.92,727.59,Frequent,Flight Discount
u_102536,31,0,5,1,0.0,172.97,4.7,female,False,True,GB,LAX,225,31,172.97,273.3,Frequent,Loyalty Perk
u_102537,3,4,6,0,594.56,217.7,6.4,female,True,False,FR,ORD,780,3,812.26,864.23,Engaged,Other
u_102538,10,2,0,3,530.8,0.0,0.0,male,False,True,US,ATL,963,10,530.8,1026.08,Frequent,Flight Discount
u_102539,16,2,0,2,281.58,0.0,0.0,male,False,True,CA,SEA,288,16,281.58,332.16,Frequent,Hotel Discount
u_102540,27,5,3,0,223.94,120.44,1.5,male,True,True,AU,MIA,877,27,344.38,938.44,Frequent,Family Perk
u_102541,30,5,2,2,202.83,209.92,1.8,female,True,False,US,DFW,140,30,412.75,211.27,Frequent,Other
u_102542,21,1,0,0,809.19,0.0,0.0,female,False,True,US,SEA,759,21,809.19,860.92,Frequent,Loyalty Perk
u_102543,1,5,3,0,713.53,390.01,1.5,female,False,True,AU,ATL,1100,1,1103.54,1211.35,Engaged,Other
u_102544,24,3,4,1,703.4,371.67,1.1,female,False,True,US,ORD,788,24,1075.07,919.51,Frequent,Flight Discount
u_102545,31,0,3,2,0.0,115.92,6.2,female,False,True,AU,SFO,1111,31,115.92,1153.59,Frequent,Hotel Discount
u_102546,27,8,6,2,595.03,289.44,5.4,male,False,True,AU,DFW,80,27,884.47,195.45,Frequent,Hotel Discount
u_102547,20,8,4,0,718.83,84.48,4.6,male,False,True,US,SFO,419,20,803.31,519.33,Frequent,Flight Discount
u_102548,16,0,2,3,0.0,298.03,3.2,female,True,True,AU,ORD,649,16,298.03,694.8,Frequent,Hotel Discount
u_102549,17,3,3,3,107.06,276.37,1.6,male,True,False,US,MIA,977,17,383.43,1032.34,Frequent,Hotel Discount
u_102550,22,2,4,1,787.34,372.15,4.8,female,False,True,US,LAX,1187,22,1159.49,1324.95,Frequent,Flight Discount
u_102551,7,7,3,3,387.48,174.11,1.6,male,False,False,AU,BOS,514,7,561.59,577.16,Engaged,New User Perk
u_102552,24,1,6,3,577.39,241.87,2.5,male,True,True,US,SFO,180,24,819.26,285.93,Frequent,Other
u_102553,34,4,5,2,115.39,172.63,5.3,male,False,False,DE,LGA,636,34,288.02,698.8,Frequent,Loyalty Perk
u_102554,30,0,5,3,0.0,348.37,6.9,female,True,False,US,SFO,785,30,348.37,849.84,Frequent,Other
u_102555,35,5,3,1,615.09,302.43,3.7,female,False,True,US,SEA,357,35,917.52,483.75,Frequent,Flight Discount
u_102556,28,8,6,0,686.39,59.24,4.6,male,False,True,US,BOS,481,28,745.63,583.56,Frequent,Family Perk
u_102557,5,7,0,0,795.33,0.0,0.0,male,True,False,US,BOS,308,5,795.33,392.53,Engaged,Family Perk
u_102558,30,7,6,3,777.93,324.71,1.5,female,True,True,GB,BOS,980,30,1102.64,1120.26,Frequent,Loyalty Perk
u_102559,22,6,5,3,330.85,59.86,3.9,female,True,True,US,ATL,444,22,390.71,505.07,Frequent,Flight Discount
u_102560,3,5,6,0,876.17,178.94,2.4,female,False,True,US,LAX,1195,3,1055.11,1303.51,Engaged,Loyalty Perk
u_102561,4,7,2,0,428.02,311.45,6.3,female,False,True,GB,LGA,1105,4,739.47,1182.95,Engaged,Other
u_102562,36,2,5,0,481.85,223.82,4.1,female,True,False,FR,JFK,607,36,705.67,713.57,Frequent,Family Perk
u_102563,14,8,1,2,397.04,252.54,3.8,male,False,False,FR,DFW,284,14,649.58,362.96,Frequent,Loyalty Perk
u_102564,45,6,2,3,605.14,93.08,3.3,male,True,True,US,LGA,1035,45,698.22,1149.82,Frequent,Flight Discount
u_102565,16,0,1,0,0.0,135.86,4.3,male,False,True,US,SFO,1170,16,135.86,1199.59,Frequent,Flight Discount
u_102566,24,3,1,2,771.34,112.28,5.1,female,False,True,FR,SEA,139,24,883.62,251.36,Frequent,Hotel Discount
u_102567,8,1,1,1,410.65,349.07,4.5,female,False,False,DE,BOS,624,8,759.72,707.97,Engaged,Flight Discount
u_102568,9,3,0,3,608.73,0.0,0.0,male,False,True,US,LAX,1075,9,608.73,1144.87,Engaged,New User Perk
u_102569,42,0,2,2,0.0,387.9,5.2,male,True,False,DE,SFO,1043,42,387.9,1123.79,Frequent,Family Perk
u_102570,9,4,1,2,605.41,122.24,2.5,male,False,False,US,JFK,186,9,727.65,267.77,Engaged,Loyalty Perk
u_102571,10,7,1,0,587.5,230.45,5.4,female,False,False,US,ATL,415,10,817.95,506.8,Frequent,Flight Discount
u_102572,40,4,1,1,552.83,192.43,3.3,female,False,False,AU,LAX,973,40,745.26,1087.53,Frequent,Family Perk
u_102573,18,3,6,2,298.14,87.15,5.7,female,False,True,AU,ATL,168,18,385.29,224.53,Frequent,Other
u_102574,13,5,2,1,174.08,385.2,1.6,male,False,False,CA,ATL,1104,13,559.28,1172.93,Frequent,Flight Discount
u_102575,16,5,3,2,252.31,157.34,4.0,female,True,True,US,ATL,188,16,409.65,244.96,Frequent,New User Perk
u_102576,30,5,3,0,607.28,354.73,6.0,female,False,True,US,DFW,616,30,962.01,742.2,Frequent,Flight Discount
u_102577,21,4,3,1,82.66,112.25,1.7,male,False,True,CA,SFO,502,21,194.91,542.49,Frequent,Other
u_102578,37,4,0,3,765.96,0.0,0.0,female,False,True,US,ORD,200,37,765.96,313.6,Frequent,Family Perk
u_102579,25,0,6,2,0.0,341.62,2.6,male,False,True,CA,MIA,131,25,341.62,190.16,Frequent,New User Perk
u_102580,34,1,0,3,554.03,0.0,0.0,male,False,True,US,ATL,762,34,554.03,851.4,Frequent,Loyalty Perk
u_102581,41,1,5,1,80.37,109.66,2.7,male,False,True,US,DFW,248,41,190.03,308.0,Frequent,Flight Discount
u_102582,39,5,3,2,624.86,80.06,5.4,female,True,False,FR,LGA,717,39,704.92,826.49,Frequent,Loyalty Perk
u_102583,24,0,1,2,0.0,393.18,4.6,male,True,True,AU,MIA,167,24,393.18,230.32,Frequent,Hotel Discount
u_102584,7,5,5,3,530.02,248.04,5.2,female,False,True,DE,ATL,393,7,778.06,477.81,Engaged,Hotel Discount
u_102585,8,1,5,2,211.23,254.01,4.6,female,True,True,US,ATL,1061,8,465.24,1115.52,Engaged,New User Perk
u_102586,33,5,5,3,819.05,253.38,4.5,male,False,True,US,ORD,612,33,1072.43,752.24,Frequent,Flight Discount
u_102587,11,0,0,3,0.0,0.0,0.0,female,False,True,US,JFK,648,11,0.0,659.0,Frequent,Other
u_102588,40,8,4,3,410.66,268.48,4.3,male,True,False,CA,MIA,1140,40,679.14,1247.91,Frequent,Other
u_102589,43,5,4,0,828.78,159.26,2.6,male,True,True,AU,SEA,283,43,988.04,424.8,Frequent,Flight Discount
u_102590,42,0,0,0,0.0,0.0,0.0,female,True,True,US,BOS,420,42,0.0,462.0,Frequent,Other
u_102591,26,8,6,1,807.51,132.54,2.1,female,True,True,US,SFO,543,26,940.05,663.0,Frequent,Flight Discount
u_102592,12,6,3,0,596.38,399.68,1.9,male,True,True,CA,MIA,315,12,996.06,426.61,Frequent,Other
u_102593,29,0,6,3,0.0,215.93,1.2,female,True,True,FR,MIA,305,29,215.93,355.59,Frequent,Hotel Discount
u_102594,20,0,4,3,0.0,220.38,1.8,male,False,False,AU,SEA,111,20,220.38,153.04,Frequent,Loyalty Perk
u_102595,16,3,5,0,803.63,179.63,1.4,female,True,False,US,LGA,1039,16,983.26,1153.33,Frequent,Family Perk
u_102596,18,2,3,2,317.26,72.66,5.5,male,False,False,US,SFO,1119,18,389.92,1175.99,Frequent,Other
u_102597,38,8,2,1,260.01,280.15,5.8,male,True,False,AU,ORD,376,38,540.16,468.02,Frequent,Loyalty Perk
u_102598,36,6,4,0,472.05,394.33,6.5,male,False,True,US,SEA,591,36,866.38,713.64,Frequent,New User Perk
u_102599,34,5,4,1,138.04,78.23,3.6,male,False,False,US,JFK,413,34,216.27,468.63,Frequent,Hotel Discount
u_102600,4,5,0,3,886.39,0.0,0.0,male,False,True,CA,SEA,36,4,886.39,128.64,Engaged,Loyalty Perk
u_102601,40,6,1,2,453.98,226.6,5.2,female,True,False,CA,ATL,879,40,680.58,987.06,Frequent,Loyalty Perk
u_102602,23,1,4,2,533.0,308.95,2.7,male,True,True,GB,ATL,380,23,841.95,487.2,Frequent,Flight Discount
u_102603,13,0,5,2,0.0,264.32,3.1,female,False,False,US,ORD,227,13,264.32,266.43,Frequent,Flight Discount
u_102604,39,6,3,2,360.95,285.38,6.9,male,False,True,US,LGA,908,39,646.33,1011.63,Frequent,Loyalty Perk
u_102605,5,7,1,3,803.98,366.96,1.8,female,True,False,US,DFW,564,5,1170.94,686.09,Engaged,Hotel Discount
u_102606,14,8,0,1,503.08,0.0,0.0,female,False,True,US,LAX,933,14,503.08,997.31,Frequent,Flight Discount
u_102607,9,1,0,1,441.81,0.0,0.0,male,False,False,DE,SFO,679,9,441.81,732.18,Engaged,Flight Discount
u_102608,6,4,4,1,275.66,395.81,6.4,female,True,False,US,JFK,1125,6,671.47,1198.15,Engaged,Other
u_102609,38,4,5,0,101.94,334.91,4.2,male,True,True,AU,SFO,1073,38,436.85,1154.69,Frequent,Loyalty Perk
u_102610,6,0,0,1,0.0,0.0,0.0,male,False,False,FR,SFO,168,6,0.0,174.0,Other,New User Perk
u_102611,6,7,0,1,504.59,0.0,0.0,female,True,False,US,BOS,895,6,504.59,951.46,Engaged,Loyalty Perk
u_102612,19,7,6,0,251.89,94.93,1.1,female,False,True,US,JFK,414,19,346.82,467.68,Frequent,Flight Discount
u_102613,20,2,0,0,417.31,0.0,0.0,female,False,True,US,DFW,165,20,417.31,226.73,Frequent,Loyalty Perk
u_102614,1,4,0,1,180.01,0.0,0.0,male,False,False,US,JFK,718,1,180.01,737.0,Engaged,Other
u_102615,10,2,5,1,569.37,175.07,5.5,female,False,True,US,SEA,980,10,744.44,1064.44,Frequent,Family Perk
u_102616,39,8,4,3,666.56,367.18,5.9,male,False,False,US,BOS,1035,39,1033.74,1177.37,Frequent,Flight Discount
u_102617,31,7,5,0,185.61,124.58,4.2,female,False,True,US,BOS,1121,31,310.19,1183.02,Frequent,Family Perk
u_102618,33,7,1,0,305.43,90.92,2.5,male,False,True,US,DFW,729,33,396.35,801.64,Frequent,Other
u_102619,8,8,4,0,488.88,391.07,4.9,female,True,False,US,DFW,668,8,879.95,764.0,Engaged,New User Perk
u_102620,21,8,2,1,823.88,87.12,6.9,male,True,True,GB,SEA,696,21,911.0,808.1,Frequent,Loyalty Perk
u_102621,20,3,6,1,558.49,206.82,5.0,female,True,True,GB,DFW,677,20,765.31,773.53,Frequent,Hotel Discount
u_102622,1,2,0,3,870.1,0.0,0.0,female,True,False,AU,SEA,182,1,870.1,270.01,Engaged,Hotel Discount
u_102623,44,5,2,2,669.57,314.52,5.0,male,False,False,US,LGA,576,44,984.09,718.41,Frequent,New User Perk
u_102624,45,8,6,1,608.36,364.12,1.8,male,False,False,DE,SEA,246,45,972.48,388.25,Frequent,Hotel Discount
u_102625,18,0,6,2,0.0,223.07,6.8,male,True,False,US,LGA,285,18,223.07,325.31,Frequent,New User Perk
u_102626,43,7,4,0,811.85,147.82,6.7,female,False,True,DE,SFO,77,43,959.67,215.97,Frequent,New User Perk
u_102627,34,6,2,2,202.13,201.69,5.6,female,False,False,DE,JFK,645,34,403.82,719.38,Frequent,Other
u_102628,31,1,0,0,883.32,0.0,0.0,female,True,False,FR,MIA,1058,31,883.32,1177.33,Frequent,Other
u_102629,30,0,5,2,0.0,280.86,2.3,male,True,True,US,SFO,89,30,280.86,147.09,Frequent,Loyalty Perk
u_102630,37,7,5,2,572.59,333.81,1.4,male,False,False,AU,BOS,467,37,906.4,594.64,Frequent,Loyalty Perk
u_102631,30,7,4,1,294.12,344.52,2.0,male,False,True,FR,JFK,986,30,638.64,1079.86,Frequent,Loyalty Perk
u_102632,33,6,6,2,280.95,136.61,5.9,male,True,True,US,JFK,761,33,417.56,835.76,Frequent,Flight Discount
u_102633,24,1,6,3,126.63,136.01,2.5,female,True,True,US,SEA,972,24,262.64,1022.26,Frequent,Loyalty Perk
u_102634,2,5,1,3,193.22,81.99,4.9,male,False,False,DE,DFW,347,2,275.21,376.52,Engaged,Hotel Discount
u_102635,8,0,5,1,0.0,59.72,1.1,male,False,False,US,JFK,239,8,59.72,252.97,Other,Hotel Discount
u_102636,9,2,0,2,297.12,0.0,0.0,female,True,True,US,SFO,898,9,297.12,936.71,Engaged,Hotel Discount
u_102637,17,2,2,3,178.33,341.38,1.7,female,True,False,US,BOS,670,17,519.71,738.97,Frequent,New User Perk
u_102638,35,4,6,2,337.96,203.51,5.6,female,False,True,AU,JFK,678,35,541.47,767.15,Frequent,Loyalty Perk
u_102639,35,1,2,2,873.34,114.04,2.1,male,False,True,GB,LGA,429,35,987.38,562.74,Frequent,Loyalty Perk
u_102640,45,3,5,2,798.23,109.99,4.1,female,True,False,FR,LGA,718,45,908.22,853.82,Frequent,Family Perk
u_102641,6,7,6,1,375.78,325.93,5.9,female,False,True,DE,BOS,299,6,701.71,375.17,Engaged,Flight Discount
u_102642,17,4,6,2,543.7,142.59,4.5,female,False,False,DE,SEA,99,17,686.29,184.63,Frequent,Family Perk
u_102643,25,8,6,1,399.94,241.22,1.8,female,True,True,AU,LGA,966,25,641.16,1055.12,Frequent,Hotel Discount
u_102644,15,8,2,2,615.64,182.94,4.5,female,True,False,DE,ATL,316,15,798.58,410.86,Frequent,Family Perk
u_102645,17,5,5,1,574.5,65.23,5.5,female,True,False,US,SFO,153,17,639.73,233.97,Frequent,Flight Discount
u_102646,29,2,3,1,375.67,378.33,5.8,male,True,False,DE,LGA,1006,29,754.0,1110.4,Frequent,Loyalty Perk
u_102647,24,0,5,1,0.0,312.33,6.9,male,False,True,US,LAX,638,24,312.33,693.23,Frequent,Hotel Discount
u_102648,37,5,1,1,430.45,325.23,4.0,female,False,True,DE,BOS,571,37,755.68,683.57,Frequent,Hotel Discount
u_102649,23,7,5,0,222.11,303.8,5.4,female,False,False,GB,ATL,1039,23,525.91,1114.59,Frequent,Loyalty Perk
u_102650,15,2,6,1,844.06,147.95,1.1,female,True,False,US,BOS,466,15,992.01,580.2,Frequent,Loyalty Perk
u_102651,7,7,3,2,662.6,318.26,2.7,male,False,True,DE,MIA,112,7,980.86,217.09,Engaged,Loyalty Perk
u_102652,11,8,3,1,493.81,384.95,6.8,female,False,False,US,JFK,747,11,878.76,845.88,Frequent,Hotel Discount
u_102653,42,4,5,2,561.88,109.4,6.7,male,True,True,US,SEA,1107,42,671.28,1216.13,Frequent,Flight Discount
u_102654,18,2,1,1,341.04,142.75,6.5,male,False,False,DE,SEA,499,18,483.79,565.38,Frequent,Other
u_102655,14,6,6,1,145.45,385.48,1.7,female,True,True,DE,BOS,54,14,530.93,121.09,Frequent,Other
u_102656,17,3,5,2,862.08,293.92,3.3,male,False,False,US,JFK,1195,17,1156.0,1327.6,Frequent,Flight Discount
u_102657,24,5,3,1,171.35,59.22,2.1,female,False,True,DE,JFK,1177,24,230.57,1224.06,Frequent,Loyalty Perk
u_102658,43,5,0,3,590.61,0.0,0.0,male,True,False,US,LGA,507,43,590.61,609.06,Frequent,Loyalty Perk
u_102659,18,1,5,2,504.1,68.08,6.9,male,True,True,DE,ORD,357,18,572.18,432.22,Frequent,Loyalty Perk
u_102660,27,8,5,0,80.21,70.58,1.9,female,False,True,FR,LAX,86,27,150.79,128.08,Frequent,Loyalty Perk
u_102661,38,4,2,1,281.15,398.59,5.2,female,True,True,US,BOS,1197,38,679.74,1302.97,Frequent,Loyalty Perk
u_102662,21,8,5,3,855.78,90.25,3.2,male,True,True,US,JFK,90,21,946.03,205.6,Frequent,Family Perk
u_102663,39,4,0,3,355.7,0.0,0.0,male,True,True,AU,LGA,376,39,355.7,450.57,Frequent,Hotel Discount
u_102664,29,8,5,3,484.77,172.34,5.2,female,True,True,US,LGA,1022,29,657.11,1116.71,Frequent,Other
u_102665,22,0,2,3,0.0,111.59,2.5,female,True,False,US,DFW,874,22,111.59,907.16,Frequent,Hotel Discount
u_102666,28,5,0,0,316.19,0.0,0.0,female,True,False,US,BOS,305,28,316.19,364.62,Frequent,Loyalty Perk
u_102667,26,2,0,3,798.93,0.0,0.0,male,False,False,US,DFW,564,26,798.93,669.89,Frequent,Flight Discount
u_102668,25,7,2,0,442.13,363.04,4.4,female,True,False,US,MIA,889,25,805.17,994.52,Frequent,Loyalty Perk
u_102669,5,1,0,3,609.42,0.0,0.0,female,False,False,CA,ATL,924,5,609.42,989.94,Engaged,Loyalty Perk
u_102670,29,3,5,3,521.14,362.47,2.3,male,False,False,US,BOS,998,29,883.61,1115.36,Frequent,Loyalty Perk
u_102671,18,5,5,1,839.57,140.54,2.5,male,False,True,US,MIA,928,18,980.11,1044.01,Frequent,Flight Discount
u_102672,31,3,3,2,135.98,228.14,3.7,female,False,True,CA,LGA,836,31,364.12,903.41,Frequent,Loyalty Perk
u_102673,43,2,3,1,870.4,321.71,1.7,male,False,True,US,ORD,775,43,1192.11,937.21,Frequent,New User Perk
u_102674,1,0,4,2,0.0,210.24,4.0,female,True,True,US,ORD,744,1,210.24,766.02,Engaged,Family Perk
u_102675,12,5,6,3,392.14,52.42,4.2,male,False,True,US,DFW,31,12,444.56,87.46,Frequent,New User Perk
u_102676,3,3,0,1,819.54,0.0,0.0,female,False,True,AU,ATL,580,3,819.54,664.95,Engaged,Other
u_102677,38,8,2,3,680.47,237.64,4.7,male,False,False,US,LAX,938,38,918.11,1067.81,Frequent,Flight Discount
u_102678,3,0,3,2,0.0,378.52,1.6,female,True,False,US,MIA,599,3,378.52,639.85,Engaged,Other
u_102679,38,1,5,3,893.3,362.11,2.7,male,False,True,US,DFW,823,38,1255.41,986.54,Frequent,New User Perk
u_102680,28,2,6,0,823.37,362.21,5.2,male,False,True,FR,SEA,646,28,1185.58,792.56,Frequent,Loyalty Perk
u_102681,28,1,4,1,318.19,238.72,4.0,female,False,False,FR,MIA,167,28,556.91,250.69,Frequent,Other
u_102682,7,8,4,3,221.96,122.53,2.5,female,False,True,US,DFW,382,7,344.49,423.45,Engaged,Hotel Discount
u_102683,38,8,6,1,180.59,247.12,1.1,male,True,True,US,ATL,974,38,427.71,1054.77,Frequent,Flight Discount
u_102684,18,8,2,2,424.33,373.28,3.9,male,True,True,US,DFW,774,18,797.61,871.76,Frequent,Loyalty Perk
u_102685,1,4,2,3,529.41,343.24,4.5,female,True,False,AU,MIA,232,1,872.65,320.27,Engaged,Other
u_102686,43,7,6,3,844.41,335.75,5.3,female,False,False,AU,SEA,818,43,1180.16,979.02,Frequent,Family Perk
u_102687,23,2,0,2,776.89,0.0,0.0,female,False,False,US,BOS,316,23,776.89,416.69,Frequent,Family Perk
u_102688,32,5,0,2,550.05,0.0,0.0,female,False,False,US,JFK,1130,32,550.05,1217.0,Frequent,Loyalty Perk
u_102689,20,4,1,1,84.06,76.95,5.2,male,False,True,DE,SFO,770,20,161.01,806.1,Frequent,Loyalty Perk
u_102690,28,4,0,0,391.52,0.0,0.0,female,True,False,US,BOS,1010,28,391.52,1077.15,Frequent,Loyalty Perk
u_102691,11,1,2,1,125.6,81.14,5.2,female,False,True,US,ORD,1190,11,206.74,1221.67,Frequent,Flight Discount
u_102692,8,8,2,0,408.4,138.06,4.2,male,True,True,US,JFK,732,8,546.46,794.65,Engaged,Other
u_102693,10,6,0,2,141.35,0.0,0.0,female,False,True,CA,SFO,424,10,141.35,448.13,Frequent,Loyalty Perk
u_102694,14,5,0,3,865.27,0.0,0.0,female,False,False,DE,BOS,1148,14,865.27,1248.53,Frequent,Family Perk
u_102695,26,6,4,3,878.17,136.6,6.9,female,True,True,GB,SFO,1141,26,1014.77,1268.48,Frequent,Hotel Discount
u_102696,42,8,1,2,854.53,185.48,1.3,female,False,False,US,SEA,281,42,1040.01,427.0,Frequent,Loyalty Perk
u_102697,39,4,5,3,425.14,382.14,4.6,male,False,True,CA,MIA,835,39,807.28,954.73,Frequent,Loyalty Perk
u_102698,8,7,4,3,236.82,218.49,5.4,female,True,False,FR,SFO,129,8,455.31,182.53,Engaged,New User Perk
u_102699,4,5,6,1,766.08,115.76,6.7,male,True,False,US,ATL,960,4,881.84,1052.18,Engaged,Flight Discount
u_102700,3,4,2,3,220.65,156.66,6.9,male,True,False,US,ATL,584,3,377.31,624.73,Engaged,Flight Discount
u_102701,22,6,3,1,598.38,132.54,2.3,male,True,True,US,MIA,752,22,730.92,847.09,Frequent,Family Perk
u_102702,9,5,1,0,862.62,55.07,1.3,male,False,True,US,MIA,1042,9,917.69,1142.77,Engaged,Flight Discount
u_102703,10,4,4,2,235.49,381.82,1.3,female,True,False,US,LGA,603,10,617.31,674.73,Frequent,Hotel Discount
u_102704,38,7,0,1,297.3,0.0,0.0,male,True,True,FR,LGA,38,38,297.3,105.73,Frequent,Family Perk
u_102705,31,1,5,1,273.2,164.99,5.1,male,True,True,US,SEA,294,31,438.19,368.82,Frequent,Hotel Discount
u_102706,23,5,2,3,406.23,203.15,3.7,female,False,True,DE,MIA,1004,23,609.38,1087.94,Frequent,New User Perk
u_102707,19,7,0,1,825.49,0.0,0.0,female,False,False,FR,JFK,862,19,825.49,963.55,Frequent,Other
u_102708,18,2,3,0,762.46,386.6,3.1,female,True,True,US,ATL,231,18,1149.06,363.91,Frequent,Family Perk
u_102709,11,7,4,2,493.48,362.07,5.9,female,True,True,US,MIA,999,11,855.55,1095.55,Frequent,Hotel Discount
u_102710,8,1,1,3,364.24,134.85,5.2,male,True,True,US,SEA,772,8,499.09,829.91,Engaged,Hotel Discount
u_102711,27,2,1,0,763.25,297.17,6.1,male,False,True,US,JFK,696,27,1060.42,829.04,Frequent,Hotel Discount
u_102712,26,4,1,3,298.98,137.84,5.9,male,True,False,CA,ORD,1183,26,436.82,1252.68,Frequent,Loyalty Perk
u_102713,45,0,5,0,0.0,212.19,1.9,female,True,False,US,LAX,934,45,212.19,1000.22,Frequent,New User Perk
u_102714,4,8,3,2,628.3,87.25,4.6,male,False,True,DE,BOS,477,4,715.55,552.55,Engaged,Family Perk
u_102715,38,0,0,3,0.0,0.0,0.0,female,True,True,US,LGA,463,38,0.0,501.0,Frequent,Hotel Discount
u_102716,22,4,3,2,532.25,92.21,2.0,male,False,False,DE,SEA,662,22,624.46,746.45,Frequent,Loyalty Perk
u_102717,41,3,1,1,663.63,337.02,3.1,male,True,False,CA,MIA,876,41,1000.65,1017.06,Frequent,Other
u_102718,13,5,0,3,336.34,0.0,0.0,female,True,False,CA,MIA,447,13,336.34,493.63,Frequent,Other
u_102719,37,6,2,2,828.76,192.94,5.7,male,False,True,DE,MIA,55,37,1021.7,194.17,Frequent,Hotel Discount
u_102720,12,6,5,2,502.99,273.1,1.5,male,True,False,GB,LAX,1184,12,776.09,1273.61,Frequent,Flight Discount
u_102721,23,7,4,2,768.13,119.29,4.8,male,False,True,CA,SFO,500,23,887.42,611.74,Frequent,Flight Discount
u_102722,10,6,2,1,127.08,266.59,3.8,female,True,False,US,DFW,1146,10,393.67,1195.37,Frequent,Loyalty Perk
u_102723,8,0,4,1,0.0,176.6,5.5,female,True,True,FR,LAX,667,8,176.6,692.66,Engaged,Flight Discount
u_102724,6,4,4,3,816.17,244.95,1.2,male,True,True,GB,LGA,915,6,1061.12,1027.11,Engaged,Other
u_102725,35,3,5,2,696.25,191.01,5.1,female,True,True,FR,SEA,79,35,887.26,202.73,Frequent,Loyalty Perk
u_102726,28,6,3,2,644.02,127.69,6.6,female,True,False,CA,MIA,39,28,771.71,144.17,Frequent,Flight Discount
u_102727,44,5,5,0,514.09,167.39,2.1,female,True,False,FR,LAX,904,44,681.48,1016.15,Frequent,Loyalty Perk
u_102728,10,3,6,1,348.46,307.04,2.0,female,True,False,AU,ATL,531,10,655.5,606.55,Frequent,Flight Discount
u_102729,44,4,3,1,237.8,285.19,2.4,female,False,True,DE,LGA,544,44,522.99,640.3,Frequent,Loyalty Perk
u_102730,23,1,2,3,151.29,66.87,3.3,female,False,False,US,LGA,1081,23,218.16,1125.82,Frequent,Other
u_102731,39,4,0,1,637.75,0.0,0.0,female,False,True,CA,DFW,767,39,637.75,869.77,Frequent,Family Perk
u_102732,43,4,2,0,777.08,391.26,2.4,female,False,False,US,ORD,511,43,1168.34,670.83,Frequent,Flight Discount
u_102733,13,4,3,3,560.21,331.58,4.9,male,True,True,AU,ATL,446,13,891.79,548.18,Frequent,Other
u_102734,11,0,0,3,0.0,0.0,0.0,female,True,True,US,LAX,470,11,0.0,481.0,Frequent,Loyalty Perk
u_102735,16,1,2,1,257.32,374.86,2.5,female,True,True,US,LAX,838,16,632.18,917.22,Frequent,Flight Discount
u_102736,36,2,0,1,477.73,0.0,0.0,male,True,False,US,ATL,405,36,477.73,488.77,Frequent,Loyalty Perk
u_102737,12,5,4,0,816.0,382.0,1.6,female,False,True,US,JFK,964,12,1198.0,1095.8,Frequent,Hotel Discount
u_102738,45,1,5,0,860.0,181.68,3.1,female,False,True,US,LGA,465,45,1041.68,614.17,Frequent,Loyalty Perk
u_102739,17,3,6,3,173.26,369.6,2.9,male,False,False,FR,ORD,1039,17,542.86,1110.29,Frequent,Other
u_102740,29,0,1,3,0.0,99.22,6.8,male,True,False,US,BOS,97,29,99.22,135.92,Frequent,Hotel Discount
u_102741,35,3,2,0,226.55,121.71,1.7,male,True,True,FR,LGA,55,35,348.26,124.83,Frequent,Other
u_102742,15,2,5,2,233.26,207.8,2.0,male,True,False,US,BOS,332,15,441.06,391.11,Frequent,Flight Discount
u_102743,7,6,3,2,674.95,107.97,6.7,male,True,True,US,JFK,470,7,782.92,555.29,Engaged,Loyalty Perk
u_102744,26,7,4,0,172.61,201.55,6.5,female,False,True,US,JFK,1129,26,374.16,1192.42,Frequent,Flight Discount
u_102745,22,3,4,3,797.23,313.9,3.6,male,True,True,GB,JFK,508,22,1111.13,641.11,Frequent,Family Perk
u_102746,31,5,1,0,311.99,285.8,3.2,male,True,True,CA,JFK,434,31,597.79,524.78,Frequent,New User Perk
u_102747,29,5,6,2,82.16,140.81,2.9,female,True,True,GB,LGA,1151,29,222.97,1202.3,Frequent,Flight Discount
u_102748,33,4,3,3,580.18,67.33,1.0,female,False,True,US,SEA,495,33,647.51,592.75,Frequent,Hotel Discount
u_102749,22,8,1,2,348.69,363.53,1.5,female,False,False,CA,LGA,364,22,712.22,457.22,Frequent,Other
u_102750,12,0,0,1,0.0,0.0,0.0,female,False,True,US,BOS,297,12,0.0,309.0,Frequent,Family Perk
u_102751,17,0,3,1,0.0,347.44,4.2,male,True,True,US,ORD,179,17,347.44,230.74,Frequent,Flight Discount
u_102752,3,6,2,0,134.24,214.17,5.3,male,False,True,US,DFW,589,3,348.41,626.84,Engaged,Other
u_102753,43,6,2,2,850.11,350.23,4.4,female,True,True,DE,LGA,1074,43,1200.34,1237.03,Frequent,Other
u_102754,29,0,2,2,0.0,240.06,1.5,male,True,True,CA,LGA,534,29,240.06,587.01,Frequent,Loyalty Perk
u_102755,22,6,3,3,461.07,195.63,1.4,male,True,True,US,DFW,722,22,656.7,809.67,Frequent,Loyalty Perk
u_102756,37,2,6,0,448.88,157.25,1.5,female,True,True,DE,LGA,1019,37,606.13,1116.61,Frequent,Flight Discount
u_102757,36,0,2,2,0.0,385.04,2.8,female,True,True,US,ORD,1063,36,385.04,1137.5,Frequent,Other
u_102758,10,0,4,2,0.0,272.64,4.9,female,False,True,GB,ORD,403,10,272.64,440.26,Frequent,Other
u_102759,12,7,1,1,256.27,303.66,5.2,female,True,False,FR,SEA,62,12,559.93,129.99,Frequent,Loyalty Perk
u_102760,43,6,1,2,707.95,150.16,2.7,female,True,True,FR,MIA,307,43,858.11,435.81,Frequent,Flight Discount
u_102761,9,3,4,0,533.52,243.5,5.0,male,True,False,AU,SFO,859,9,777.02,945.7,Engaged,Loyalty Perk
u_102762,16,4,0,3,597.23,0.0,0.0,male,False,True,GB,ORD,145,16,597.23,220.72,Frequent,Flight Discount
u_102763,4,1,2,1,155.33,189.43,2.2,female,False,True,US,DFW,733,4,344.76,771.48,Engaged,Other
u_102764,36,6,1,1,239.87,210.78,2.7,female,True,False,US,BOS,575,36,450.65,656.06,Frequent,Flight Discount
u_102765,10,1,0,0,463.09,0.0,0.0,male,False,True,CA,DFW,573,10,463.09,629.31,Frequent,Family Perk
u_102766,11,1,5,2,227.3,268.91,2.8,female,False,False,DE,DFW,516,11,496.21,576.62,Frequent,Other
u_102767,27,4,6,3,606.18,110.77,2.5,female,True,True,US,JFK,823,27,716.95,921.7,Frequent,Loyalty Perk
u_102768,21,3,5,3,387.22,275.8,5.9,female,True,False,DE,ORD,767,21,663.02,854.3,Frequent,Hotel Discount
u_102769,17,5,5,0,733.49,127.08,2.7,male,True,False,GB,JFK,1194,17,860.57,1297.06,Frequent,Hotel Discount
u_102770,11,4,2,1,898.07,59.0,4.0,male,True,False,DE,BOS,317,11,957.07,423.71,Frequent,Flight Discount
u_102771,11,4,1,0,889.98,272.49,6.5,female,True,False,FR,MIA,881,11,1162.47,1008.25,Frequent,Hotel Discount
u_102772,39,6,1,3,828.77,262.5,6.3,female,False,True,US,MIA,331,39,1091.27,479.13,Frequent,Flight Discount
u_102773,1,6,0,2,438.97,0.0,0.0,male,False,True,AU,SFO,746,1,438.97,790.9,Engaged,New User Perk
u_102774,9,3,0,3,116.16,0.0,0.0,male,True,True,GB,LGA,550,9,116.16,570.62,Engaged,Loyalty Perk
u_102775,35,6,6,1,603.87,89.49,2.0,male,False,True,FR,ATL,1164,35,693.36,1268.34,Frequent,New User Perk
u_102776,3,7,4,3,705.55,266.26,5.9,male,False,False,US,SFO,957,3,971.81,1057.18,Engaged,Family Perk
u_102777,19,1,2,2,191.86,187.29,4.8,female,True,True,US,JFK,486,19,379.15,542.91,Frequent,Loyalty Perk
u_102778,38,5,1,2,686.69,298.04,4.6,male,True,False,US,SFO,965,38,984.73,1101.47,Frequent,Other
u_102779,33,2,4,1,103.55,160.04,3.9,female,False,True,DE,ATL,990,33,263.59,1049.36,Frequent,Other
u_102780,31,4,5,0,113.1,255.32,4.6,male,False,False,AU,LGA,1126,31,368.42,1193.84,Frequent,Loyalty Perk
u_102781,22,6,5,0,797.15,235.76,5.6,male,False,True,US,ORD,869,22,1032.91,994.29,Frequent,Flight Discount
u_102782,23,4,5,3,823.91,187.48,6.4,female,False,True,AU,ORD,698,23,1011.39,822.14,Frequent,Loyalty Perk
u_102783,19,2,3,1,623.89,182.89,6.0,male,True,True,US,BOS,615,19,806.78,714.68,Frequent,Other
u_102784,19,0,4,2,0.0,393.93,4.6,male,True,False,GB,ATL,509,19,393.93,567.39,Frequent,Other
u_102785,42,3,3,3,706.3,380.82,3.0,female,True,False,US,DFW,945,42,1087.12,1095.71,Frequent,Hotel Discount
u_102786,32,4,4,2,676.48,312.47,3.0,female,False,False,DE,ORD,379,32,988.95,509.9,Frequent,Loyalty Perk
u_102787,41,0,0,3,0.0,0.0,0.0,female,False,False,DE,ATL,694,41,0.0,735.0,Frequent,Flight Discount
u_102788,44,6,2,1,251.4,268.46,4.0,male,False,True,CA,ATL,1184,44,519.86,1279.99,Frequent,New User Perk
u_102789,18,0,3,0,0.0,70.6,2.6,male,True,True,FR,SFO,213,18,70.6,238.06,Frequent,Loyalty Perk
u_102790,37,5,3,2,261.53,293.16,3.0,male,True,False,US,MIA,443,37,554.69,535.47,Frequent,Family Perk
u_102791,40,4,3,0,336.08,303.06,5.5,female,False,True,GB,LAX,74,40,639.14,177.91,Frequent,Loyalty Perk
u_102792,14,4,3,0,136.54,259.59,4.2,female,True,True,AU,ORD,416,14,396.13,469.61,Frequent,Hotel Discount
u_102793,45,8,0,2,163.98,0.0,0.0,male,False,False,US,ORD,165,45,163.98,226.4,Frequent,Family Perk
u_102794,4,8,6,2,319.34,80.39,4.9,female,True,True,US,ORD,541,4,399.73,584.97,Engaged,Loyalty Perk
u_102795,13,1,1,3,826.69,239.1,5.4,female,True,True,US,ATL,166,13,1065.79,285.58,Frequent,Family Perk
u_102796,30,7,3,1,779.72,169.72,6.7,male,False,False,AU,SEA,803,30,949.44,927.94,Frequent,Flight Discount
u_102797,17,8,0,2,740.86,0.0,0.0,female,False,False,US,ORD,542,17,740.86,633.09,Frequent,Hotel Discount
u_102798,40,3,4,2,384.6,132.26,1.3,male,True,True,US,MIA,307,40,516.86,398.69,Frequent,Hotel Discount
u_102799,44,1,2,2,355.82,324.91,3.8,male,True,True,US,SFO,323,44,680.73,435.07,Frequent,Hotel Discount
u_102800,25,7,2,0,342.26,399.68,5.5,male,False,True,AU,LGA,638,25,741.94,737.19,Frequent,Family Perk
u_102801,19,8,1,2,621.94,208.61,6.3,female,False,True,US,MIA,958,19,830.55,1060.05,Frequent,Hotel Discount
u_102802,21,7,1,2,217.54,61.75,2.4,male,False,True,AU,ATL,769,21,279.29,817.93,Frequent,Hotel Discount
u_102803,24,8,1,2,515.19,318.28,4.6,male,False,False,US,LAX,203,24,833.47,310.35,Frequent,Loyalty Perk
u_102804,40,1,5,2,337.13,335.77,4.9,female,False,True,AU,SFO,630,40,672.9,737.29,Frequent,Loyalty Perk
u_102805,38,0,0,2,0.0,0.0,0.0,female,False,False,US,ORD,178,38,0.0,216.0,Frequent,Other
u_102806,32,8,2,2,289.63,361.7,5.7,male,False,True,FR,MIA,1058,32,651.33,1155.13,Frequent,Other
u_102807,25,7,0,1,427.29,0.0,0.0,female,False,True,US,DFW,323,25,427.29,390.73,Frequent,Loyalty Perk
u_102808,4,4,5,0,458.37,365.11,1.2,female,True,True,FR,LGA,1044,4,823.48,1130.35,Engaged,New User Perk
u_102809,7,3,5,2,90.31,220.56,4.7,female,True,True,US,MIA,209,7,310.87,247.09,Engaged,Hotel Discount
u_102810,32,5,2,1,668.4,299.07,5.0,female,False,False,GB,LAX,442,32,967.47,570.75,Frequent,Family Perk
u_102811,44,0,3,3,0.0,232.37,4.0,female,False,False,US,SFO,741,44,232.37,808.24,Frequent,Other
u_102812,44,6,0,3,419.96,0.0,0.0,female,True,False,GB,MIA,647,44,419.96,733.0,Frequent,Family Perk
u_102813,27,0,2,2,0.0,159.75,5.2,male,False,True,AU,DFW,268,27,159.75,310.97,Frequent,Other
u_102814,13,2,1,2,823.17,375.89,4.1,male,True,True,GB,MIA,794,13,1199.06,926.91,Frequent,Other
u_102815,42,6,4,3,773.45,362.19,4.3,female,True,True,US,LAX,824,42,1135.64,979.56,Frequent,Family Perk
u_102816,37,6,1,0,364.95,223.13,1.3,female,False,False,US,JFK,449,37,588.08,544.81,Frequent,Loyalty Perk
u_102817,17,2,1,0,851.86,96.95,2.7,male,True,False,US,MIA,50,17,948.81,161.88,Frequent,Family Perk
u_102818,33,6,1,3,896.88,278.05,6.0,female,True,True,US,ATL,773,33,1174.93,923.49,Frequent,Flight Discount
u_102819,12,3,0,3,234.62,0.0,0.0,male,False,True,AU,LAX,884,12,234.62,919.46,Frequent,Loyalty Perk
u_102820,40,4,1,2,736.32,50.65,2.8,female,False,False,GB,MIA,47,40,786.97,165.7,Frequent,Loyalty Perk
u_102821,2,3,6,1,333.0,233.32,5.3,male,True,True,DE,ORD,653,2,566.32,711.63,Engaged,Other
u_102822,22,6,0,0,536.57,0.0,0.0,female,True,False,US,ORD,339,22,536.57,414.66,Frequent,Other
u_102823,43,6,1,0,540.99,119.95,4.9,male,True,False,GB,BOS,161,43,660.94,270.09,Frequent,Flight Discount
u_102824,39,0,6,1,0.0,273.14,3.5,male,True,True,DE,SEA,835,39,273.14,901.31,Frequent,Loyalty Perk
u_102825,42,3,1,3,860.36,164.23,4.1,female,False,True,FR,JFK,718,42,1024.59,862.46,Frequent,Hotel Discount
u_102826,18,0,6,1,0.0,221.7,2.3,male,False,True,US,ATL,435,18,221.7,475.17,Frequent,Flight Discount
u_102827,9,7,5,2,419.93,340.66,4.5,male,True,True,CA,SFO,731,9,760.59,816.06,Engaged,Loyalty Perk
u_102828,30,8,0,3,727.54,0.0,0.0,male,True,False,AU,BOS,287,30,727.54,389.75,Frequent,Flight Discount
u_102829,19,8,4,0,490.41,105.99,5.3,female,False,True,CA,ATL,1064,19,596.4,1142.64,Frequent,Loyalty Perk
u_102830,18,7,3,3,419.2,251.02,2.5,male,True,True,GB,JFK,203,18,670.22,288.02,Frequent,Hotel Discount
u_102831,33,2,1,3,168.99,248.62,3.0,female,False,False,GB,LAX,580,33,417.61,654.76,Frequent,Family Perk
u_102832,38,4,1,2,687.09,161.94,3.9,male,True,False,FR,DFW,868,38,849.03,990.9,Frequent,Loyalty Perk
u_102833,2,0,5,0,0.0,294.1,4.6,male,True,False,GB,SFO,849,2,294.1,880.41,Engaged,Other
u_102834,13,6,6,0,837.42,252.71,2.7,male,True,True,GB,ATL,345,13,1090.13,467.01,Frequent,New User Perk
u_102835,21,3,3,0,658.49,222.45,1.2,male,False,False,US,BOS,927,21,880.94,1036.09,Frequent,Loyalty Perk
u_102836,36,1,0,1,89.35,0.0,0.0,male,True,True,US,BOS,904,36,89.35,948.93,Frequent,Flight Discount
u_102837,2,3,5,3,263.31,321.02,4.0,female,False,True,DE,LAX,798,2,584.33,858.43,Engaged,Family Perk
u_102838,41,0,2,3,0.0,280.77,3.0,female,True,False,US,ATL,617,41,280.77,686.08,Frequent,Family Perk
u_102839,21,4,3,3,245.01,135.4,3.4,male,False,False,DE,LGA,41,21,380.41,100.04,Frequent,Other
u_102840,32,3,5,0,699.14,231.12,4.0,female,False,False,FR,BOS,1123,32,930.26,1248.03,Frequent,Loyalty Perk
u_102841,38,2,3,3,184.78,145.24,4.0,male,False,True,US,LAX,1071,38,330.02,1142.0,Frequent,Flight Discount
u_102842,6,4,3,0,762.23,262.94,3.8,male,False,True,CA,LGA,56,6,1025.17,164.52,Engaged,Other
u_102843,34,8,2,2,401.84,371.19,5.3,male,True,True,DE,ORD,662,34,773.03,773.3,Frequent,Flight Discount
u_102844,41,0,4,2,0.0,86.62,1.6,female,True,False,US,ATL,1117,41,86.62,1166.66,Frequent,Loyalty Perk
u_102845,10,1,1,0,367.13,94.05,5.0,female,False,True,FR,ORD,548,10,461.18,604.12,Frequent,Hotel Discount
u_102846,38,0,1,2,0.0,260.41,6.2,male,False,True,US,JFK,59,38,260.41,123.04,Frequent,Loyalty Perk
u_102847,37,7,4,0,677.53,129.89,5.6,male,False,True,US,SFO,535,37,807.42,652.74,Frequent,Loyalty Perk
u_102848,3,6,6,1,770.07,233.26,6.6,female,False,False,AU,MIA,175,3,1003.33,278.33,Engaged,Loyalty Perk
u_102849,14,8,3,2,317.96,294.9,2.2,female,True,True,DE,BOS,1111,14,612.86,1186.29,Frequent,Other
u_102850,43,3,5,3,658.63,113.13,5.5,male,False,True,US,ATL,526,43,771.76,646.18,Frequent,Flight Discount
u_102851,36,1,4,2,176.12,128.14,6.2,male,False,True,GB,DFW,189,36,304.26,255.43,Frequent,Loyalty Perk
u_102852,26,7,3,0,566.19,395.64,5.7,female,True,False,DE,SEA,1174,26,961.83,1296.18,Frequent,Other
u_102853,34,7,2,3,301.25,175.13,4.7,male,True,True,US,LAX,410,34,476.38,491.64,Frequent,Loyalty Perk
u_102854,29,7,4,3,170.83,355.17,2.0,male,True,False,US,MIA,996,29,526.0,1077.6,Frequent,Hotel Discount
u_102855,5,3,3,2,552.47,194.97,6.7,male,False,False,GB,SEA,774,5,747.44,853.74,Engaged,Loyalty Perk
u_102856,12,5,3,2,877.5,154.01,5.9,female,False,True,DE,SFO,1091,12,1031.51,1206.15,Frequent,Flight Discount
u_102857,34,5,0,0,751.53,0.0,0.0,female,True,False,US,JFK,674,34,751.53,783.15,Frequent,Loyalty Perk
u_102858,5,5,3,3,315.22,197.16,7.0,female,True,True,FR,SFO,784,5,512.38,840.24,Engaged,New User Perk
u_102859,5,3,2,3,345.36,71.19,5.6,female,True,True,FR,ORD,685,5,416.55,731.66,Engaged,Flight Discount
u_102860,25,3,5,1,780.37,322.1,4.5,female,True,True,CA,SFO,530,25,1102.47,665.25,Frequent,Loyalty Perk
u_102861,4,5,0,2,788.13,0.0,0.0,female,True,False,GB,SEA,720,4,788.13,802.81,Engaged,Hotel Discount
u_102862,1,3,6,1,868.44,398.38,5.4,male,False,True,FR,BOS,327,1,1266.82,454.68,Engaged,Loyalty Perk
u_102863,41,6,4,3,866.04,137.83,3.5,female,True,False,US,BOS,398,41,1003.87,539.39,Frequent,Loyalty Perk
u_102864,23,4,3,3,696.72,293.27,3.5,male,False,True,US,BOS,226,23,989.99,348.0,Frequent,Other
u_102865,18,1,6,1,845.19,295.59,1.8,male,True,True,US,ATL,31,18,1140.78,163.08,Frequent,Loyalty Perk
u_102866,17,1,4,2,305.15,178.82,1.4,female,True,False,US,ATL,1134,17,483.97,1199.4,Frequent,Other
u_102867,4,3,2,3,264.22,121.06,6.5,female,True,True,CA,LGA,1064,4,385.28,1106.53,Engaged,Loyalty Perk
u_102868,1,4,3,3,375.44,85.09,6.0,female,True,False,CA,ATL,1061,1,460.53,1108.05,Engaged,Flight Discount
u_102869,24,0,4,3,0.0,110.42,4.2,female,True,True,US,LAX,1128,24,110.42,1163.04,Frequent,Loyalty Perk
u_102870,4,8,6,1,252.94,251.82,6.1,female,True,False,DE,MIA,1144,4,504.76,1198.48,Engaged,Hotel Discount
u_102871,14,1,3,1,280.15,348.18,2.8,female,False,False,US,MIA,115,14,628.33,191.83,Frequent,Family Perk
u_102872,16,3,5,3,335.51,67.19,6.0,male,False,True,FR,LGA,611,16,402.7,667.27,Frequent,Flight Discount
u_102873,16,4,6,1,783.93,287.93,2.4,female,False,True,US,MIA,224,16,1071.86,347.19,Frequent,New User Perk
u_102874,28,2,6,1,509.81,176.99,2.9,male,False,False,US,MIA,178,28,686.8,274.68,Frequent,Flight Discount
u_102875,11,5,0,0,599.76,0.0,0.0,male,False,False,AU,LAX,1077,11,599.76,1147.98,Frequent,Hotel Discount
u_102876,3,0,1,3,0.0,361.85,2.8,female,True,True,AU,MIA,66,3,361.85,105.19,Engaged,Hotel Discount
u_102877,41,1,6,3,810.79,96.93,2.9,female,False,False,US,BOS,178,41,907.72,309.77,Frequent,Loyalty Perk
u_102878,19,5,3,1,775.66,101.63,1.5,female,False,False,FR,BOS,745,19,877.29,851.73,Frequent,Other
u_102879,37,3,2,2,688.88,346.5,1.1,male,False,True,US,BOS,186,37,1035.38,326.54,Frequent,Flight Discount
u_102880,2,2,1,0,892.19,273.54,5.5,male,False,True,FR,SFO,901,2,1165.73,1019.57,Engaged,New User Perk
u_102881,43,3,6,0,489.69,78.2,3.7,male,False,False,US,ORD,678,43,567.89,777.79,Frequent,Family Perk
u_102882,12,2,0,1,496.27,0.0,0.0,male,True,True,CA,ATL,1154,12,496.27,1215.63,Frequent,Family Perk
u_102883,29,6,4,0,178.56,335.37,3.5,male,True,False,US,JFK,910,29,513.93,990.39,Frequent,Flight Discount
u_102884,9,4,5,0,269.98,260.27,2.4,male,False,True,DE,ORD,535,9,530.25,597.02,Engaged,Flight Discount
u_102885,17,6,6,1,726.43,133.9,2.4,male,False,True,US,SEA,606,17,860.33,709.03,Frequent,Other
u_102886,14,4,1,2,684.65,56.71,2.3,male,False,False,GB,DFW,83,14,741.36,171.14,Frequent,Hotel Discount
u_102887,42,3,6,1,564.44,66.38,2.9,female,True,False,FR,MIA,71,42,630.82,176.08,Frequent,Loyalty Perk
u_102888,38,0,6,2,0.0,91.27,1.8,male,False,False,US,SFO,462,38,91.27,509.13,Frequent,Family Perk
u_102889,17,4,2,3,549.36,131.03,1.6,male,True,True,US,SEA,176,17,680.39,261.04,Frequent,Loyalty Perk
u_102890,17,5,3,2,830.59,235.49,3.0,female,False,True,US,ORD,1026,17,1066.08,1149.61,Frequent,Loyalty Perk
u_102891,25,0,3,1,0.0,126.69,3.3,female,False,False,AU,MIA,148,25,126.69,185.67,Frequent,New User Perk
u_102892,36,1,4,0,238.23,230.87,2.3,female,False,True,US,LGA,345,36,469.1,427.91,Frequent,New User Perk
u_102893,38,3,6,2,175.91,56.38,3.4,male,False,True,CA,ORD,702,38,232.29,763.23,Frequent,Family Perk
u_102894,36,4,4,0,257.96,309.2,3.6,female,False,True,AU,MIA,849,36,567.16,941.72,Frequent,Loyalty Perk
u_102895,42,8,0,1,357.41,0.0,0.0,male,False,False,US,DFW,1028,42,357.41,1105.74,Frequent,Loyalty Perk
u_102896,14,5,1,2,191.23,294.37,6.1,female,True,True,US,LGA,115,14,485.6,177.56,Frequent,Family Perk
u_102897,16,4,5,0,156.25,138.89,5.9,female,True,True,FR,SEA,1031,16,295.14,1076.51,Frequent,Loyalty Perk
u_102898,13,7,6,3,110.29,316.3,6.7,female,False,False,CA,SEA,111,13,426.59,166.66,Frequent,Other
u_102899,25,5,4,3,855.56,131.56,3.3,female,False,True,CA,SFO,94,25,987.12,217.71,Frequent,Loyalty Perk
u_102900,26,8,6,0,836.46,231.61,5.5,female,True,False,DE,ORD,630,26,1068.07,762.81,Frequent,Loyalty Perk
u_102901,3,7,6,1,740.2,364.24,4.0,female,False,False,CA,ORD,1066,3,1104.44,1179.44,Engaged,Other
u_102902,21,8,3,1,269.91,136.54,5.6,female,True,False,US,MIA,273,21,406.45,334.64,Frequent,Loyalty Perk
u_102903,10,6,2,3,649.28,242.23,1.4,female,False,False,DE,JFK,324,10,891.51,423.15,Frequent,Flight Discount
u_102904,42,8,4,2,827.67,107.61,4.5,male,True,False,FR,ATL,161,42,935.28,296.53,Frequent,Other
u_102905,44,8,6,2,798.05,117.66,5.3,female,True,False,US,SFO,156,44,915.71,291.57,Frequent,Loyalty Perk
u_102906,8,8,2,2,543.7,389.83,1.1,female,True,False,AU,ORD,282,8,933.53,383.35,Engaged,Loyalty Perk
u_102907,1,0,0,2,0.0,0.0,0.0,female,False,True,CA,DFW,104,1,0.0,105.0,Other,Family Perk
u_102908,8,0,5,3,0.0,159.32,5.7,female,False,True,US,ORD,940,8,159.32,963.93,Engaged,New User Perk
u_102909,12,8,4,2,694.31,156.93,3.7,female,True,False,FR,LAX,452,12,851.24,549.12,Frequent,New User Perk
u_102910,42,7,5,1,746.21,192.75,5.9,female,False,True,GB,JFK,688,42,938.96,823.9,Frequent,New User Perk
u_102911,43,7,0,0,768.4,0.0,0.0,female,False,False,FR,ORD,690,43,768.4,809.84,Frequent,Other
u_102912,30,1,4,2,239.93,190.46,5.6,male,False,True,AU,SEA,248,30,430.39,321.04,Frequent,Hotel Discount
u_102913,23,6,6,0,118.33,92.32,6.4,male,True,False,US,LAX,867,23,210.65,911.07,Frequent,Loyalty Perk
u_102914,1,7,0,1,802.7,0.0,0.0,female,False,False,US,SEA,989,1,802.7,1070.27,Engaged,Loyalty Perk
u_102915,19,2,5,3,208.97,302.25,6.5,female,True,False,US,MIA,632,19,511.22,702.12,Frequent,Flight Discount
u_102916,9,2,6,3,108.41,308.38,2.9,male,False,False,DE,MIA,177,9,416.79,227.68,Engaged,Hotel Discount
u_102917,27,4,3,1,355.08,68.96,2.7,male,True,False,FR,DFW,987,27,424.04,1056.4,Frequent,Family Perk
u_102918,2,6,5,0,342.62,328.44,3.1,male,True,True,AU,ATL,408,2,671.06,477.11,Engaged,Other
u_102919,31,3,0,1,206.88,0.0,0.0,male,True,False,US,ATL,143,31,206.88,194.69,Frequent,Family Perk
u_102920,21,4,5,0,345.94,307.56,2.1,female,False,False,AU,MIA,351,21,653.5,437.35,Frequent,Other
u_102921,15,2,4,3,829.06,213.23,5.0,male,False,False,US,SFO,778,15,1042.29,897.23,Frequent,Loyalty Perk
u_102922,15,2,0,1,390.09,0.0,0.0,male,True,True,GB,SEA,938,15,390.09,992.01,Frequent,Loyalty Perk
u_102923,9,6,0,2,177.7,0.0,0.0,female,False,False,GB,SFO,932,9,177.7,958.77,Engaged,Other
u_102924,11,5,0,3,515.91,0.0,0.0,female,False,False,US,SFO,576,11,515.91,638.59,Frequent,Flight Discount
u_102925,28,2,2,3,569.3,355.99,2.5,male,True,False,FR,ATL,912,28,925.29,1032.53,Frequent,Hotel Discount
u_102926,24,1,3,3,649.73,177.13,6.2,female,True,False,GB,JFK,441,24,826.86,547.69,Frequent,Flight Discount
u_102927,30,3,2,2,741.93,166.98,4.9,female,False,True,US,LAX,165,30,908.91,285.89,Frequent,Loyalty Perk
u_102928,18,6,6,0,405.3,289.14,1.5,female,False,True,US,ORD,334,18,694.44,421.44,Frequent,Loyalty Perk
u_102929,9,4,6,3,112.08,286.78,1.6,female,False,True,US,LAX,34,9,398.86,82.89,Engaged,Other
u_102930,36,8,2,0,715.0,244.44,6.3,male,True,False,US,ATL,544,36,959.44,675.94,Frequent,Flight Discount
u_102931,8,7,6,1,86.79,54.97,6.1,female,True,True,AU,BOS,692,8,141.76,714.18,Engaged,Hotel Discount
u_102932,18,0,1,1,0.0,148.92,6.0,male,False,True,FR,JFK,726,18,148.92,758.89,Frequent,Loyalty Perk
u_102933,22,8,5,3,744.49,256.96,1.2,male,True,False,AU,ORD,407,22,1001.45,529.15,Frequent,Other
u_102934,37,4,3,0,809.56,386.28,1.5,male,True,True,AU,MIA,625,37,1195.84,781.58,Frequent,Other
u_102935,8,2,5,2,544.11,352.38,3.4,female,False,False,US,BOS,355,8,896.49,452.65,Engaged,Other
u_102936,25,0,6,1,0.0,50.17,2.3,female,False,False,US,LAX,561,25,50.17,591.02,Frequent,Flight Discount
u_102937,27,6,2,3,777.51,371.66,4.8,female,False,False,DE,JFK,462,27,1149.17,603.92,Frequent,New User Perk
u_102938,37,6,2,0,406.31,173.1,4.2,female,True,False,US,BOS,325,37,579.41,419.94,Frequent,Flight Discount
u_102939,2,7,1,2,812.54,392.65,4.3,female,True,True,US,ORD,1031,2,1205.19,1153.52,Engaged,Other
u_102940,43,5,6,2,481.81,162.21,3.4,male,True,False,US,ORD,1062,43,644.02,1169.4,Frequent,Family Perk
u_102941,34,3,2,2,599.46,373.93,6.0,female,True,True,CA,LGA,1000,34,973.39,1131.34,Frequent,New User Perk
u_102942,40,6,2,3,582.84,112.22,5.0,female,True,True,US,MIA,879,40,695.06,988.51,Frequent,Loyalty Perk
u_102943,27,8,1,0,741.08,214.5,2.4,female,False,True,US,ORD,550,27,955.58,672.56,Frequent,Other
u_102944,3,2,6,1,813.09,56.21,6.2,male,False,False,DE,BOS,1048,3,869.3,1137.93,Engaged,Flight Discount
u_102945,2,2,5,3,621.64,249.99,2.6,male,False,True,CA,SFO,487,2,871.63,576.16,Engaged,Flight Discount
u_102946,40,1,0,1,232.75,0.0,0.0,male,False,True,CA,ORD,518,40,232.75,581.27,Frequent,New User Perk
u_102947,41,0,3,3,0.0,273.91,6.8,male,False,False,DE,ATL,556,41,273.91,624.39,Frequent,New User Perk
u_102948,19,0,4,1,0.0,228.25,2.5,male,True,True,US,LGA,989,19,228.25,1030.82,Frequent,Loyalty Perk
u_102949,29,7,5,3,724.4,313.53,4.9,male,False,True,US,BOS,415,29,1037.93,547.79,Frequent,Other
u_102950,38,3,4,1,189.82,94.85,6.3,female,True,True,GB,ORD,1038,38,284.67,1104.47,Frequent,Other
u_102951,29,5,0,1,896.0,0.0,0.0,male,False,False,CA,SFO,1097,29,896.0,1215.6,Frequent,Loyalty Perk
u_102952,34,4,3,0,266.36,182.46,4.2,female,True,True,US,DFW,841,34,448.82,919.88,Frequent,Loyalty Perk
u_102953,30,5,5,1,382.18,226.04,4.6,female,False,True,US,DFW,945,30,608.22,1035.82,Frequent,Loyalty Perk
u_102954,22,3,1,0,203.18,390.67,2.9,male,False,True,US,BOS,864,22,593.85,945.39,Frequent,New User Perk
u_102955,42,7,4,0,506.25,316.6,4.1,female,False,False,AU,SEA,919,42,822.85,1043.28,Frequent,Flight Discount
u_102956,19,5,6,1,657.5,72.63,5.3,female,True,True,GB,ATL,716,19,730.13,808.01,Frequent,Hotel Discount
u_102957,40,4,3,1,485.35,249.83,1.8,male,True,False,US,JFK,432,40,735.18,545.52,Frequent,New User Perk
u_102958,37,1,5,3,534.24,271.08,5.9,female,False,False,DE,SEA,306,37,805.32,423.53,Frequent,Loyalty Perk
u_102959,12,8,6,3,627.6,258.65,3.4,male,True,True,US,DFW,684,12,886.25,784.62,Frequent,Flight Discount
u_102960,38,0,4,3,0.0,205.86,4.8,female,False,False,US,DFW,58,38,205.86,116.59,Frequent,Flight Discount
u_102961,45,7,1,2,208.43,111.07,6.1,male,True,False,GB,BOS,630,45,319.5,706.95,Frequent,Loyalty Perk
u_102962,20,8,1,0,858.88,170.87,3.7,female,False,False,US,ATL,981,20,1029.75,1103.97,Frequent,Other
u_102963,14,3,2,1,854.53,212.15,5.1,female,True,True,US,DFW,1021,14,1066.68,1141.67,Frequent,Flight Discount
u_102964,35,7,2,0,249.59,74.36,2.8,male,False,True,AU,SFO,926,35,323.95,993.39,Frequent,Loyalty Perk
u_102965,41,2,6,0,863.57,194.53,6.6,female,True,False,DE,JFK,102,41,1058.1,248.81,Frequent,Loyalty Perk
u_102966,32,4,3,1,730.8,364.27,5.5,female,False,False,AU,ATL,970,32,1095.07,1111.51,Frequent,Loyalty Perk
u_102967,28,8,5,1,721.76,307.37,2.3,male,False,True,GB,MIA,743,28,1029.13,873.91,Frequent,Flight Discount
u_102968,35,7,5,3,481.49,162.06,1.1,female,False,True,GB,SFO,1177,35,643.55,1276.35,Frequent,New User Perk
u_102969,42,4,6,3,769.73,143.81,5.4,male,False,True,FR,ORD,177,42,913.54,310.35,Frequent,New User Perk
u_102970,43,3,0,3,224.36,0.0,0.0,female,True,False,US,MIA,933,43,224.36,998.44,Frequent,Hotel Discount
u_102971,21,1,5,2,402.46,397.24,2.3,female,False,True,US,ATL,63,21,799.7,163.97,Frequent,Family Perk
u_102972,4,5,5,0,398.85,69.77,4.1,female,True,False,US,JFK,143,4,468.62,193.86,Engaged,Flight Discount
u_102973,45,7,5,1,575.57,177.71,2.0,male,True,True,GB,ORD,364,45,753.28,484.33,Frequent,Other
u_102974,45,0,2,2,0.0,154.37,4.6,female,False,False,DE,SEA,105,45,154.37,165.44,Frequent,New User Perk
u_102975,36,2,6,3,87.76,279.9,4.4,male,False,True,GB,DFW,474,36,367.66,546.77,Frequent,Loyalty Perk
u_102976,37,3,3,2,424.97,104.81,2.5,male,True,True,AU,BOS,1146,37,529.78,1235.98,Frequent,New User Perk
u_102977,6,2,5,0,511.57,110.47,4.8,female,True,False,DE,SEA,796,6,622.04,864.2,Engaged,Other
u_102978,43,5,2,1,207.21,292.45,3.2,female,False,True,DE,MIA,295,43,499.66,387.97,Frequent,Flight Discount
u_102979,1,2,6,1,528.49,354.42,2.1,female,False,True,AU,ORD,486,1,882.91,575.29,Engaged,Loyalty Perk
u_102980,32,1,2,1,367.61,366.91,4.9,female,True,False,FR,ATL,645,32,734.52,750.45,Frequent,New User Perk
u_102981,27,4,5,2,343.19,209.2,1.9,male,False,False,DE,DFW,1094,27,552.39,1176.24,Frequent,Loyalty Perk
u_102982,35,0,4,3,0.0,160.63,5.4,male,True,False,US,BOS,748,35,160.63,799.06,Frequent,Hotel Discount
u_102983,1,1,0,3,478.92,0.0,0.0,female,True,True,GB,BOS,1037,1,478.92,1085.89,Engaged,New User Perk
u_102984,38,3,3,3,389.08,340.53,5.7,female,False,False,AU,JFK,635,38,729.61,745.96,Frequent,New User Perk
u_102985,29,7,2,3,878.73,119.52,3.9,female,True,True,US,DFW,332,29,998.25,460.83,Frequent,Family Perk
u_102986,1,2,1,3,317.94,242.3,4.8,female,True,True,US,SFO,531,1,560.24,588.02,Engaged,Flight Discount
u_102987,39,4,0,2,824.79,0.0,0.0,female,True,False,US,JFK,37,39,824.79,158.48,Frequent,Hotel Discount
u_102988,28,2,4,0,301.14,382.32,3.9,male,False,True,DE,ATL,513,28,683.46,609.35,Frequent,Hotel Discount
u_102989,38,1,4,0,440.05,154.31,6.9,female,False,True,FR,SFO,504,38,594.36,601.44,Frequent,Other
u_102990,23,8,3,2,494.89,258.46,5.1,female,True,False,FR,BOS,771,23,753.35,869.34,Frequent,Family Perk
u_102991,39,6,0,3,279.39,0.0,0.0,male,True,False,CA,DFW,1186,39,279.39,1252.94,Frequent,Loyalty Perk
u_102992,31,4,1,3,604.97,77.78,2.3,female,False,False,DE,SEA,591,31,682.75,690.28,Frequent,Hotel Discount
u_102993,6,8,6,3,352.33,222.47,6.2,female,False,False,US,ATL,1131,6,574.8,1194.48,Engaged,Loyalty Perk
u_102994,4,5,4,0,342.15,172.74,1.7,male,True,True,US,LGA,501,4,514.89,556.49,Engaged,Other
u_102995,5,3,2,2,838.96,151.66,1.8,female,False,True,GB,ATL,991,5,990.62,1095.06,Engaged,Family Perk
u_102996,27,5,1,1,384.92,327.0,6.3,male,True,True,US,LGA,784,27,711.92,882.19,Frequent,Flight Discount
u_102997,33,2,5,0,567.42,370.68,4.2,female,False,True,AU,LAX,1177,33,938.1,1303.81,Frequent,Loyalty Perk
u_102998,30,6,1,0,562.15,214.1,2.3,female,False,True,DE,ORD,1085,30,776.25,1192.62,Frequent,Loyalty Perk
u_102999,32,7,4,2,842.55,391.63,5.7,female,False,False,US,ATL,143,32,1234.18,298.42,Frequent,Loyalty Perk
u_103000,9,6,1,0,642.74,56.03,3.6,female,False,False,US,SEA,503,9,698.77,581.88,Engaged,Loyalty Perk
u_103001,34,2,2,2,396.37,55.49,4.7,male,False,False,US,SEA,190,34,451.86,269.19,Frequent,Loyalty Perk
u_103002,29,5,1,3,214.96,330.54,2.9,female,False,True,US,SEA,215,29,545.5,298.55,Frequent,New User Perk
u_103003,22,5,6,1,646.36,332.24,3.2,female,True,False,US,SEA,832,22,978.6,951.86,Frequent,Loyalty Perk
u_103004,40,5,0,3,687.42,0.0,0.0,female,True,False,FR,ORD,79,40,687.42,187.74,Frequent,Family Perk
u_103005,12,1,6,1,518.48,161.15,4.3,male,True,False,AU,SEA,1162,12,679.63,1241.96,Frequent,Family Perk
u_103006,15,7,4,1,171.54,392.48,5.4,male,True,False,FR,SFO,379,15,564.02,450.4,Frequent,Family Perk
u_103007,1,6,5,1,544.41,340.11,4.2,male,False,True,DE,ORD,1116,1,884.52,1205.45,Engaged,Hotel Discount
u_103008,8,6,3,1,243.14,188.13,3.0,female,False,True,AU,BOS,877,8,431.27,928.13,Engaged,Hotel Discount
u_103009,37,5,3,1,682.71,313.69,3.0,female,False,False,GB,SFO,235,37,996.4,371.64,Frequent,Flight Discount
u_103010,1,4,0,1,349.13,0.0,0.0,female,False,False,US,SFO,1121,1,349.13,1156.91,Engaged,Other
u_103011,29,2,1,2,477.23,152.19,3.2,male,True,False,GB,BOS,997,29,629.42,1088.94,Frequent,Loyalty Perk
u_103012,2,4,0,2,128.6,0.0,0.0,male,True,True,CA,JFK,986,2,128.6,1000.86,Engaged,Loyalty Perk
u_103013,1,8,5,0,431.06,288.19,1.7,female,True,True,AU,MIA,733,1,719.25,805.92,Engaged,New User Perk
u_103014,2,4,3,2,116.93,64.5,6.0,female,False,True,US,DFW,717,2,181.43,737.14,Engaged,Loyalty Perk
u_103015,26,0,5,3,0.0,158.56,5.7,male,True,True,DE,LGA,525,26,158.56,566.86,Frequent,Loyalty Perk
u_103016,36,3,3,2,479.54,354.79,2.8,female,True,True,AU,ORD,696,36,834.33,815.43,Frequent,Family Perk
u_103017,16,5,0,2,794.37,0.0,0.0,male,False,True,FR,ORD,406,16,794.37,501.44,Frequent,New User Perk
u_103018,3,4,2,1,565.19,381.84,4.3,female,False,True,US,LGA,589,3,947.03,686.7,Engaged,Hotel Discount
u_103019,20,0,5,3,0.0,88.32,3.6,female,False,True,GB,JFK,1186,20,88.32,1214.83,Frequent,Loyalty Perk
u_103020,38,8,0,3,875.1,0.0,0.0,female,True,True,DE,LGA,1122,38,875.1,1247.51,Frequent,Loyalty Perk
u_103021,19,6,4,0,637.08,242.33,3.2,male,True,True,US,BOS,237,19,879.41,343.94,Frequent,Other
u_103022,24,7,1,0,206.93,172.21,3.5,female,False,False,AU,LAX,290,24,379.14,351.91,Frequent,Family Perk
u_103023,23,7,6,2,480.39,177.35,4.3,female,False,True,US,ATL,1185,23,657.74,1273.77,Frequent,Family Perk
u_103024,6,5,6,3,157.12,198.51,6.4,female,True,False,US,ORD,383,6,355.63,424.56,Engaged,Loyalty Perk
u_103025,27,5,0,2,295.24,0.0,0.0,male,False,False,DE,JFK,244,27,295.24,300.52,Frequent,Family Perk
u_103026,41,2,4,3,685.6,150.03,6.9,female,False,False,GB,BOS,556,41,835.63,680.56,Frequent,Family Perk
u_103027,17,8,3,3,190.73,261.03,5.9,male,True,False,FR,LGA,423,17,451.76,485.18,Frequent,Flight Discount
u_103028,31,6,0,3,310.68,0.0,0.0,female,False,True,CA,LAX,277,31,310.68,339.07,Frequent,Family Perk
u_103029,45,1,1,2,236.85,104.22,3.1,female,False,True,US,MIA,819,45,341.07,898.11,Frequent,Hotel Discount
u_103030,14,8,2,0,787.73,176.03,1.4,male,True,False,US,JFK,48,14,963.76,158.38,Frequent,Flight Discount
u_103031,31,5,0,2,409.61,0.0,0.0,female,False,True,GB,LAX,1138,31,409.61,1209.96,Frequent,Loyalty Perk
u_103032,11,7,0,1,400.86,0.0,0.0,male,False,True,US,SEA,450,11,400.86,501.09,Frequent,Loyalty Perk
u_103033,16,2,3,3,209.85,136.61,1.9,male,True,False,FR,JFK,868,16,346.46,918.65,Frequent,Hotel Discount
u_103034,40,5,4,0,556.12,345.58,5.6,female,False,False,CA,MIA,1130,40,901.7,1260.17,Frequent,Flight Discount
u_103035,39,3,6,0,245.03,221.14,4.8,female,False,True,CA,DFW,1043,39,466.17,1128.62,Frequent,Other
u_103036,15,6,5,3,816.0,276.16,2.3,female,False,False,US,SFO,412,15,1092.16,536.22,Frequent,Flight Discount
u_103037,31,7,4,0,360.07,155.84,6.5,male,False,True,US,JFK,1165,31,515.91,1247.59,Frequent,Flight Discount
u_103038,43,1,4,0,166.43,190.99,4.2,male,True,True,US,SFO,53,43,357.42,131.74,Frequent,Loyalty Perk
u_103039,15,8,4,2,863.13,75.19,3.1,female,True,True,US,ATL,523,15,938.32,631.83,Frequent,Flight Discount
u_103040,6,5,4,0,97.62,182.15,3.6,male,False,False,US,DFW,1054,6,279.77,1087.98,Engaged,Loyalty Perk
u_103041,19,6,0,1,416.53,0.0,0.0,male,True,False,GB,LGA,387,19,416.53,447.65,Frequent,Family Perk
u_103042,7,8,5,1,792.44,362.81,6.8,female,False,True,US,SFO,233,7,1155.25,355.53,Engaged,New User Perk
u_103043,5,0,4,2,0.0,61.61,2.9,male,False,True,AU,LAX,1013,5,61.61,1024.16,Other,Other
u_103044,34,1,0,3,606.91,0.0,0.0,female,True,False,US,ATL,406,34,606.91,500.69,Frequent,Other
u_103045,35,3,3,0,705.5,245.0,5.9,female,False,False,GB,LGA,365,35,950.5,495.05,Frequent,Other
u_103046,4,8,5,3,147.86,148.2,2.2,male,False,True,DE,ORD,66,4,296.06,99.61,Engaged,Flight Discount
u_103047,43,6,1,3,732.79,218.83,4.8,male,True,True,US,SFO,612,43,951.62,750.16,Frequent,Hotel Discount
u_103048,11,7,1,0,809.6,378.75,1.9,female,False,True,US,ORD,454,11,1188.35,583.83,Frequent,Loyalty Perk
u_103049,8,4,4,1,531.55,382.75,6.4,female,True,False,CA,LGA,1032,8,914.3,1131.43,Engaged,Flight Discount
u_103050,35,6,6,2,376.03,143.89,4.3,female,False,True,US,BOS,147,35,519.92,233.99,Frequent,New User Perk
u_103051,27,8,1,3,770.66,175.82,4.8,male,False,False,US,MIA,778,27,946.48,899.65,Frequent,Loyalty Perk
u_103052,24,0,0,3,0.0,0.0,0.0,female,False,True,FR,SEA,981,24,0.0,1005.0,Frequent,Loyalty Perk
u_103053,7,1,6,1,708.03,396.98,5.2,male,True,True,DE,LAX,34,7,1105.01,151.5,Engaged,Other
u_103054,38,6,2,0,174.74,79.19,3.4,male,True,True,GB,MIA,215,38,253.93,278.39,Frequent,Hotel Discount
u_103055,28,2,1,3,124.74,248.47,1.5,male,True,False,US,LGA,824,28,373.21,889.32,Frequent,Other
u_103056,8,6,0,2,123.04,0.0,0.0,male,False,False,US,ORD,1155,8,123.04,1175.3,Engaged,New User Perk
u_103057,6,7,0,2,339.48,0.0,0.0,male,True,True,US,SEA,542,6,339.48,581.95,Engaged,Other
u_103058,39,0,0,2,0.0,0.0,0.0,male,False,True,FR,JFK,875,39,0.0,914.0,Frequent,Flight Discount
u_103059,24,5,0,3,735.82,0.0,0.0,male,False,True,AU,ORD,518,24,735.82,615.58,Frequent,New User Perk
u_103060,12,8,6,3,472.73,84.24,3.4,female,True,True,US,LAX,698,12,556.97,765.7,Frequent,Family Perk
u_103061,24,7,3,3,315.79,282.5,4.5,male,True,False,US,ORD,782,24,598.29,865.83,Frequent,New User Perk
u_103062,32,7,5,2,213.84,394.76,2.9,female,False,True,US,LAX,981,32,608.6,1073.86,Frequent,Loyalty Perk
u_103063,7,5,6,0,156.77,140.32,5.3,male,False,True,US,SEA,267,7,297.09,303.71,Engaged,Other
u_103064,14,1,5,1,443.81,373.08,3.8,female,False,False,AU,SEA,570,14,816.89,665.69,Frequent,Flight Discount
u_103065,21,0,4,2,0.0,216.46,5.9,male,False,False,GB,DFW,423,21,216.46,465.65,Frequent,Flight Discount
u_103066,30,0,3,0,0.0,122.2,6.3,male,True,False,AU,JFK,262,30,122.2,304.22,Frequent,Hotel Discount
u_103067,6,8,5,0,453.16,60.36,2.5,male,False,True,FR,ORD,681,6,513.52,738.35,Engaged,Flight Discount
u_103068,2,1,4,0,625.88,348.23,6.6,female,False,False,CA,LGA,679,2,974.11,778.41,Engaged,Loyalty Perk
u_103069,10,4,0,0,425.34,0.0,0.0,male,False,True,DE,BOS,603,10,425.34,655.53,Frequent,Hotel Discount
u_103070,31,5,2,3,852.96,100.57,6.5,male,False,True,US,DFW,1111,31,953.53,1237.35,Frequent,Hotel Discount
u_103071,5,1,3,2,408.27,128.51,5.8,male,True,False,CA,LAX,742,5,536.78,800.68,Engaged,Flight Discount
u_103072,26,5,1,0,773.31,223.34,3.5,female,True,True,CA,MIA,695,26,996.65,820.66,Frequent,Flight Discount
u_103073,21,0,3,0,0.0,322.69,4.9,male,True,False,CA,ATL,619,21,322.69,672.27,Frequent,Hotel Discount
u_103074,42,6,5,1,598.84,314.92,1.1,male,False,True,US,DFW,1046,42,913.76,1179.38,Frequent,Flight Discount
u_103075,25,0,0,1,0.0,0.0,0.0,male,False,False,GB,SEA,58,25,0.0,83.0,Frequent,Loyalty Perk
u_103076,32,3,1,2,655.75,179.89,4.9,female,False,False,DE,DFW,990,32,835.64,1105.56,Frequent,Hotel Discount
u_103077,24,2,6,2,766.08,76.78,5.9,female,True,True,AU,BOS,1020,24,842.86,1128.29,Frequent,Hotel Discount
u_103078,14,7,0,0,827.79,0.0,0.0,female,True,False,US,ATL,266,14,827.79,362.78,Frequent,New User Perk
u_103079,23,2,4,0,348.59,325.74,6.6,female,False,False,US,ATL,96,23,674.33,186.43,Frequent,Loyalty Perk
u_103080,29,2,3,3,494.37,188.85,2.2,female,True,True,FR,DFW,382,29,683.22,479.32,Frequent,Loyalty Perk
u_103081,3,6,1,3,500.5,362.18,4.7,female,True,True,GB,DFW,1075,3,862.68,1164.27,Engaged,Hotel Discount
u_103082,10,1,3,2,574.19,357.37,1.9,male,False,True,US,JFK,358,10,931.56,461.16,Frequent,Other
u_103083,32,2,2,0,756.14,297.96,2.3,male,True,False,AU,SEA,734,32,1054.1,871.41,Frequent,Hotel Discount
u_103084,45,1,2,0,235.37,326.91,4.0,female,True,False,US,SEA,1042,45,562.28,1143.23,Frequent,Other
u_103085,17,2,6,0,634.51,158.33,1.9,male,False,False,US,SEA,547,17,792.84,643.28,Frequent,Hotel Discount
u_103086,24,8,3,0,586.44,265.76,1.9,female,True,False,CA,JFK,133,24,852.2,242.22,Frequent,Hotel Discount
u_103087,37,5,2,3,485.38,330.25,5.2,female,True,False,US,LGA,488,37,815.63,606.56,Frequent,Other
u_103088,23,7,1,1,506.87,269.39,3.5,male,False,True,DE,ATL,176,23,776.26,276.63,Frequent,Family Perk
u_103089,7,1,1,1,121.59,60.28,3.0,male,True,True,GB,JFK,793,7,181.87,818.19,Engaged,Flight Discount
u_103090,18,8,6,2,663.4,356.9,2.0,male,True,False,AU,ATL,315,18,1020.3,435.03,Frequent,Other
u_103091,36,7,6,1,509.45,162.61,5.2,male,True,True,US,LGA,1001,36,672.06,1104.21,Frequent,Other
u_103092,1,8,2,3,866.21,121.79,4.7,female,True,True,US,SEA,283,1,988.0,382.8,Engaged,Flight Discount
u_103093,42,0,4,0,0.0,266.04,5.9,male,False,True,US,MIA,458,42,266.04,526.6,Frequent,Hotel Discount
u_103094,35,4,2,1,523.06,119.07,4.8,female,True,True,US,SEA,926,35,642.13,1025.21,Frequent,Family Perk
u_103095,29,0,5,2,0.0,251.2,3.4,male,True,True,US,ORD,657,29,251.2,711.12,Frequent,Other
u_103096,1,0,2,1,0.0,371.38,2.9,female,False,True,DE,SEA,1069,1,371.38,1107.14,Engaged,Other
u_103097,2,8,6,1,543.01,311.11,4.1,male,False,True,US,BOS,689,2,854.12,776.41,Engaged,Loyalty Perk
u_103098,36,2,2,3,683.78,126.71,1.4,male,False,False,DE,ATL,790,36,810.49,907.05,Frequent,Flight Discount
u_103099,3,7,6,0,392.69,195.63,6.4,female,True,False,US,ORD,154,3,588.32,215.83,Engaged,Family Perk
u_103100,37,1,5,3,651.51,399.61,6.9,female,True,True,US,JFK,710,37,1051.12,852.11,Frequent,Loyalty Perk
u_103101,8,3,2,0,268.9,222.51,1.5,male,True,True,DE,ORD,985,8,491.41,1042.14,Engaged,Family Perk
u_103102,7,8,4,1,800.88,363.65,2.7,male,False,True,US,MIA,789,7,1164.53,912.45,Engaged,Flight Discount
u_103103,12,4,3,2,184.12,201.06,2.6,male,False,True,US,MIA,1009,12,385.18,1059.52,Frequent,Loyalty Perk
u_103104,9,0,2,1,0.0,184.61,6.5,female,False,True,AU,SFO,933,9,184.61,960.46,Engaged,Hotel Discount
u_103105,3,5,3,0,774.63,159.82,6.9,male,True,True,DE,LAX,687,3,934.45,783.45,Engaged,Loyalty Perk
u_103106,28,5,5,3,899.1,310.44,5.3,male,False,False,CA,SFO,192,28,1209.54,340.95,Frequent,Flight Discount
u_103107,21,4,0,2,821.43,0.0,0.0,female,False,False,US,LGA,787,21,821.43,890.14,Frequent,Other
u_103108,37,2,0,0,678.06,0.0,0.0,female,False,False,CA,LGA,1050,37,678.06,1154.81,Frequent,Other
u_103109,17,1,2,0,366.27,270.2,1.3,male,True,True,US,ORD,1010,17,636.47,1090.65,Frequent,New User Perk
u_103110,20,8,2,0,880.54,54.74,6.3,male,False,False,AU,SFO,106,20,935.28,219.53,Frequent,Flight Discount
u_103111,30,6,4,1,322.47,388.72,5.9,female,False,False,CA,ATL,748,30,711.19,849.12,Frequent,Flight Discount
u_103112,39,2,6,2,404.98,97.09,3.7,female,True,False,FR,ATL,153,39,502.07,242.21,Frequent,Flight Discount
u_103113,6,8,0,1,627.42,0.0,0.0,male,True,False,GB,JFK,248,6,627.42,316.74,Engaged,Flight Discount
u_103114,36,1,2,2,573.36,157.9,1.7,female,False,True,GB,LGA,74,36,731.26,183.13,Frequent,New User Perk
u_103115,44,4,3,3,782.54,389.72,5.0,male,False,False,US,MIA,416,44,1172.26,577.23,Frequent,Family Perk
u_103116,8,7,3,3,127.49,176.78,6.8,male,True,True,US,ORD,234,8,304.27,272.43,Engaged,Other
u_103117,27,4,2,1,286.06,157.91,6.6,female,False,False,AU,ATL,1140,27,443.97,1211.4,Frequent,Family Perk
u_103118,18,4,6,3,845.5,258.49,5.3,male,True,True,DE,LAX,967,18,1103.99,1095.4,Frequent,Hotel Discount
u_103119,37,4,0,0,551.03,0.0,0.0,female,True,False,CA,BOS,663,37,551.03,755.1,Frequent,New User Perk
u_103120,36,8,3,0,608.1,216.81,2.5,female,False,True,US,DFW,843,36,824.91,961.49,Frequent,Family Perk
u_103121,29,8,0,2,283.55,0.0,0.0,female,False,False,DE,ORD,333,29,283.55,390.36,Frequent,Loyalty Perk
u_103122,35,7,2,3,436.88,210.21,3.6,male,False,True,AU,LAX,849,35,647.09,948.71,Frequent,Family Perk
u_103123,25,4,1,2,553.03,277.03,2.3,male,True,True,GB,LAX,948,25,830.06,1056.01,Frequent,New User Perk
u_103124,21,1,0,2,773.49,0.0,0.0,female,True,False,AU,SEA,923,21,773.49,1021.35,Frequent,Family Perk
u_103125,18,7,3,3,831.7,398.03,2.6,male,False,False,US,DFW,757,18,1229.73,897.97,Frequent,New User Perk
u_103126,45,1,2,2,869.42,139.62,2.7,female,True,True,GB,LGA,1132,45,1009.04,1277.9,Frequent,New User Perk
u_103127,32,4,2,2,372.69,306.4,5.3,female,True,False,AU,ORD,999,32,679.09,1098.91,Frequent,Hotel Discount
u_103128,12,0,5,2,0.0,59.23,4.4,female,True,True,GB,DFW,729,12,59.23,746.92,Frequent,Family Perk
u_103129,9,8,5,1,469.34,250.12,5.0,male,False,True,DE,SEA,1169,9,719.46,1249.95,Engaged,Other
u_103130,16,6,3,0,726.13,115.59,3.8,female,True,False,AU,LGA,657,16,841.72,757.17,Frequent,Loyalty Perk
u_103131,4,7,4,3,737.61,201.32,2.3,male,False,True,GB,LGA,1045,4,938.93,1142.89,Engaged,Hotel Discount
u_103132,7,6,2,0,560.86,186.36,6.7,female,False,True,CA,SEA,907,7,747.22,988.72,Engaged,Other
u_103133,12,5,0,0,398.32,0.0,0.0,male,False,True,GB,ATL,181,12,398.32,232.83,Frequent,Loyalty Perk
u_103134,14,0,3,0,0.0,57.4,1.4,female,True,False,FR,LAX,471,14,57.4,490.74,Frequent,Family Perk
u_103135,20,3,1,3,550.86,300.64,5.5,female,True,True,US,SEA,600,20,851.5,705.15,Frequent,New User Perk
u_103136,41,5,4,0,176.75,292.99,4.4,male,True,True,AU,ATL,645,41,469.74,732.97,Frequent,Loyalty Perk
u_103137,35,2,4,3,894.67,366.99,2.6,female,True,True,US,JFK,761,35,1261.66,922.17,Frequent,Family Perk
u_103138,15,0,2,3,0.0,394.35,5.1,male,True,True,US,ORD,549,15,394.35,603.44,Frequent,Loyalty Perk
u_103139,44,4,1,2,395.62,215.92,3.9,female,True,True,DE,SFO,657,44,611.54,762.15,Frequent,Flight Discount
u_103140,29,7,6,1,640.7,77.76,3.7,female,True,True,US,LAX,448,29,718.46,548.85,Frequent,Loyalty Perk
u_103141,23,3,1,3,443.68,262.21,2.7,female,True,False,US,SFO,655,23,705.89,748.59,Frequent,Other
u_103142,30,7,4,1,681.72,357.89,4.2,male,False,True,AU,BOS,579,30,1039.61,712.96,Frequent,Loyalty Perk
u_103143,33,7,3,2,488.25,238.43,6.5,male,True,False,DE,LAX,200,33,726.68,305.67,Frequent,Other
u_103144,25,6,2,1,764.58,148.59,5.5,male,False,False,US,ATL,1025,25,913.17,1141.32,Frequent,Flight Discount
u_103145,17,1,5,0,457.36,85.8,1.4,male,True,True,CA,LGA,603,17,543.16,674.32,Frequent,Hotel Discount
u_103146,24,7,4,0,318.71,188.48,5.8,male,False,True,US,MIA,680,24,507.19,754.72,Frequent,Hotel Discount
u_103147,2,1,5,2,499.15,179.28,3.7,male,False,True,US,JFK,491,2,678.43,560.84,Engaged,Flight Discount
u_103148,45,1,5,3,305.69,116.7,6.4,male,True,False,US,LGA,953,45,422.39,1040.24,Frequent,Other
u_103149,7,7,1,3,254.72,341.84,3.9,male,False,True,US,LAX,120,7,596.56,186.66,Engaged,Family Perk
u_103150,11,1,6,1,833.86,105.75,5.4,male,True,False,US,MIA,564,11,939.61,668.96,Frequent,Flight Discount
u_103151,25,5,2,3,839.76,68.55,6.5,male,False,True,US,BOS,671,25,908.31,786.83,Frequent,Flight Discount
u_103152,18,7,0,0,760.64,0.0,0.0,female,True,False,FR,LGA,93,18,760.64,187.06,Frequent,Other
u_103153,21,3,0,0,549.18,0.0,0.0,male,False,False,US,JFK,701,21,549.18,776.92,Frequent,Other
u_103154,39,3,6,2,733.29,393.41,4.0,female,True,True,DE,MIA,1022,39,1126.7,1173.67,Frequent,Loyalty Perk
u_103155,22,6,1,2,467.2,52.88,2.6,female,True,False,CA,BOS,397,22,520.08,471.01,Frequent,Loyalty Perk
u_103156,27,1,6,3,356.76,140.25,1.6,female,True,False,CA,BOS,1091,27,497.01,1167.7,Frequent,Hotel Discount
u_103157,36,1,3,0,382.66,244.72,6.7,female,True,True,CA,BOS,1192,36,627.38,1290.74,Frequent,Flight Discount
u_103158,11,6,3,3,777.23,164.13,1.3,female,False,False,US,BOS,584,11,941.36,689.14,Frequent,Loyalty Perk
u_103159,17,2,5,3,484.82,270.2,4.2,male,False,False,US,ATL,154,17,755.02,246.5,Frequent,New User Perk
u_103160,29,8,5,3,883.15,358.7,3.5,male,True,False,US,ORD,546,29,1241.85,699.18,Frequent,Loyalty Perk
u_103161,5,6,5,0,321.75,355.93,6.6,female,True,False,US,DFW,941,5,677.68,1013.77,Engaged,Other
u_103162,35,1,2,1,429.27,251.87,1.9,male,False,True,US,MIA,492,35,681.14,595.11,Frequent,Other
u_103163,21,4,0,3,722.41,0.0,0.0,female,False,False,US,LGA,690,21,722.41,783.24,Frequent,Loyalty Perk
u_103164,23,1,5,0,84.46,207.07,3.8,female,False,True,US,SEA,542,23,291.53,594.15,Frequent,Flight Discount
u_103165,7,8,5,3,835.2,218.78,1.3,female,False,False,DE,MIA,906,7,1053.98,1018.4,Engaged,Flight Discount
u_103166,20,1,2,1,88.75,272.28,5.8,male,True,True,FR,ORD,256,20,361.03,312.1,Frequent,Loyalty Perk
u_103167,15,3,3,3,827.51,148.14,5.1,female,True,False,DE,BOS,1102,15,975.65,1214.56,Frequent,Family Perk
u_103168,38,4,6,2,644.22,269.82,5.6,male,True,True,GB,ATL,1122,38,914.04,1251.4,Frequent,Loyalty Perk
u_103169,26,2,0,1,420.25,0.0,0.0,male,True,True,US,SFO,59,26,420.25,127.02,Frequent,Other
u_103170,5,6,6,1,668.5,307.33,3.4,male,True,False,DE,LGA,523,5,975.83,625.58,Engaged,Other
u_103171,7,5,0,3,439.25,0.0,0.0,male,False,False,GB,ATL,805,7,439.25,855.92,Engaged,Loyalty Perk
u_103172,35,6,6,1,396.32,395.41,1.8,female,False,True,AU,SFO,766,35,791.73,880.17,Frequent,New User Perk
u_103173,40,2,1,2,795.94,175.86,5.8,female,False,True,US,LGA,70,40,971.8,207.18,Frequent,Hotel Discount
u_103174,14,8,3,0,750.12,237.54,2.2,female,True,False,FR,SEA,618,14,987.66,730.77,Frequent,Family Perk
u_103175,21,8,2,2,893.69,388.68,2.4,male,True,True,AU,MIA,1184,21,1282.37,1333.24,Frequent,Other
u_103176,15,5,6,3,81.08,236.79,5.2,male,True,False,AU,LGA,1046,15,317.87,1092.79,Frequent,Hotel Discount
u_103177,40,0,2,2,0.0,213.62,4.7,female,False,True,DE,SFO,134,40,213.62,195.36,Frequent,Other
u_103178,1,2,3,0,211.04,209.41,2.6,female,True,True,CA,SEA,262,1,420.45,305.05,Engaged,Loyalty Perk
u_103179,40,8,2,3,349.29,218.77,6.4,male,True,False,US,JFK,1070,40,568.06,1166.81,Frequent,Other
u_103180,25,2,4,1,491.13,324.42,3.7,female,True,False,CA,LGA,735,25,815.55,841.55,Frequent,New User Perk
u_103181,24,1,2,2,816.66,90.97,3.0,male,True,False,US,BOS,547,24,907.63,661.76,Frequent,Hotel Discount
u_103182,24,1,1,0,799.34,272.29,1.5,male,False,False,GB,LGA,80,24,1071.63,211.16,Frequent,Loyalty Perk
u_103183,1,7,2,0,881.58,307.24,3.2,male,False,True,US,LGA,708,1,1188.82,827.88,Engaged,Family Perk
u_103184,45,2,6,3,540.64,362.65,4.5,male,True,True,DE,MIA,947,45,903.29,1082.33,Frequent,Family Perk
u_103185,12,3,4,0,387.89,67.93,3.5,female,True,True,US,SFO,872,12,455.82,929.58,Frequent,Hotel Discount
u_103186,14,7,1,2,584.83,97.92,2.9,female,True,True,CA,JFK,172,14,682.75,254.28,Frequent,Other
u_103187,20,3,3,2,635.95,118.24,4.9,female,False,False,US,MIA,675,20,754.19,770.42,Frequent,Loyalty Perk
u_103188,24,0,6,2,0.0,397.28,6.5,female,False,False,FR,JFK,811,24,397.28,874.73,Frequent,Loyalty Perk
u_103189,16,0,1,1,0.0,52.74,1.9,male,False,False,AU,ORD,460,16,52.74,481.27,Frequent,Loyalty Perk
u_103190,10,5,0,1,486.44,0.0,0.0,male,True,True,AU,LGA,559,10,486.44,617.64,Frequent,Hotel Discount
u_103191,33,4,3,0,745.66,278.31,3.3,female,True,False,AU,MIA,358,33,1023.97,493.4,Frequent,Flight Discount
u_103192,33,0,2,1,0.0,389.84,3.9,female,False,False,US,MIA,1115,33,389.84,1186.98,Frequent,Loyalty Perk
u_103193,30,0,0,1,0.0,0.0,0.0,male,True,True,US,ATL,633,30,0.0,663.0,Frequent,Flight Discount
u_103194,45,6,1,0,82.61,227.45,4.8,male,False,False,US,BOS,877,45,310.06,953.01,Frequent,Loyalty Perk
u_103195,28,8,4,3,89.24,182.44,6.3,female,False,True,FR,JFK,847,28,271.68,902.17,Frequent,Other
u_103196,11,5,1,2,389.49,226.25,1.1,male,True,False,US,DFW,1148,11,615.74,1220.57,Frequent,Other
u_103197,43,7,4,3,86.88,93.16,4.3,female,True,True,CA,JFK,1117,43,180.04,1178.0,Frequent,New User Perk
u_103198,30,8,4,0,854.18,329.42,2.6,male,False,False,CA,BOS,1123,30,1183.6,1271.36,Frequent,Hotel Discount
u_103199,45,7,5,1,397.25,113.98,2.3,female,False,False,FR,MIA,1062,45,511.23,1158.12,Frequent,Hotel Discount
u_103200,21,7,5,2,262.51,58.5,4.0,female,False,False,CA,LGA,1168,21,321.01,1221.1,Frequent,Loyalty Perk
u_103201,29,1,1,3,682.66,356.07,4.2,male,False,True,GB,ORD,77,29,1038.73,209.87,Frequent,Flight Discount
u_103202,41,1,1,3,244.23,77.24,5.9,male,False,False,DE,BOS,274,41,321.47,347.15,Frequent,Hotel Discount
u_103203,39,4,5,2,281.93,342.27,4.0,female,False,True,CA,SEA,1145,39,624.2,1246.42,Frequent,Other
u_103204,28,2,0,2,756.43,0.0,0.0,male,True,False,DE,MIA,932,28,756.43,1035.64,Frequent,Flight Discount
u_103205,29,7,2,3,875.83,98.62,4.6,female,False,True,US,SFO,1024,29,974.45,1150.45,Frequent,Loyalty Perk
u_103206,22,4,1,2,353.96,325.89,3.4,female,False,False,US,SFO,387,22,679.85,476.98,Frequent,Loyalty Perk
u_103207,31,4,0,3,626.29,0.0,0.0,male,False,True,US,MIA,232,31,626.29,325.63,Frequent,Loyalty Perk
u_103208,29,3,4,3,630.15,233.97,6.9,female,True,True,FR,LAX,306,29,864.12,421.41,Frequent,Hotel Discount
u_103209,28,8,5,3,233.11,194.3,3.6,female,True,True,GB,DFW,207,28,427.41,277.74,Frequent,New User Perk
u_103210,42,8,0,2,244.63,0.0,0.0,female,False,False,DE,DFW,192,42,244.63,258.46,Frequent,Flight Discount
u_103211,41,5,0,3,105.79,0.0,0.0,male,False,True,DE,ORD,188,41,105.79,239.58,Frequent,Loyalty Perk
u_103212,38,6,0,2,575.99,0.0,0.0,female,False,False,AU,LGA,104,38,575.99,199.6,Frequent,Flight Discount
u_103213,26,5,6,2,333.3,379.97,6.6,male,True,True,US,MIA,539,26,713.27,636.33,Frequent,Loyalty Perk
u_103214,42,7,5,2,787.0,277.79,1.9,male,False,False,AU,LAX,38,42,1064.79,186.48,Frequent,Flight Discount
u_103215,37,8,3,1,126.33,320.81,2.2,female,True,True,GB,BOS,253,37,447.14,334.71,Frequent,Other
u_103216,29,0,5,3,0.0,312.85,1.4,female,False,False,US,LGA,271,29,312.85,331.29,Frequent,Family Perk
u_103217,23,0,0,3,0.0,0.0,0.0,male,True,False,US,LAX,582,23,0.0,605.0,Frequent,Other
u_103218,37,4,6,3,357.51,371.16,5.0,female,False,False,US,DFW,759,37,728.67,868.87,Frequent,Flight Discount
u_103219,44,4,0,0,896.69,0.0,0.0,female,True,False,DE,SEA,60,44,896.69,193.67,Frequent,Flight Discount
u_103220,32,5,2,3,836.89,247.32,5.4,female,False,True,FR,BOS,151,32,1084.21,291.42,Frequent,Flight Discount
u_103221,11,3,0,0,407.48,0.0,0.0,male,False,False,US,BOS,590,11,407.48,641.75,Frequent,Hotel Discount
u_103222,18,4,5,2,266.36,321.5,6.9,male,True,True,DE,SEA,663,18,587.86,739.79,Frequent,Loyalty Perk
u_103223,19,7,3,1,294.7,272.76,3.4,female,False,False,CA,LGA,591,19,567.46,666.75,Frequent,Family Perk
u_103224,37,0,3,3,0.0,269.74,5.8,female,True,True,CA,JFK,182,37,269.74,245.97,Frequent,Other
u_103225,33,2,4,1,134.14,272.62,1.8,female,False,False,US,ATL,293,33,406.76,366.68,Frequent,Flight Discount
u_103226,12,4,4,0,81.45,275.14,3.8,female,False,False,DE,LGA,1193,12,356.59,1240.66,Frequent,Loyalty Perk
u_103227,23,1,5,1,895.0,128.03,2.2,female,True,False,GB,MIA,573,23,1023.03,698.3,Frequent,Flight Discount
u_103228,5,3,4,2,580.49,152.36,2.9,female,True,True,AU,ORD,951,5,732.85,1029.28,Engaged,Hotel Discount
u_103229,45,1,1,1,140.13,85.26,1.4,female,False,True,DE,ORD,835,45,225.39,902.54,Frequent,Loyalty Perk
u_103230,17,7,4,1,709.12,272.48,3.7,male,True,True,GB,DFW,1028,17,981.6,1143.16,Frequent,Hotel Discount
u_103231,41,6,1,3,628.36,114.93,3.4,male,False,True,GB,LGA,552,41,743.29,667.33,Frequent,Flight Discount
u_103232,10,0,6,3,0.0,262.23,1.3,male,True,False,GB,SEA,1035,10,262.23,1071.22,Frequent,Loyalty Perk
u_103233,11,3,4,3,765.36,118.31,4.4,male,False,False,DE,SFO,252,11,883.67,351.37,Frequent,Flight Discount
u_103234,44,8,5,1,885.08,370.07,3.7,female,False,False,CA,JFK,1194,44,1255.15,1363.52,Frequent,Other
u_103235,27,5,0,2,574.69,0.0,0.0,male,False,True,US,JFK,672,27,574.69,756.47,Frequent,Flight Discount
u_103236,42,5,5,1,238.32,121.67,6.9,female,False,False,US,SFO,943,42,359.99,1021.0,Frequent,Flight Discount
u_103237,22,6,0,3,694.54,0.0,0.0,male,True,True,CA,SEA,981,22,694.54,1072.45,Frequent,Loyalty Perk
u_103238,3,2,3,3,332.31,263.78,4.4,male,True,True,US,LGA,1098,3,596.09,1160.61,Engaged,Family Perk
u_103239,41,2,2,1,500.44,278.15,6.2,female,True,True,GB,JFK,893,41,778.59,1011.86,Frequent,Loyalty Perk
u_103240,39,3,1,3,599.63,367.4,5.1,male,False,True,DE,MIA,1049,39,967.03,1184.7,Frequent,Hotel Discount
u_103241,44,7,2,1,152.86,311.4,3.1,female,True,True,AU,BOS,562,44,464.26,652.43,Frequent,Hotel Discount
u_103242,21,7,4,1,680.98,158.67,4.9,male,False,True,US,SEA,544,21,839.65,648.97,Frequent,New User Perk
u_103243,44,6,1,2,628.69,243.5,1.0,female,True,False,CA,SFO,318,44,872.19,449.22,Frequent,Loyalty Perk
u_103244,43,6,4,2,84.54,205.64,2.9,female,True,False,DE,ORD,254,43,290.18,326.02,Frequent,New User Perk
u_103245,13,1,5,3,451.4,399.03,3.9,male,False,True,US,LGA,245,13,850.43,343.04,Frequent,Other
u_103246,27,6,5,3,642.76,328.67,6.8,female,False,False,US,ATL,711,27,971.43,835.14,Frequent,Hotel Discount
u_103247,1,2,3,2,360.58,182.47,2.8,female,True,False,US,JFK,788,1,543.05,843.3,Engaged,Flight Discount
u_103248,38,7,3,2,148.54,70.53,1.0,female,False,False,US,LAX,1094,38,219.07,1153.91,Frequent,Family Perk
u_103249,40,4,6,3,703.82,115.04,2.9,male,True,True,US,LGA,1023,40,818.86,1144.89,Frequent,Hotel Discount
u_103250,30,3,6,0,344.02,321.61,6.2,female,True,False,GB,ORD,367,30,665.63,463.56,Frequent,Loyalty Perk
u_103251,38,3,0,3,171.37,0.0,0.0,male,False,True,AU,LAX,145,38,171.37,200.14,Frequent,Loyalty Perk
u_103252,39,0,1,3,0.0,346.58,3.8,male,False,False,US,MIA,709,39,346.58,782.66,Frequent,Loyalty Perk
u_103253,41,7,3,3,633.28,86.37,4.5,female,True,True,DE,ATL,613,41,719.65,725.97,Frequent,Loyalty Perk
u_103254,18,6,6,0,787.66,102.35,6.2,male,False,True,FR,SEA,1077,18,890.01,1184.0,Frequent,Family Perk
u_103255,35,8,4,1,289.89,125.88,3.1,female,False,False,DE,ATL,855,35,415.77,931.58,Frequent,Hotel Discount
u_103256,33,2,5,1,90.01,322.77,1.2,female,False,True,DE,DFW,931,33,412.78,1005.28,Frequent,Other
u_103257,23,0,0,1,0.0,0.0,0.0,female,False,False,GB,ATL,472,23,0.0,495.0,Frequent,Flight Discount
u_103258,29,8,0,2,94.57,0.0,0.0,male,True,True,GB,MIA,356,29,94.57,394.46,Frequent,Family Perk
u_103259,42,1,5,1,448.49,197.05,3.0,male,False,False,CA,ATL,1193,42,645.54,1299.55,Frequent,Other
u_103260,27,3,3,0,732.97,91.36,4.9,male,True,True,GB,ATL,158,27,824.33,267.43,Frequent,Hotel Discount
u_103261,18,7,4,0,329.17,306.78,2.7,male,True,False,US,LGA,566,18,635.95,647.6,Frequent,Family Perk
u_103262,15,4,1,3,538.97,360.32,7.0,female,True,False,US,ATL,178,15,899.29,282.93,Frequent,Flight Discount
u_103263,33,6,5,0,605.2,339.4,4.1,male,False,True,US,ATL,626,33,944.6,753.46,Frequent,Loyalty Perk
u_103264,7,7,6,3,641.57,342.34,2.7,male,False,False,AU,JFK,34,7,983.91,139.39,Engaged,Hotel Discount
u_103265,23,8,1,2,899.12,54.08,4.7,female,True,True,GB,BOS,1012,23,953.2,1130.32,Frequent,Family Perk
u_103266,3,3,0,1,148.48,0.0,0.0,female,False,True,CA,LGA,162,3,148.48,179.85,Engaged,Loyalty Perk
u_103267,36,6,1,1,642.73,263.77,4.8,female,True,False,GB,ATL,988,36,906.5,1114.65,Frequent,New User Perk
u_103268,12,5,0,0,147.86,0.0,0.0,male,False,False,FR,ORD,309,12,147.86,335.79,Frequent,Family Perk
u_103269,9,2,3,3,651.83,215.72,4.2,female,True,True,CA,ATL,656,9,867.55,751.75,Engaged,Other
u_103270,43,5,5,2,296.41,292.94,2.5,male,False,True,US,ATL,402,43,589.35,503.94,Frequent,Other
u_103271,31,6,4,2,718.51,285.27,3.2,male,True,True,GB,SFO,240,31,1003.78,371.38,Frequent,Flight Discount
u_103272,31,5,0,1,580.03,0.0,0.0,female,False,True,US,ORD,526,31,580.03,615.0,Frequent,Hotel Discount
u_103273,10,4,1,2,652.91,83.6,2.2,female,True,False,US,ORD,745,10,736.51,828.65,Frequent,Flight Discount
u_103274,36,0,3,1,0.0,360.27,3.2,female,False,False,AU,LAX,55,36,360.27,127.03,Frequent,New User Perk
u_103275,20,8,1,2,114.17,350.27,4.2,female,False,False,FR,LGA,1093,20,464.44,1159.44,Frequent,Family Perk
u_103276,13,7,0,3,798.85,0.0,0.0,female,False,False,US,ATL,352,13,798.85,444.89,Frequent,Family Perk
u_103277,34,0,2,2,0.0,238.47,6.0,female,False,True,AU,LGA,308,34,238.47,365.85,Frequent,Loyalty Perk
u_103278,2,1,0,2,242.33,0.0,0.0,male,True,False,DE,SFO,307,2,242.33,333.23,Engaged,Family Perk
u_103279,19,7,3,2,700.84,347.91,4.3,female,True,True,CA,JFK,893,19,1048.75,1016.88,Frequent,Loyalty Perk
u_103280,38,8,3,0,510.51,351.6,5.1,female,True,True,DE,ATL,711,38,862.11,835.21,Frequent,Hotel Discount
u_103281,43,6,6,2,451.38,311.71,6.1,male,True,True,US,ORD,1026,43,763.09,1145.31,Frequent,Hotel Discount
u_103282,11,5,3,1,850.25,103.62,4.2,female,False,False,GB,JFK,450,11,953.87,556.39,Frequent,New User Perk
u_103283,37,6,0,1,504.6,0.0,0.0,female,False,False,US,ATL,946,37,504.6,1033.46,Frequent,New User Perk
u_103284,39,4,2,0,110.29,184.52,6.1,female,True,False,US,ATL,438,39,294.81,506.48,Frequent,Flight Discount
u_103285,38,8,5,3,92.06,292.91,3.9,male,True,True,AU,LAX,794,38,384.97,870.5,Frequent,Loyalty Perk
u_103286,41,0,2,3,0.0,259.47,4.9,male,True,True,AU,ORD,880,41,259.47,946.95,Frequent,Loyalty Perk
u_103287,9,3,2,1,528.64,241.2,4.5,female,True,False,CA,JFK,33,9,769.84,118.98,Engaged,Other
u_103288,30,1,2,1,829.55,121.52,3.4,female,True,True,US,LGA,530,30,951.07,655.11,Frequent,Loyalty Perk
u_103289,19,4,6,2,251.72,341.43,1.8,female,True,False,FR,BOS,261,19,593.15,339.31,Frequent,New User Perk
u_103290,14,8,6,1,716.14,75.43,4.5,male,False,False,DE,MIA,1062,14,791.57,1155.16,Frequent,Other
u_103291,38,7,4,3,350.15,319.98,4.1,female,True,False,US,LGA,565,38,670.13,670.01,Frequent,Flight Discount
u_103292,18,7,1,0,664.99,292.38,2.4,male,True,True,FR,SEA,281,18,957.37,394.74,Frequent,Flight Discount
u_103293,1,3,0,1,642.55,0.0,0.0,female,False,False,CA,MIA,248,1,642.55,313.25,Engaged,Flight Discount
u_103294,12,3,6,1,485.02,160.15,4.3,female,True,False,US,DFW,218,12,645.17,294.52,Frequent,Flight Discount
u_103295,2,4,0,3,362.14,0.0,0.0,female,True,True,AU,ORD,958,2,362.14,996.21,Engaged,Other
u_103296,23,3,0,0,95.25,0.0,0.0,female,True,True,US,ATL,172,23,95.25,204.53,Frequent,Flight Discount
u_103297,41,2,1,1,525.44,56.3,2.3,male,False,True,US,MIA,949,41,581.74,1048.17,Frequent,Loyalty Perk
u_103298,5,4,3,3,147.54,296.58,5.9,male,True,True,CA,LGA,103,5,444.12,152.41,Engaged,Other
u_103299,41,4,2,0,650.81,249.99,4.3,female,True,False,US,LGA,918,41,900.8,1049.08,Frequent,Other
u_103300,24,0,0,3,0.0,0.0,0.0,male,False,True,US,ORD,413,24,0.0,437.0,Frequent,New User Perk
u_103301,18,6,0,3,280.29,0.0,0.0,female,True,True,CA,ATL,773,18,280.29,819.03,Frequent,Family Perk
u_103302,2,6,3,1,125.19,352.68,4.5,female,True,True,US,LAX,336,2,477.87,385.79,Engaged,Loyalty Perk
u_103303,22,6,3,2,275.86,247.21,2.3,male,False,False,US,ORD,816,22,523.07,890.31,Frequent,Hotel Discount
u_103304,39,1,4,2,796.35,56.8,1.1,female,False,False,US,ORD,1161,39,853.15,1285.31,Frequent,Hotel Discount
u_103305,3,1,5,2,433.03,134.41,1.7,female,True,False,DE,SFO,831,3,567.44,890.74,Engaged,Hotel Discount
u_103306,33,4,3,2,607.12,70.53,4.0,male,True,False,GB,SFO,73,33,677.65,173.77,Frequent,Family Perk
u_103307,7,8,4,0,412.89,55.54,4.6,male,True,True,AU,SFO,1026,7,468.43,1079.84,Engaged,Flight Discount
u_103308,11,6,6,3,467.99,174.01,1.1,male,False,False,US,ATL,851,11,642.0,926.2,Frequent,New User Perk
u_103309,13,6,2,3,521.1,310.22,4.8,female,True,True,FR,DFW,1052,13,831.32,1148.13,Frequent,Flight Discount
u_103310,36,7,0,0,759.29,0.0,0.0,male,True,True,US,DFW,815,36,759.29,926.93,Frequent,New User Perk
u_103311,19,1,2,2,723.86,302.9,5.3,female,True,False,DE,MIA,990,19,1026.76,1111.68,Frequent,New User Perk
u_103312,19,5,4,2,371.21,385.02,6.8,female,False,False,US,JFK,131,19,756.23,225.62,Frequent,Flight Discount
u_103313,13,5,3,2,190.89,207.18,1.8,male,False,False,CA,SEA,550,13,398.07,602.81,Frequent,Flight Discount
u_103314,17,5,0,0,296.58,0.0,0.0,male,True,True,FR,LAX,911,17,296.58,957.66,Frequent,Hotel Discount
u_103315,1,7,2,0,483.43,324.52,1.1,female,True,True,US,MIA,385,1,807.95,466.8,Engaged,Loyalty Perk
u_103316,17,1,3,3,232.91,115.35,1.2,female,False,True,US,ORD,739,17,348.26,790.83,Frequent,Family Perk
u_103317,7,6,1,3,583.53,172.85,4.3,male,False,False,CA,LGA,1165,7,756.38,1247.64,Engaged,Hotel Discount
u_103318,40,6,4,0,101.57,371.0,5.6,male,False,True,US,ORD,1142,40,472.57,1229.26,Frequent,Flight Discount
u_103319,4,6,2,3,307.78,193.08,6.7,female,False,False,US,LAX,1012,4,500.86,1066.09,Engaged,Flight Discount
u_103320,4,8,2,2,127.53,288.18,4.9,female,False,False,US,SFO,656,4,415.71,701.57,Engaged,Family Perk
u_103321,38,2,4,3,178.24,100.49,3.1,male,False,False,US,ATL,715,38,278.73,780.87,Frequent,Hotel Discount
u_103322,21,5,1,0,281.81,378.59,5.0,male,False,True,FR,LAX,1139,21,660.4,1226.04,Frequent,New User Perk
u_103323,23,2,4,1,743.64,319.98,6.3,female,True,True,FR,LGA,723,23,1063.62,852.36,Frequent,New User Perk
u_103324,15,0,1,2,0.0,56.5,5.4,female,False,True,US,BOS,1002,15,56.5,1022.65,Frequent,Hotel Discount
u_103325,22,0,6,3,0.0,358.4,4.5,female,True,True,US,LGA,101,22,358.4,158.84,Frequent,Loyalty Perk
u_103326,2,6,4,0,809.49,136.53,3.7,female,False,False,GB,DFW,918,2,946.02,1014.6,Engaged,Loyalty Perk
u_103327,27,7,3,2,571.56,211.64,2.0,female,True,True,GB,SFO,802,27,783.2,907.32,Frequent,Loyalty Perk
u_103328,11,4,1,3,699.96,116.73,6.2,female,True,True,DE,ORD,191,11,816.69,283.67,Frequent,Hotel Discount
u_103329,44,1,2,0,641.89,157.87,1.1,male,False,False,AU,SFO,948,44,799.76,1071.98,Frequent,Loyalty Perk
u_103330,6,6,0,2,744.49,0.0,0.0,male,True,False,AU,BOS,207,6,744.49,287.45,Engaged,Family Perk
u_103331,16,6,5,1,441.98,305.11,2.3,female,True,True,CA,LAX,540,16,747.09,630.71,Frequent,Loyalty Perk
u_103332,13,4,0,1,362.46,0.0,0.0,male,True,True,FR,DFW,1016,13,362.46,1065.25,Frequent,Loyalty Perk
u_103333,7,4,3,3,838.67,109.7,3.7,female,True,False,US,JFK,552,7,948.37,653.84,Engaged,Loyalty Perk
u_103334,18,5,2,3,794.07,208.22,6.6,female,True,False,CA,JFK,427,18,1002.29,545.23,Frequent,Loyalty Perk
u_103335,26,3,3,0,91.31,353.86,4.1,male,False,False,US,MIA,579,26,445.17,649.52,Frequent,Flight Discount
u_103336,43,5,3,0,411.77,365.69,1.1,male,True,True,CA,BOS,1114,43,777.46,1234.75,Frequent,Hotel Discount
u_103337,19,6,6,1,535.71,323.61,3.6,female,True,True,US,DFW,987,19,859.32,1091.93,Frequent,Other
u_103338,13,1,2,1,645.43,230.7,2.1,female,True,False,US,MIA,303,13,876.13,403.61,Frequent,Hotel Discount
u_103339,42,3,0,1,307.29,0.0,0.0,male,True,False,GB,LGA,259,42,307.29,331.73,Frequent,New User Perk
u_103340,38,2,5,3,242.02,291.65,3.4,female,False,False,AU,DFW,226,38,533.67,317.37,Frequent,Loyalty Perk
u_103341,45,8,0,0,378.3,0.0,0.0,male,False,True,US,SEA,455,45,378.3,537.83,Frequent,Hotel Discount
u_103342,6,3,3,3,132.04,67.97,2.4,male,False,True,US,LAX,1061,6,200.01,1087.0,Engaged,Loyalty Perk
u_103343,33,7,2,0,467.1,194.77,5.1,female,False,False,US,LAX,543,33,661.87,642.19,Frequent,Hotel Discount
u_103344,38,1,3,3,520.36,110.77,4.1,male,True,False,US,ORD,528,38,631.13,629.11,Frequent,Loyalty Perk
u_103345,10,2,6,3,609.92,230.91,2.6,male,False,True,US,BOS,743,10,840.83,837.08,Frequent,Family Perk
u_103346,16,2,0,3,217.26,0.0,0.0,female,True,False,FR,LAX,645,16,217.26,682.73,Frequent,Hotel Discount
u_103347,44,2,1,0,750.43,186.08,4.3,female,True,True,GB,MIA,162,44,936.51,299.65,Frequent,Other
u_103348,18,1,6,1,540.31,398.37,2.5,female,False,False,US,JFK,926,18,938.68,1037.87,Frequent,Loyalty Perk
u_103349,19,8,3,2,493.11,190.94,2.3,male,True,True,AU,LAX,948,19,684.05,1035.41,Frequent,Flight Discount
u_103350,29,7,3,0,656.87,390.98,2.1,female,True,False,US,LAX,709,29,1047.85,842.78,Frequent,Loyalty Perk
u_103351,31,4,0,3,566.8,0.0,0.0,male,False,True,AU,SFO,544,31,566.8,631.68,Frequent,Loyalty Perk
u_103352,24,6,6,0,823.08,227.52,3.1,female,False,True,US,SEA,731,24,1050.6,860.06,Frequent,Loyalty Perk
u_103353,18,5,4,1,419.48,237.5,5.1,female,False,False,US,ATL,1080,18,656.98,1163.7,Frequent,Loyalty Perk
u_103354,37,2,1,3,110.78,95.68,2.6,male,False,False,CA,BOS,38,37,206.46,95.65,Frequent,Other
u_103355,31,8,1,2,727.38,255.7,4.3,female,False,True,US,JFK,176,31,983.08,305.31,Frequent,Hotel Discount
u_103356,14,2,4,2,82.09,341.91,4.0,male,True,True,DE,MIA,93,14,424.0,149.4,Frequent,Other
u_103357,40,8,0,3,341.44,0.0,0.0,female,False,True,US,MIA,276,40,341.44,350.14,Frequent,Hotel Discount
u_103358,33,3,4,1,636.3,132.22,4.7,female,True,False,US,SEA,96,33,768.52,205.85,Frequent,Flight Discount
u_103359,3,1,3,2,447.61,177.71,3.8,female,False,False,US,SFO,1097,3,625.32,1162.53,Engaged,Flight Discount
u_103360,22,6,0,2,892.4,0.0,0.0,male,True,True,DE,LGA,1010,22,892.4,1121.24,Frequent,Family Perk
u_103361,2,6,3,0,414.58,390.82,5.0,female,True,True,AU,LGA,166,2,805.4,248.54,Engaged,Hotel Discount
u_103362,2,2,2,2,648.77,181.81,3.8,male,True,False,AU,MIA,217,2,830.58,302.06,Engaged,Loyalty Perk
u_103363,29,5,3,2,774.5,176.68,3.4,female,True,True,AU,ATL,64,29,951.18,188.12,Frequent,Loyalty Perk
u_103364,24,3,1,1,746.55,158.6,5.2,male,False,True,AU,LGA,921,24,905.15,1035.52,Frequent,Family Perk
u_103365,21,8,4,0,316.53,151.19,1.1,female,True,True,FR,SEA,888,21,467.72,955.77,Frequent,Loyalty Perk
u_103366,9,6,0,1,790.59,0.0,0.0,female,False,False,GB,JFK,145,9,790.59,233.06,Engaged,Other
u_103367,14,1,5,1,149.51,119.05,7.0,male,True,True,CA,DFW,692,14,268.56,732.86,Frequent,Other
u_103368,22,6,3,3,187.52,137.34,3.3,female,True,True,DE,LAX,459,22,324.86,513.49,Frequent,Family Perk
u_103369,42,5,0,0,313.55,0.0,0.0,female,False,True,DE,JFK,513,42,313.55,586.36,Frequent,Other
u_103370,24,3,5,1,670.0,96.41,6.2,female,False,False,DE,ATL,814,24,766.41,914.64,Frequent,Family Perk
u_103371,22,7,4,0,743.43,60.54,4.6,female,True,False,DE,SFO,715,22,803.97,817.4,Frequent,Loyalty Perk
u_103372,36,8,1,3,769.17,206.41,4.4,male,True,False,CA,ORD,277,36,975.58,410.56,Frequent,Hotel Discount
u_103373,34,6,6,3,574.07,52.85,5.6,female,False,False,CA,BOS,1091,34,626.92,1187.69,Frequent,Hotel Discount
u_103374,21,0,5,2,0.0,263.47,5.1,male,False,True,FR,ORD,626,21,263.47,673.35,Frequent,Family Perk
u_103375,9,5,2,2,361.74,102.7,4.4,female,True,False,US,SEA,160,9,464.44,215.44,Engaged,Hotel Discount
u_103376,31,4,0,3,340.44,0.0,0.0,female,False,False,US,BOS,215,31,340.44,280.04,Frequent,Flight Discount
u_103377,16,7,4,1,884.9,379.22,1.2,male,True,False,AU,LGA,673,16,1264.12,815.41,Frequent,Other
u_103378,31,7,0,3,373.75,0.0,0.0,male,True,False,FR,SEA,247,31,373.75,315.38,Frequent,Family Perk
u_103379,40,7,5,2,714.02,333.47,5.9,male,True,False,AU,SEA,218,40,1047.49,362.75,Frequent,Hotel Discount
u_103380,12,6,3,3,682.55,347.8,3.5,female,False,True,FR,MIA,856,12,1030.35,971.03,Frequent,New User Perk
u_103381,16,0,1,1,0.0,310.48,3.5,male,False,True,FR,JFK,650,16,310.48,697.05,Frequent,Other
u_103382,26,5,6,2,544.96,208.38,5.7,female,False,True,CA,MIA,490,26,753.34,591.33,Frequent,Loyalty Perk
u_103383,7,2,0,3,391.84,0.0,0.0,female,True,False,GB,DFW,129,7,391.84,175.18,Engaged,Family Perk
u_103384,16,4,4,1,516.76,370.99,5.7,male,True,True,FR,ATL,363,16,887.75,467.78,Frequent,Other
u_103385,19,5,3,3,587.57,259.53,1.2,female,True,False,GB,LGA,193,19,847.1,296.71,Frequent,Other
u_103386,20,0,2,0,0.0,374.75,4.8,male,True,True,GB,LAX,699,20,374.75,756.48,Frequent,Loyalty Perk
u_103387,27,1,5,1,473.91,334.96,5.4,female,True,False,AU,BOS,1198,27,808.87,1305.89,Frequent,Loyalty Perk
u_103388,28,4,1,0,156.82,143.71,5.8,male,True,True,US,SFO,946,28,300.53,1004.05,Frequent,New User Perk
u_103389,24,0,5,3,0.0,148.47,1.1,female,True,False,US,ATL,189,24,148.47,227.85,Frequent,Family Perk
u_103390,24,2,1,2,600.32,199.81,5.2,male,False,True,US,MIA,771,24,800.13,875.01,Frequent,Loyalty Perk
u_103391,18,6,3,1,437.19,155.95,1.3,male,True,True,US,BOS,1080,18,593.14,1157.31,Frequent,Hotel Discount
u_103392,22,4,6,1,361.14,300.28,5.9,male,False,True,GB,ORD,286,22,661.42,374.14,Frequent,Loyalty Perk
u_103393,16,8,2,3,731.97,346.38,2.5,female,True,False,FR,JFK,556,16,1078.35,679.83,Frequent,Other
u_103394,2,5,5,1,629.3,68.13,3.1,female,False,True,FR,SFO,675,2,697.43,746.74,Engaged,New User Perk
u_103395,26,0,5,3,0.0,88.03,4.7,female,False,True,US,LGA,744,26,88.03,778.8,Frequent,New User Perk
u_103396,16,0,1,0,0.0,160.46,2.6,female,True,False,US,SFO,663,16,160.46,695.05,Frequent,New User Perk
u_103397,45,5,2,0,130.17,396.44,5.7,female,False,True,FR,LGA,461,45,526.61,558.66,Frequent,Hotel Discount
u_103398,16,0,6,2,0.0,289.59,4.5,female,True,False,FR,SEA,107,16,289.59,151.96,Frequent,Flight Discount
u_103399,10,0,2,2,0.0,319.14,3.2,female,True,True,US,MIA,739,10,319.14,780.91,Frequent,Hotel Discount
u_103400,25,5,5,3,528.02,126.87,6.9,female,True,False,DE,SFO,499,25,654.89,589.49,Frequent,Other
u_103401,44,5,0,2,704.72,0.0,0.0,female,True,True,US,ATL,1150,44,704.72,1264.47,Frequent,Loyalty Perk
u_103402,33,3,4,3,505.11,54.24,6.1,male,True,False,DE,LAX,1178,33,559.35,1266.94,Frequent,Family Perk
u_103403,29,4,2,3,209.04,161.78,5.5,female,False,False,AU,LGA,987,29,370.82,1053.08,Frequent,Loyalty Perk
u_103404,41,8,3,2,506.73,337.89,1.3,male,True,False,US,BOS,1160,41,844.62,1285.46,Frequent,Flight Discount
u_103405,3,4,3,0,807.07,393.31,2.2,male,True,False,GB,LAX,72,3,1200.38,195.04,Engaged,Other
u_103406,40,2,0,1,324.26,0.0,0.0,female,False,False,DE,ORD,553,40,324.26,625.43,Frequent,Loyalty Perk
u_103407,37,7,0,0,179.05,0.0,0.0,female,True,False,US,JFK,400,37,179.05,454.91,Frequent,Other
u_103408,44,1,5,3,587.08,270.57,6.6,male,False,False,US,ATL,917,44,857.65,1046.77,Frequent,Flight Discount
u_103409,5,0,3,1,0.0,171.3,3.7,female,False,False,CA,SEA,890,5,171.3,912.13,Engaged,Flight Discount
u_103410,42,0,0,3,0.0,0.0,0.0,male,True,True,US,LGA,193,42,0.0,235.0,Frequent,Family Perk
u_103411,37,0,0,3,0.0,0.0,0.0,male,True,True,GB,LAX,634,37,0.0,671.0,Frequent,Loyalty Perk
u_103412,36,6,0,2,201.66,0.0,0.0,female,False,False,US,LGA,511,36,201.66,567.17,Frequent,Flight Discount
u_103413,25,4,2,3,174.86,183.27,5.7,female,True,True,US,DFW,155,25,358.13,215.81,Frequent,Flight Discount
u_103414,40,2,0,2,180.24,0.0,0.0,male,False,False,FR,BOS,271,40,180.24,329.02,Frequent,Family Perk
u_103415,31,8,5,0,675.66,279.36,3.7,female,True,True,FR,DFW,736,31,955.02,862.5,Frequent,Flight Discount
u_103416,41,5,3,2,448.89,57.45,2.4,female,False,False,GB,BOS,490,41,506.34,581.63,Frequent,New User Perk
u_103417,6,0,6,1,0.0,309.8,6.6,female,False,False,DE,ATL,1113,6,309.8,1149.98,Engaged,Family Perk
u_103418,35,0,2,2,0.0,343.79,2.2,female,False,True,US,LGA,464,35,343.79,533.38,Frequent,Hotel Discount
u_103419,2,2,3,3,366.6,141.66,3.1,male,True,False,US,LGA,919,2,508.26,971.83,Engaged,Flight Discount
u_103420,22,1,0,3,780.09,0.0,0.0,male,False,True,FR,LAX,318,22,780.09,418.01,Frequent,New User Perk
u_103421,11,1,3,1,885.11,384.83,5.1,male,True,True,GB,BOS,89,11,1269.94,226.99,Frequent,Other
u_103422,28,1,0,1,712.85,0.0,0.0,male,False,True,FR,BOS,1058,28,712.85,1157.28,Frequent,Loyalty Perk
u_103423,44,7,3,1,156.06,96.74,1.6,female,True,True,AU,SFO,858,44,252.8,927.28,Frequent,Flight Discount
u_103424,15,5,1,0,353.74,376.24,3.9,male,True,False,AU,MIA,954,15,729.98,1042.0,Frequent,Loyalty Perk
u_103425,27,8,5,3,304.76,397.23,6.0,male,False,True,AU,BOS,236,27,701.99,333.2,Frequent,Flight Discount
u_103426,37,5,1,3,319.29,115.01,2.0,male,False,False,AU,BOS,970,37,434.3,1050.43,Frequent,Hotel Discount
u_103427,24,1,3,3,107.89,303.8,6.8,female,False,False,US,ATL,540,24,411.69,605.17,Frequent,Family Perk
u_103428,23,0,5,3,0.0,328.61,5.9,male,True,False,US,ATL,749,23,328.61,804.86,Frequent,Loyalty Perk
u_103429,4,4,3,3,203.78,301.21,3.5,male,False,True,US,ORD,217,4,504.99,271.5,Engaged,Loyalty Perk
u_103430,6,6,1,0,436.22,241.64,5.6,female,True,True,FR,DFW,208,6,677.86,281.79,Engaged,Family Perk
u_103431,37,8,0,2,852.15,0.0,0.0,female,False,True,US,LGA,1099,37,852.15,1221.22,Frequent,Hotel Discount
u_103432,21,6,4,0,647.75,376.49,4.0,male,False,True,AU,ORD,539,21,1024.24,662.42,Frequent,Hotel Discount
u_103433,30,6,1,0,736.6,221.77,2.7,male,False,False,US,MIA,72,30,958.37,197.84,Frequent,Hotel Discount
u_103434,41,3,1,3,513.18,305.28,4.1,female,False,False,US,ATL,79,41,818.46,201.85,Frequent,Loyalty Perk
u_103435,36,0,4,2,0.0,171.96,4.2,male,False,True,AU,LAX,346,36,171.96,399.2,Frequent,Loyalty Perk
u_103436,12,5,4,0,187.12,318.99,6.0,female,False,True,US,JFK,982,12,506.11,1044.61,Frequent,Family Perk
u_103437,7,7,6,2,294.21,395.56,3.6,female,True,False,US,DFW,402,7,689.77,477.98,Engaged,Family Perk
u_103438,22,1,3,1,134.56,179.75,3.8,male,False,False,AU,BOS,536,22,314.31,589.43,Frequent,Other
u_103439,2,5,0,0,370.65,0.0,0.0,male,False,False,CA,SEA,930,2,370.65,969.06,Engaged,Family Perk
u_103440,20,8,3,2,174.33,240.97,2.5,female,True,False,AU,MIA,396,20,415.3,457.53,Frequent,Hotel Discount
u_103441,39,4,4,1,602.51,355.79,1.8,male,False,True,US,SFO,554,39,958.3,688.83,Frequent,Loyalty Perk
u_103442,24,3,2,0,479.51,295.06,3.1,female,True,False,US,ORD,864,24,774.57,965.46,Frequent,Family Perk
u_103443,42,1,2,3,788.78,248.86,5.0,female,True,True,US,LGA,192,42,1037.64,337.76,Frequent,Flight Discount
u_103444,1,1,1,3,469.36,97.41,3.7,male,False,False,CA,BOS,1033,1,566.77,1090.68,Engaged,Loyalty Perk
u_103445,1,1,5,3,311.06,220.61,6.5,female,False,False,US,ATL,546,1,531.67,600.17,Engaged,Loyalty Perk
u_103446,11,2,4,0,787.02,141.5,1.6,male,True,True,FR,ATL,826,11,928.52,929.85,Frequent,Flight Discount
u_103447,27,4,2,1,753.57,273.98,4.3,female,True,True,US,SEA,295,27,1027.55,424.75,Frequent,Hotel Discount
u_103448,12,6,0,0,534.63,0.0,0.0,male,True,False,GB,MIA,777,12,534.63,842.46,Frequent,Loyalty Perk
u_103449,1,0,2,1,0.0,209.62,1.9,male,True,True,US,ORD,843,1,209.62,864.96,Engaged,Loyalty Perk
u_103450,1,7,0,0,887.74,0.0,0.0,female,True,True,US,ORD,1140,1,887.74,1229.77,Engaged,Other
u_103451,30,6,5,3,217.21,178.2,1.4,female,True,True,US,ATL,168,30,395.41,237.54,Frequent,Flight Discount
u_103452,9,2,6,2,776.08,376.26,5.0,male,False,True,US,SEA,867,9,1152.34,991.23,Engaged,Other
u_103453,36,8,3,2,584.93,172.9,1.5,male,False,True,AU,ORD,318,36,757.83,429.78,Frequent,Hotel Discount
u_103454,33,5,3,1,811.63,277.31,2.6,male,True,False,GB,BOS,471,33,1088.94,612.89,Frequent,New User Perk
u_103455,21,8,3,2,250.52,294.37,1.9,male,False,True,US,SFO,868,21,544.89,943.49,Frequent,Loyalty Perk
u_103456,37,5,5,1,614.71,115.49,4.6,male,False,True,AU,SEA,1070,37,730.2,1180.02,Frequent,Flight Discount
u_103457,6,1,4,0,468.03,106.61,2.7,male,False,False,CA,BOS,1086,6,574.64,1149.46,Engaged,Loyalty Perk
u_103458,37,2,3,1,533.15,322.95,6.8,female,False,False,US,LGA,739,37,856.1,861.61,Frequent,Hotel Discount
u_103459,36,0,2,3,0.0,330.76,1.5,male,False,True,US,LGA,1049,36,330.76,1118.08,Frequent,New User Perk
u_103460,43,2,2,2,895.46,366.62,5.6,male,False,False,GB,LAX,893,43,1262.08,1062.21,Frequent,Hotel Discount
u_103461,22,8,0,1,719.93,0.0,0.0,female,False,True,US,JFK,808,22,719.93,901.99,Frequent,Loyalty Perk
u_103462,44,0,0,1,0.0,0.0,0.0,female,True,False,CA,SEA,736,44,0.0,780.0,Frequent,Other
u_103463,45,4,6,3,121.51,378.56,5.9,male,False,False,US,DFW,998,45,500.07,1093.01,Frequent,Flight Discount
u_103464,30,6,1,0,854.02,236.0,3.0,male,False,False,DE,DFW,300,30,1090.02,439.0,Frequent,Loyalty Perk
u_103465,16,4,5,3,332.06,319.61,1.5,male,True,True,US,MIA,59,16,651.67,140.17,Frequent,Loyalty Perk
u_103466,1,5,6,3,798.02,209.84,2.3,male,True,True,US,ORD,916,1,1007.86,1017.79,Engaged,Other
u_103467,24,5,2,1,352.13,194.77,2.9,male,False,False,GB,SEA,816,24,546.9,894.69,Frequent,Other
u_103468,33,7,4,1,619.43,158.46,6.8,female,True,False,AU,DFW,998,33,777.89,1108.79,Frequent,Other
u_103469,23,4,3,2,359.27,137.26,2.7,male,True,True,US,SFO,1073,23,496.53,1145.65,Frequent,Flight Discount
u_103470,19,1,5,2,384.94,165.13,5.5,female,False,False,DE,LGA,464,19,550.07,538.01,Frequent,Family Perk
u_103471,5,8,0,3,611.63,0.0,0.0,female,True,False,GB,JFK,435,5,611.63,501.16,Engaged,New User Perk
u_103472,18,2,1,0,625.44,136.15,6.6,female,False,False,GB,ATL,340,18,761.59,434.16,Frequent,Loyalty Perk
u_103473,1,1,5,3,442.02,324.32,2.8,female,False,True,US,BOS,426,1,766.34,503.63,Engaged,Hotel Discount
u_103474,7,4,1,3,550.22,144.96,2.5,female,True,False,US,SEA,450,7,695.18,526.52,Engaged,Family Perk
u_103475,38,3,5,3,146.83,271.15,1.5,female,False,False,FR,BOS,1108,38,417.98,1187.8,Frequent,Other
u_103476,44,0,4,2,0.0,116.17,5.7,female,False,False,GB,BOS,878,44,116.17,933.62,Frequent,Loyalty Perk
u_103477,21,3,5,0,190.02,196.97,3.2,male,True,False,US,LGA,1033,21,386.99,1092.7,Frequent,Loyalty Perk
u_103478,29,6,4,2,386.95,354.84,1.6,male,False,False,GB,BOS,379,29,741.79,482.18,Frequent,Hotel Discount
u_103479,16,7,6,1,169.54,232.08,5.1,male,True,True,DE,BOS,743,16,401.62,799.16,Frequent,Family Perk
u_103480,21,2,1,1,744.94,292.56,1.3,female,True,True,US,DFW,400,21,1037.5,524.75,Frequent,Loyalty Perk
u_103481,12,7,2,1,353.01,368.64,2.7,female,False,True,US,MIA,287,12,721.65,371.16,Frequent,Hotel Discount
u_103482,10,3,0,3,290.28,0.0,0.0,female,True,True,DE,LGA,98,10,290.28,137.03,Frequent,Loyalty Perk
u_103483,25,3,6,2,304.51,122.67,5.1,male,True,False,US,SEA,34,25,427.18,101.72,Frequent,Flight Discount
u_103484,18,1,5,3,603.42,257.35,4.3,female,True,True,GB,MIA,1044,18,860.77,1148.08,Frequent,Hotel Discount
u_103485,6,4,5,1,856.63,349.06,1.6,male,False,True,US,SFO,297,6,1205.69,423.57,Engaged,Flight Discount
u_103486,35,5,1,3,122.06,359.27,1.9,female,False,True,CA,DFW,533,35,481.33,616.13,Frequent,Loyalty Perk
u_103487,21,5,6,1,117.28,191.96,1.5,female,True,True,CA,LGA,267,21,309.24,318.92,Frequent,Family Perk
u_103488,39,2,3,2,773.43,107.8,2.6,male,True,False,GB,BOS,1067,39,881.23,1194.12,Frequent,Other
u_103489,24,5,3,1,497.48,256.52,1.4,female,False,True,US,SFO,345,24,754.0,444.4,Frequent,Loyalty Perk
u_103490,38,8,0,0,796.87,0.0,0.0,male,False,False,FR,MIA,766,38,796.87,883.69,Frequent,Loyalty Perk
u_103491,9,6,5,3,80.79,285.83,1.1,male,True,True,DE,ATL,545,9,366.62,590.66,Engaged,Loyalty Perk
u_103492,1,5,3,3,364.55,163.13,4.6,female,True,True,DE,SFO,109,1,527.68,162.77,Engaged,Loyalty Perk
u_103493,13,2,2,1,114.55,134.08,1.4,female,False,False,US,LAX,519,13,248.63,556.86,Frequent,Loyalty Perk
u_103494,16,6,6,1,358.7,77.49,5.0,male,True,False,DE,JFK,216,16,436.19,275.62,Frequent,Loyalty Perk
u_103495,7,2,6,1,257.36,243.82,5.1,male,True,True,FR,MIA,277,7,501.18,334.12,Engaged,Other
u_103496,10,4,5,1,220.06,133.95,1.9,male,False,False,CA,LAX,299,10,354.01,344.4,Frequent,Hotel Discount
u_103497,9,7,4,1,526.55,285.23,2.6,male,True,True,US,ORD,512,9,811.78,602.18,Engaged,New User Perk
u_103498,11,5,3,0,601.7,219.64,3.5,female,True,True,GB,ORD,604,11,821.34,697.13,Frequent,Family Perk
u_103499,4,8,6,3,455.87,376.88,2.3,female,False,False,AU,DFW,171,4,832.75,258.28,Engaged,Other
u_103500,39,0,3,1,0.0,363.64,2.4,male,True,True,DE,LGA,142,39,363.64,217.36,Frequent,Other
u_103501,11,6,0,3,691.63,0.0,0.0,male,True,False,AU,SEA,435,11,691.63,515.16,Frequent,Flight Discount
u_103502,31,7,6,3,240.3,304.2,2.1,male,False,False,FR,ATL,645,31,544.5,730.45,Frequent,Family Perk
u_103503,39,2,1,1,893.12,381.15,6.1,male,True,False,AU,LAX,433,39,1274.27,599.43,Frequent,Hotel Discount
u_103504,14,5,4,0,395.52,219.87,1.2,male,True,False,US,LAX,626,14,615.39,701.54,Frequent,Loyalty Perk
u_103505,11,4,2,1,232.13,395.57,2.5,male,True,False,CA,JFK,787,11,627.7,860.77,Frequent,Other
u_103506,18,6,1,1,241.23,384.06,2.7,male,True,True,GB,LGA,751,18,625.29,831.53,Frequent,Family Perk
u_103507,33,5,6,0,679.72,332.32,4.7,female,True,True,FR,SEA,727,33,1012.04,861.2,Frequent,Other
u_103508,24,5,0,1,363.2,0.0,0.0,male,False,False,FR,SEA,1006,24,363.2,1066.32,Frequent,Hotel Discount
u_103509,1,8,3,0,537.19,261.05,2.8,male,True,True,US,SEA,640,1,798.24,720.82,Engaged,Flight Discount
u_103510,40,1,2,1,686.76,383.95,3.3,female,False,False,GB,LAX,773,40,1070.71,920.07,Frequent,Family Perk
u_103511,12,5,6,1,635.54,179.14,5.8,female,True,True,DE,LGA,571,12,814.68,664.47,Frequent,Flight Discount
u_103512,27,2,5,2,882.33,99.99,5.0,male,True,True,GB,SFO,942,27,982.32,1067.23,Frequent,Other
u_103513,26,4,3,0,283.65,198.5,2.6,male,False,True,GB,ATL,621,26,482.15,695.21,Frequent,Family Perk
u_103514,21,4,6,1,194.99,192.79,1.4,female,True,True,US,MIA,481,21,387.78,540.78,Frequent,Other
u_103515,10,4,1,0,115.27,72.74,5.1,male,True,False,US,SFO,872,10,188.01,900.8,Frequent,Hotel Discount
u_103516,11,5,1,3,306.02,205.48,3.6,male,False,True,US,LAX,979,11,511.5,1041.15,Frequent,Loyalty Perk
u_103517,33,6,5,1,110.35,393.93,5.4,female,False,False,CA,LAX,972,33,504.28,1055.43,Frequent,Flight Discount
u_103518,19,4,4,0,384.97,262.1,2.8,male,True,True,US,LAX,293,19,647.07,376.71,Frequent,Loyalty Perk
u_103519,17,1,6,0,619.47,322.75,1.4,female,False,True,US,DFW,377,17,942.22,488.22,Frequent,Flight Discount
u_103520,37,3,0,3,317.11,0.0,0.0,male,False,True,US,DFW,572,37,317.11,640.71,Frequent,Loyalty Perk
u_103521,44,3,0,0,736.59,0.0,0.0,male,True,False,US,DFW,788,44,736.59,905.66,Frequent,Flight Discount
u_103522,30,8,2,0,397.37,55.4,3.6,male,True,False,FR,BOS,762,30,452.77,837.28,Frequent,New User Perk
u_103523,23,1,2,3,97.24,172.91,2.6,female,True,False,FR,ORD,299,23,270.15,349.01,Frequent,Loyalty Perk
u_103524,15,8,3,0,165.87,167.23,1.7,female,True,True,US,SFO,919,15,333.1,967.31,Frequent,Other
u_103525,40,3,2,0,109.32,86.76,6.1,female,True,False,US,SFO,696,40,196.08,755.61,Frequent,Flight Discount
u_103526,14,1,6,0,487.36,224.74,1.4,female,False,True,GB,SFO,328,14,712.1,413.21,Frequent,Flight Discount
u_103527,21,2,2,0,530.01,202.93,5.7,male,False,True,FR,DFW,907,21,732.94,1001.29,Frequent,Flight Discount
u_103528,3,1,5,0,836.66,253.81,4.9,male,False,True,US,MIA,516,3,1090.47,628.05,Engaged,Loyalty Perk
u_103529,40,8,0,1,764.4,0.0,0.0,male,False,True,US,ATL,955,40,764.4,1071.44,Frequent,New User Perk
u_103530,29,4,5,0,355.05,256.9,6.4,male,True,True,FR,BOS,337,29,611.95,427.2,Frequent,Other
u_103531,10,6,3,2,608.72,217.72,4.2,female,True,False,GB,LGA,917,10,826.44,1009.64,Frequent,New User Perk
u_103532,6,0,2,0,0.0,383.27,2.0,female,False,False,FR,JFK,307,6,383.27,351.33,Engaged,Loyalty Perk
u_103533,28,7,3,3,586.38,131.75,3.3,female,True,False,US,LGA,969,28,718.13,1068.81,Frequent,Loyalty Perk
u_103534,17,0,4,1,0.0,271.57,1.5,male,False,True,FR,LAX,478,17,271.57,522.16,Frequent,Loyalty Perk
u_103535,36,2,5,1,728.99,184.87,6.0,male,False,False,US,LGA,823,36,913.86,950.39,Frequent,Hotel Discount
u_103536,21,1,5,1,392.71,344.93,3.4,male,True,False,US,ATL,1181,21,737.64,1275.76,Frequent,Loyalty Perk
u_103537,36,4,0,1,592.32,0.0,0.0,female,False,True,US,LGA,1193,36,592.32,1288.23,Frequent,Other
u_103538,2,8,3,1,808.15,122.37,5.9,female,False,False,US,MIA,739,2,930.52,834.05,Engaged,Hotel Discount
u_103539,22,5,0,0,611.86,0.0,0.0,female,False,False,AU,LGA,725,22,611.86,808.19,Frequent,Flight Discount
u_103540,41,2,2,0,647.31,256.69,4.0,male,True,True,US,MIA,103,41,904.0,234.4,Frequent,Other
u_103541,38,4,6,0,772.26,141.44,3.5,female,False,False,CA,JFK,833,38,913.7,962.37,Frequent,Family Perk
u_103542,6,1,6,0,688.42,365.04,4.7,male,True,True,DE,MIA,1128,6,1053.46,1239.35,Engaged,Flight Discount
u_103543,6,7,3,2,542.06,384.48,1.6,female,False,True,US,LAX,273,6,926.54,371.65,Engaged,Hotel Discount
u_103544,45,0,2,1,0.0,339.0,3.0,female,False,False,GB,LGA,437,45,339.0,515.9,Frequent,New User Perk
u_103545,12,5,0,1,755.06,0.0,0.0,male,False,False,GB,LAX,836,12,755.06,923.51,Frequent,New User Perk
u_103546,19,8,3,3,777.27,358.87,3.8,male,True,True,AU,SEA,782,19,1136.14,914.61,Frequent,Flight Discount
u_103547,43,7,2,1,570.73,97.82,1.0,female,True,False,US,DFW,244,43,668.55,353.85,Frequent,Other
u_103548,35,1,6,0,174.85,137.18,1.9,female,True,True,US,SEA,41,35,312.03,107.2,Frequent,Flight Discount
u_103549,39,0,4,3,0.0,171.62,5.2,male,False,True,AU,LGA,1125,39,171.62,1181.16,Frequent,Loyalty Perk
u_103550,37,0,3,3,0.0,141.26,2.6,female,True,False,AU,JFK,128,37,141.26,179.13,Frequent,New User Perk
u_103551,9,2,3,3,188.43,86.63,3.0,female,False,True,AU,LAX,107,9,275.06,143.51,Engaged,Hotel Discount
u_103552,27,5,5,2,559.47,365.99,5.2,female,True,True,FR,DFW,679,27,925.46,798.55,Frequent,Flight Discount
u_103553,29,4,2,1,799.0,387.19,4.2,female,False,True,US,ATL,390,29,1186.19,537.62,Frequent,Family Perk
u_103554,20,4,1,1,629.09,318.89,6.4,female,False,False,US,DFW,803,20,947.98,917.8,Frequent,Hotel Discount
u_103555,15,7,4,2,443.09,313.81,1.6,male,True,False,DE,SFO,476,15,756.9,566.69,Frequent,New User Perk
u_103556,38,2,5,3,520.52,328.66,1.9,male,True,True,US,DFW,445,38,849.18,567.92,Frequent,Loyalty Perk
u_103557,28,7,3,0,752.9,375.98,3.5,male,False,True,US,JFK,211,28,1128.88,351.89,Frequent,Hotel Discount
u_103558,20,2,5,2,774.98,176.19,1.8,female,False,False,FR,LAX,477,20,951.17,592.12,Frequent,Flight Discount
u_103559,41,5,0,1,802.64,0.0,0.0,female,False,True,CA,DFW,1157,41,802.64,1278.26,Frequent,Loyalty Perk
u_103560,2,8,0,2,321.26,0.0,0.0,male,False,False,AU,ATL,1117,2,321.26,1151.13,Engaged,Family Perk
u_103561,12,8,5,1,789.95,170.59,6.6,male,True,False,GB,ORD,75,12,960.54,183.05,Frequent,Family Perk
u_103562,45,7,4,3,853.93,76.5,1.4,female,True,True,CA,BOS,492,45,930.43,630.04,Frequent,Loyalty Perk
u_103563,39,8,1,2,364.59,313.75,4.0,male,False,False,US,LAX,438,39,678.34,544.83,Frequent,Other
u_103564,23,0,3,2,0.0,127.83,6.1,male,False,False,CA,LAX,123,23,127.83,158.78,Frequent,New User Perk
u_103565,28,7,3,2,353.92,62.1,2.9,female,True,True,DE,BOS,682,28,416.02,751.6,Frequent,Other
u_103566,14,3,3,0,300.68,390.23,3.8,female,True,True,AU,SEA,203,14,690.91,286.09,Frequent,Loyalty Perk
u_103567,21,6,3,0,605.84,227.91,5.6,male,False,True,US,ATL,350,21,833.75,454.38,Frequent,Other
u_103568,22,1,3,1,650.22,288.42,5.5,female,True,False,CA,BOS,1000,22,938.64,1115.86,Frequent,Other
u_103569,6,7,5,2,708.03,258.41,2.8,female,True,False,AU,LGA,153,6,966.44,255.64,Engaged,Hotel Discount
u_103570,44,5,4,3,759.77,206.14,2.5,male,False,False,FR,ORD,1170,44,965.91,1310.59,Frequent,Flight Discount
u_103571,9,3,2,3,704.76,149.09,1.7,female,False,False,CA,LGA,425,9,853.85,519.39,Engaged,Loyalty Perk
u_103572,42,6,2,1,547.46,369.58,3.3,male,True,True,AU,SFO,771,42,917.04,904.7,Frequent,Loyalty Perk
u_103573,1,3,6,2,559.0,389.03,5.5,female,False,False,GB,DFW,535,1,948.03,630.8,Engaged,Family Perk
u_103574,43,4,5,1,228.59,67.18,4.5,female,False,False,US,MIA,927,43,295.77,999.58,Frequent,Loyalty Perk
u_103575,33,3,4,0,135.81,246.77,4.9,female,False,False,AU,SFO,818,33,382.58,889.26,Frequent,Flight Discount
u_103576,33,8,2,1,790.24,231.81,1.4,male,False,True,CA,ORD,753,33,1022.05,888.2,Frequent,New User Perk
u_103577,9,7,5,1,530.27,158.76,6.2,male,False,False,US,LGA,391,9,689.03,468.9,Engaged,New User Perk
u_103578,20,6,4,3,656.14,361.46,4.7,male,True,False,FR,LGA,1172,20,1017.6,1293.76,Frequent,New User Perk
u_103579,43,2,3,1,332.02,331.83,1.6,male,False,False,US,DFW,748,43,663.85,857.39,Frequent,Loyalty Perk
u_103580,22,6,0,3,208.63,0.0,0.0,female,True,False,FR,JFK,1031,22,208.63,1073.86,Frequent,Family Perk
u_103581,13,1,2,0,652.93,393.48,6.4,female,True,True,FR,SEA,1195,13,1046.41,1312.64,Frequent,Hotel Discount
u_103582,28,2,2,3,586.21,240.94,5.3,male,False,False,AU,JFK,913,28,827.15,1023.72,Frequent,Loyalty Perk
u_103583,12,4,3,1,183.29,222.91,4.9,female,True,True,FR,LAX,1160,12,406.2,1212.62,Frequent,Loyalty Perk
u_103584,6,4,4,2,457.41,99.33,3.7,male,False,True,AU,SEA,788,6,556.74,849.67,Engaged,Family Perk
u_103585,2,3,2,0,262.62,204.52,2.5,male,False,True,FR,LGA,581,2,467.14,629.71,Engaged,Loyalty Perk
u_103586,21,8,1,1,857.88,245.08,6.0,female,False,True,US,SFO,712,21,1102.96,843.3,Frequent,Flight Discount
u_103587,30,7,5,3,879.62,262.0,6.0,male,True,False,US,MIA,269,30,1141.62,413.16,Frequent,Flight Discount
u_103588,13,3,3,2,212.31,162.84,1.0,female,False,False,US,BOS,486,13,375.15,536.52,Frequent,Hotel Discount
u_103589,7,2,2,2,652.45,207.9,5.6,male,True,True,US,LGA,171,7,860.35,264.03,Engaged,Other
u_103590,7,7,0,2,431.45,0.0,0.0,female,False,False,US,ORD,287,7,431.45,337.14,Engaged,Hotel Discount
u_103591,14,5,2,2,398.45,370.05,2.2,male,True,True,US,DFW,841,14,768.5,931.85,Frequent,Family Perk
u_103592,41,4,5,2,669.87,364.21,4.0,male,False,False,US,MIA,269,41,1034.08,413.41,Frequent,Other
u_103593,13,2,5,0,389.15,298.4,1.1,female,True,True,AU,SEA,317,13,687.55,398.75,Frequent,Flight Discount
u_103594,40,2,2,3,295.37,124.37,5.6,female,True,True,US,JFK,728,40,419.74,809.97,Frequent,Other
u_103595,31,2,6,0,157.41,375.87,2.3,female,True,True,US,BOS,339,31,533.28,423.33,Frequent,Flight Discount
u_103596,43,5,4,2,850.99,221.52,3.6,male,True,True,GB,LGA,920,43,1072.51,1070.25,Frequent,Loyalty Perk
u_103597,20,0,0,2,0.0,0.0,0.0,male,False,True,US,LGA,583,20,0.0,603.0,Frequent,Loyalty Perk
u_103598,14,3,3,0,830.89,222.76,2.2,male,True,True,US,DFW,239,14,1053.65,358.37,Frequent,Other
u_103599,22,2,4,0,702.03,215.89,5.4,male,True,False,CA,ATL,250,22,917.92,363.79,Frequent,New User Perk
u_103600,5,7,5,3,339.94,294.78,1.8,male,True,True,AU,DFW,784,5,634.72,852.47,Engaged,Loyalty Perk
u_103601,2,1,3,0,168.08,78.75,6.4,female,True,False,US,ATL,473,2,246.83,499.68,Engaged,Other
u_103602,39,4,2,1,617.28,363.2,4.0,female,True,False,CA,ORD,288,39,980.48,425.05,Frequent,Other
u_103603,22,3,6,0,374.23,112.67,5.6,female,True,True,GB,ORD,914,22,486.9,984.69,Frequent,Flight Discount
u_103604,17,6,2,2,344.62,393.55,1.6,female,True,False,DE,LGA,858,17,738.17,948.82,Frequent,New User Perk
u_103605,41,7,6,2,161.79,369.08,4.4,male,True,False,US,SFO,786,41,530.87,880.09,Frequent,Loyalty Perk
u_103606,5,6,6,3,488.04,290.53,4.7,male,True,True,FR,ATL,767,5,778.57,849.86,Engaged,Hotel Discount
u_103607,39,4,1,0,106.82,327.52,5.1,female,False,True,CA,ORD,1117,39,434.34,1199.43,Frequent,Flight Discount
u_103608,13,8,0,1,472.17,0.0,0.0,male,False,False,DE,BOS,468,13,472.17,528.22,Frequent,Loyalty Perk
u_103609,36,8,3,2,505.88,121.84,1.4,male,True,True,US,SFO,546,36,627.72,644.77,Frequent,Loyalty Perk
u_103610,23,1,2,0,341.92,310.27,4.3,male,True,False,US,ATL,527,23,652.19,615.22,Frequent,Loyalty Perk
u_103611,3,4,4,2,329.62,280.01,5.3,female,True,False,US,LGA,306,3,609.63,369.96,Engaged,Loyalty Perk
u_103612,11,5,2,1,653.77,184.82,2.9,female,True,True,CA,SFO,769,11,838.59,863.86,Frequent,Loyalty Perk
u_103613,35,7,0,0,827.36,0.0,0.0,female,False,True,US,ATL,149,35,827.36,266.74,Frequent,Family Perk
u_103614,17,1,3,3,169.86,83.68,6.1,male,True,False,US,ATL,1084,17,253.54,1126.35,Frequent,Loyalty Perk
u_103615,9,6,6,0,188.01,185.8,5.7,male,False,True,AU,SFO,1184,9,373.81,1230.38,Engaged,Other
u_103616,11,3,1,0,180.5,209.16,6.0,male,True,True,US,JFK,720,11,389.66,769.97,Frequent,Hotel Discount
u_103617,36,3,3,2,161.54,134.3,2.7,female,False,True,US,ORD,377,36,295.84,442.58,Frequent,Other
u_103618,13,8,5,0,361.05,264.81,1.0,male,False,False,US,SFO,583,13,625.86,658.59,Frequent,Flight Discount
u_103619,22,7,3,1,150.34,295.05,3.9,male,False,True,AU,LAX,986,22,445.39,1052.54,Frequent,Flight Discount
u_103620,30,8,5,0,385.96,167.65,4.3,male,True,False,US,SFO,761,30,553.61,846.36,Frequent,Hotel Discount
u_103621,41,5,1,1,158.74,119.39,4.3,female,True,False,CA,ORD,319,41,278.13,387.81,Frequent,Loyalty Perk
u_103622,10,1,5,3,890.97,184.39,5.6,female,True,True,US,LGA,529,10,1075.36,646.54,Frequent,Hotel Discount
u_103623,34,1,1,0,318.63,385.58,6.2,male,True,False,GB,SEA,310,34,704.21,414.42,Frequent,Loyalty Perk
u_103624,18,1,1,0,92.47,89.59,1.4,male,True,True,US,LAX,898,18,182.06,934.21,Frequent,Loyalty Perk
u_103625,30,7,4,0,870.91,179.96,5.0,female,True,True,CA,ORD,312,30,1050.87,447.09,Frequent,Hotel Discount
u_103626,4,4,4,3,407.59,377.26,3.8,female,False,True,US,MIA,1091,4,784.85,1173.48,Engaged,New User Perk
u_103627,5,1,1,2,92.64,206.74,3.6,male,False,False,AU,DFW,623,5,299.38,657.94,Engaged,Other
u_103628,13,3,4,3,494.94,380.95,3.7,female,False,True,DE,MIA,247,13,875.89,347.59,Frequent,Loyalty Perk
u_103629,41,2,1,0,158.02,100.41,6.1,female,False,False,US,SFO,1020,41,258.43,1086.84,Frequent,Loyalty Perk
u_103630,37,3,1,1,252.39,243.17,5.8,male,False,True,US,SFO,505,37,495.56,591.56,Frequent,Other
u_103631,43,7,2,2,827.2,194.66,3.9,female,True,False,AU,ATL,1028,43,1021.86,1173.19,Frequent,Hotel Discount
u_103632,32,8,3,1,276.7,71.01,2.2,female,True,True,US,SFO,270,32,347.71,336.77,Frequent,Flight Discount
u_103633,20,2,1,3,793.46,303.37,2.8,female,False,True,US,MIA,1073,20,1096.83,1202.68,Frequent,Hotel Discount
u_103634,18,7,5,3,364.05,59.03,5.0,female,False,True,DE,JFK,761,18,423.08,821.31,Frequent,Loyalty Perk
u_103635,17,4,2,0,129.57,306.65,6.0,female,True,True,DE,BOS,1072,17,436.22,1132.62,Frequent,Loyalty Perk
u_103636,39,3,3,3,430.77,68.26,2.9,male,False,False,US,SEA,843,39,499.03,931.9,Frequent,Loyalty Perk
u_103637,5,6,0,1,686.66,0.0,0.0,female,True,True,FR,BOS,932,5,686.66,1005.67,Engaged,New User Perk
u_103638,27,7,4,2,387.42,93.9,6.4,female,False,False,CA,ATL,526,27,481.32,601.13,Frequent,Loyalty Perk
u_103639,21,4,0,1,728.73,0.0,0.0,male,True,False,AU,SEA,597,21,728.73,690.87,Frequent,Loyalty Perk
u_103640,30,0,3,3,0.0,274.68,6.0,female,False,False,DE,LGA,794,30,274.68,851.47,Frequent,Loyalty Perk
u_103641,13,1,6,2,165.55,214.76,6.8,male,True,True,US,SEA,389,13,380.31,440.03,Frequent,Family Perk
u_103642,17,0,2,2,0.0,169.68,4.9,male,False,False,DE,LAX,362,17,169.68,395.97,Frequent,Flight Discount
u_103643,23,6,2,1,836.94,191.24,6.5,male,False,False,CA,BOS,582,23,1028.18,707.82,Frequent,Hotel Discount
u_103644,12,2,0,2,139.73,0.0,0.0,female,True,True,US,LGA,886,12,139.73,911.97,Frequent,Hotel Discount
u_103645,22,2,5,0,862.25,356.64,1.6,female,True,False,US,MIA,600,22,1218.89,743.89,Frequent,Hotel Discount
u_103646,29,2,2,0,125.06,133.52,2.0,female,True,False,DE,ORD,270,29,258.58,324.86,Frequent,Loyalty Perk
u_103647,24,0,3,2,0.0,64.59,6.4,female,False,True,US,LGA,825,24,64.59,855.46,Frequent,New User Perk
u_103648,9,3,3,2,555.91,142.54,1.6,male,False,False,CA,SFO,85,9,698.45,163.84,Engaged,Other
u_103649,3,4,0,3,197.9,0.0,0.0,male,True,False,DE,MIA,411,3,197.9,433.79,Engaged,New User Perk
u_103650,39,6,3,1,810.27,192.71,3.0,female,True,False,GB,JFK,911,39,1002.98,1050.3,Frequent,Flight Discount
u_103651,12,0,3,0,0.0,365.73,2.3,male,False,True,CA,LAX,122,12,365.73,170.57,Frequent,Family Perk
u_103652,30,4,4,2,828.28,248.24,5.4,female,True,True,US,BOS,1026,30,1076.52,1163.65,Frequent,Other
u_103653,26,7,5,3,863.44,366.95,5.6,male,False,True,US,SEA,1086,26,1230.39,1235.04,Frequent,Other
u_103654,12,2,1,1,378.57,387.77,1.9,male,True,True,US,SFO,983,12,766.34,1071.63,Frequent,Flight Discount
u_103655,26,3,5,1,296.44,242.59,4.7,male,False,False,FR,LGA,1154,26,539.03,1233.9,Frequent,Loyalty Perk
u_103656,7,6,5,2,346.4,158.85,3.8,male,False,True,US,MIA,537,7,505.25,594.52,Engaged,Hotel Discount
u_103657,43,6,0,3,582.38,0.0,0.0,female,True,True,US,DFW,101,43,582.38,202.24,Frequent,Hotel Discount
u_103658,28,5,2,2,147.69,311.88,5.5,female,True,True,US,ATL,573,28,459.57,646.96,Frequent,Hotel Discount
u_103659,3,5,0,1,343.54,0.0,0.0,female,True,True,AU,SEA,374,3,343.54,411.35,Engaged,Hotel Discount
u_103660,21,6,0,2,520.58,0.0,0.0,female,True,False,AU,DFW,761,21,520.58,834.06,Frequent,Hotel Discount
u_103661,16,2,6,1,632.1,219.83,1.4,male,True,False,GB,MIA,266,16,851.93,367.19,Frequent,Other
u_103662,39,2,5,3,226.41,388.64,1.5,female,False,True,US,SFO,626,39,615.05,726.5,Frequent,Flight Discount
u_103663,35,4,0,3,350.89,0.0,0.0,male,True,True,GB,ORD,1009,35,350.89,1079.09,Frequent,Other
u_103664,44,7,1,1,629.31,351.99,6.6,female,True,False,AU,SFO,1096,44,981.3,1238.13,Frequent,Other
u_103665,38,8,1,1,897.61,148.92,4.1,male,False,False,US,SEA,428,38,1046.53,570.65,Frequent,Other
u_103666,12,6,3,3,393.69,231.18,4.3,male,False,True,GB,ATL,75,12,624.87,149.49,Frequent,Loyalty Perk
u_103667,2,0,1,1,0.0,219.59,3.2,female,False,False,US,LGA,443,2,219.59,466.96,Engaged,Loyalty Perk
u_103668,10,8,0,1,813.72,0.0,0.0,male,False,False,US,ATL,956,10,813.72,1047.37,Frequent,Loyalty Perk
u_103669,19,7,6,1,489.03,249.06,4.5,female,True,True,US,SEA,324,19,738.09,416.81,Frequent,New User Perk
u_103670,27,2,4,1,677.73,316.3,6.6,female,False,False,US,SEA,1076,27,994.03,1202.4,Frequent,Loyalty Perk
u_103671,6,5,4,0,597.11,283.48,6.5,female,True,False,US,BOS,1056,6,880.59,1150.06,Engaged,Hotel Discount
u_103672,14,3,3,1,438.82,398.35,5.7,male,True,False,US,ATL,704,14,837.17,801.72,Frequent,Flight Discount
u_103673,25,7,1,1,645.39,298.81,3.9,male,False,False,CA,LAX,409,25,944.2,528.42,Frequent,Other
u_103674,21,0,6,0,0.0,187.32,6.2,male,False,False,US,LAX,414,21,187.32,453.73,Frequent,Other
u_103675,6,6,2,0,426.11,241.33,2.0,male,False,False,GB,JFK,636,6,667.44,708.74,Engaged,New User Perk
u_103676,28,6,6,0,858.46,382.63,6.0,female,True,True,US,ATL,692,28,1241.09,844.11,Frequent,Other
u_103677,44,1,4,0,254.0,363.78,5.0,female,False,False,DE,JFK,958,44,617.78,1063.78,Frequent,Other
u_103678,24,0,6,3,0.0,378.04,3.6,male,True,False,AU,SFO,1071,24,378.04,1132.8,Frequent,Flight Discount
u_103679,23,1,4,3,898.51,194.36,3.7,male,False,False,AU,SFO,155,23,1092.87,287.29,Frequent,Family Perk
u_103680,37,5,5,0,774.99,132.07,5.0,male,True,False,CA,DFW,580,37,907.06,707.71,Frequent,New User Perk
u_103681,10,6,1,0,487.91,214.28,2.6,female,True,False,US,MIA,589,10,702.19,669.22,Frequent,Hotel Discount
u_103682,42,1,6,3,237.28,229.62,5.0,male,True,True,CA,LAX,87,42,466.9,175.69,Frequent,Flight Discount
u_103683,21,1,0,1,564.56,0.0,0.0,female,False,True,US,SEA,778,21,564.56,855.46,Frequent,Other
u_103684,31,1,0,2,337.54,0.0,0.0,female,True,True,US,LAX,690,31,337.54,754.75,Frequent,Loyalty Perk
u_103685,15,1,5,3,869.69,261.91,6.8,male,False,False,US,DFW,162,15,1131.6,290.16,Frequent,Flight Discount
u_103686,29,1,5,2,794.74,352.87,2.3,female,True,True,GB,DFW,1066,29,1147.61,1209.76,Frequent,Other
u_103687,27,8,4,1,645.26,101.49,3.4,male,False,False,US,SEA,1134,27,746.75,1235.67,Frequent,Other
u_103688,20,5,3,0,632.91,196.17,6.7,female,False,True,US,BOS,234,20,829.08,336.91,Frequent,Flight Discount
u_103689,39,3,0,2,344.24,0.0,0.0,male,False,True,GB,DFW,886,39,344.24,959.42,Frequent,New User Perk
u_103690,27,7,5,2,775.94,78.61,1.6,male,True,False,US,ORD,52,27,854.55,164.45,Frequent,Family Perk
u_103691,43,3,3,3,144.15,224.35,2.6,male,True,False,US,SEA,38,43,368.5,117.85,Frequent,Hotel Discount
u_103692,30,8,6,2,782.14,282.07,3.3,female,True,True,US,JFK,953,30,1064.21,1089.42,Frequent,Family Perk
u_103693,6,8,3,1,582.54,72.81,5.5,female,False,True,US,DFW,246,6,655.35,317.53,Engaged,Flight Discount
u_103694,45,4,3,2,91.7,322.7,1.7,female,False,False,FR,MIA,324,45,414.4,410.44,Frequent,Loyalty Perk
u_103695,21,0,2,3,0.0,343.27,3.6,female,True,True,DE,SFO,634,21,343.27,689.33,Frequent,Loyalty Perk
u_103696,25,7,2,2,363.47,196.36,4.5,female,True,True,DE,LAX,147,25,559.83,227.98,Frequent,Loyalty Perk
u_103697,40,5,3,1,415.12,305.93,2.3,male,False,True,GB,LGA,706,40,721.05,818.1,Frequent,Loyalty Perk
u_103698,10,6,3,1,813.11,350.87,2.2,male,True,True,US,ORD,765,10,1163.98,891.4,Frequent,Loyalty Perk
u_103699,16,8,2,3,656.96,280.13,1.9,female,True,False,DE,MIA,714,16,937.09,823.71,Frequent,Loyalty Perk
u_103700,27,6,1,3,159.5,211.51,1.7,female,True,False,AU,ORD,925,27,371.01,989.1,Frequent,Loyalty Perk
u_103701,39,4,2,0,428.49,248.84,4.7,male,False,False,GB,ORD,1059,39,677.33,1165.73,Frequent,Family Perk
u_103702,39,7,5,1,506.82,163.84,4.8,male,False,False,US,LGA,278,39,670.66,384.07,Frequent,New User Perk
u_103703,37,1,2,1,826.75,174.68,2.9,male,False,True,US,DFW,97,37,1001.43,234.14,Frequent,Family Perk
u_103704,36,5,3,2,107.06,57.91,5.7,female,False,True,CA,LAX,355,36,164.97,407.5,Frequent,Loyalty Perk
u_103705,17,7,3,3,845.81,329.96,2.4,female,False,True,US,SFO,957,17,1175.77,1091.58,Frequent,New User Perk
u_103706,38,0,3,2,0.0,318.29,6.8,female,False,False,US,LGA,231,38,318.29,300.83,Frequent,New User Perk
u_103707,18,6,0,2,675.64,0.0,0.0,female,True,False,US,ORD,586,18,675.64,671.56,Frequent,Loyalty Perk
u_103708,37,2,1,0,561.78,338.02,1.5,male,False,True,FR,LAX,461,37,899.8,587.98,Frequent,Flight Discount
u_103709,6,4,3,2,820.36,340.14,3.7,male,True,False,US,JFK,142,6,1160.5,264.05,Engaged,Loyalty Perk
u_103710,33,3,5,0,287.01,386.06,4.0,female,False,True,US,SEA,1013,33,673.07,1113.31,Frequent,Loyalty Perk
u_103711,19,2,6,3,270.15,123.76,6.7,female,False,False,FR,DFW,1172,19,393.91,1230.39,Frequent,Loyalty Perk
u_103712,3,3,5,2,540.39,327.19,4.4,female,False,False,US,ATL,633,3,867.58,722.76,Engaged,Loyalty Perk
u_103713,43,4,5,2,739.73,64.36,3.2,male,True,False,US,MIA,1189,43,804.09,1312.41,Frequent,Flight Discount
u_103714,14,4,5,1,846.94,298.04,1.3,female,True,False,DE,ORD,959,14,1144.98,1087.5,Frequent,Hotel Discount
u_103715,43,0,3,1,0.0,249.14,6.8,male,True,True,US,MIA,167,43,249.14,234.91,Frequent,Flight Discount
u_103716,35,0,1,1,0.0,371.44,4.3,female,False,True,US,LGA,847,35,371.44,919.14,Frequent,Loyalty Perk
u_103717,39,5,1,2,426.93,144.65,1.4,female,True,True,GB,SEA,172,39,571.58,268.16,Frequent,Other
u_103718,34,6,1,3,213.28,332.54,5.0,male,False,False,DE,LAX,504,34,545.82,592.58,Frequent,Loyalty Perk
u_103719,31,5,4,0,294.3,53.51,1.3,female,True,True,US,JFK,78,31,347.81,143.78,Frequent,Loyalty Perk
u_103720,40,3,4,2,273.16,382.77,5.7,female,False,True,FR,MIA,213,40,655.93,318.59,Frequent,Loyalty Perk
u_103721,12,7,3,2,752.43,381.81,2.8,female,True,True,US,BOS,137,12,1134.24,262.42,Frequent,Flight Discount
u_103722,37,2,1,2,529.23,303.59,5.4,female,False,False,FR,ATL,85,37,832.82,205.28,Frequent,Other
u_103723,36,4,3,1,83.21,144.86,3.2,male,False,False,CA,DFW,1155,36,228.07,1213.81,Frequent,Flight Discount
u_103724,7,7,3,2,584.58,69.13,3.1,female,True,True,US,LAX,544,7,653.71,616.37,Engaged,Other
u_103725,1,4,0,0,268.23,0.0,0.0,male,True,True,US,LAX,1026,1,268.23,1053.82,Engaged,New User Perk
u_103726,39,5,6,3,347.92,175.02,6.8,male,True,True,DE,LAX,348,39,522.94,439.29,Frequent,Flight Discount
u_103727,28,3,1,0,733.34,105.43,1.6,female,True,True,DE,ATL,822,28,838.77,933.88,Frequent,Family Perk
u_103728,27,2,0,1,255.55,0.0,0.0,male,True,True,DE,DFW,776,27,255.55,828.55,Frequent,Family Perk
u_103729,26,2,0,1,570.3,0.0,0.0,female,True,False,AU,SFO,697,26,570.3,780.03,Frequent,Loyalty Perk
u_103730,32,5,1,3,430.63,118.59,3.7,male,False,False,US,DFW,1167,32,549.22,1253.92,Frequent,Other
u_103731,23,8,3,2,896.02,202.94,4.5,male,False,False,CA,BOS,692,23,1098.96,824.9,Frequent,Other
u_103732,27,5,6,0,404.98,259.68,5.6,female,True,False,US,BOS,876,27,664.66,969.47,Frequent,Loyalty Perk
u_103733,42,0,2,1,0.0,355.73,6.1,female,True,True,GB,ATL,875,42,355.73,952.57,Frequent,Other
u_103734,25,7,4,2,118.04,305.32,1.3,male,False,True,AU,DFW,643,25,423.36,710.34,Frequent,Loyalty Perk
u_103735,12,8,2,0,667.14,85.77,1.9,female,True,False,US,BOS,981,12,752.91,1068.29,Frequent,Loyalty Perk
u_103736,12,1,1,1,540.08,111.1,5.9,male,True,True,US,SFO,606,12,651.18,683.12,Frequent,Family Perk
u_103737,21,1,6,2,499.43,142.24,6.1,female,True,False,AU,ORD,217,21,641.67,302.17,Frequent,Hotel Discount
u_103738,36,3,5,2,263.36,271.22,6.2,male,True,False,CA,SFO,708,36,534.58,797.46,Frequent,Hotel Discount
u_103739,23,5,1,1,531.1,215.72,5.1,female,True,False,GB,ORD,192,23,746.82,289.68,Frequent,Loyalty Perk
u_103740,32,4,6,3,284.53,72.14,1.5,male,True,True,FR,JFK,896,32,356.67,963.67,Frequent,Flight Discount
u_103741,43,0,2,2,0.0,261.81,3.3,female,True,True,US,SFO,238,43,261.81,307.18,Frequent,Hotel Discount
u_103742,40,7,2,1,294.61,285.34,2.7,female,False,True,US,SFO,588,40,579.95,686.0,Frequent,Loyalty Perk
u_103743,19,1,4,1,527.18,374.18,3.4,male,False,True,US,BOS,585,19,901.36,694.14,Frequent,Flight Discount
u_103744,3,5,2,0,354.37,360.41,4.6,female,False,True,GB,SFO,449,3,714.78,523.48,Engaged,Loyalty Perk
u_103745,25,0,6,3,0.0,82.44,5.0,female,False,True,DE,ATL,594,25,82.44,627.24,Frequent,Loyalty Perk
u_103746,36,3,3,2,882.18,324.69,4.5,female,True,True,FR,DFW,776,36,1206.87,932.69,Frequent,Flight Discount
u_103747,38,2,1,3,571.22,279.7,5.9,male,False,False,US,MIA,825,38,850.92,948.09,Frequent,Loyalty Perk
u_103748,42,2,3,3,182.02,53.77,5.3,female,True,False,US,BOS,755,42,235.79,820.58,Frequent,Loyalty Perk
u_103749,25,1,2,3,248.51,141.32,2.6,male,True,False,GB,ATL,428,25,389.83,491.98,Frequent,Other
u_103750,37,8,5,2,565.65,79.76,5.4,female,True,True,DE,SFO,999,37,645.41,1100.54,Frequent,Loyalty Perk
u_103751,6,1,0,1,271.59,0.0,0.0,female,True,True,FR,BOS,999,6,271.59,1032.16,Engaged,Other
u_103752,16,2,2,0,596.19,204.76,5.0,male,True,True,US,DFW,231,16,800.95,327.09,Frequent,Loyalty Perk
u_103753,32,0,6,0,0.0,117.19,6.7,female,False,True,US,BOS,383,32,117.19,426.72,Frequent,Flight Discount
u_103754,34,4,5,1,786.45,89.28,3.9,male,True,True,CA,DFW,1180,34,875.73,1301.57,Frequent,New User Perk
u_103755,19,2,5,2,893.14,256.92,1.1,female,False,False,US,LGA,411,19,1150.06,545.01,Frequent,Flight Discount
u_103756,3,1,4,1,778.52,324.84,2.4,male,True,False,US,SEA,1038,3,1103.36,1151.34,Engaged,Loyalty Perk
u_103757,22,7,4,1,352.32,332.4,1.5,male,False,True,US,LGA,487,22,684.72,577.47,Frequent,Loyalty Perk
u_103758,11,2,0,0,595.1,0.0,0.0,female,True,True,AU,BOS,715,11,595.1,785.51,Frequent,Hotel Discount
u_103759,12,1,0,3,861.52,0.0,0.0,female,False,False,CA,MIA,47,12,861.52,145.15,Frequent,Other
u_103760,7,2,2,0,454.79,321.26,3.3,female,True,True,FR,LAX,612,7,776.05,696.6,Engaged,Loyalty Perk
u_103761,9,1,6,1,808.68,166.44,4.8,female,True,False,US,ATL,235,9,975.12,341.51,Engaged,Loyalty Perk
u_103762,21,0,4,1,0.0,336.95,1.5,female,False,False,FR,ATL,1108,21,336.95,1162.7,Frequent,Flight Discount
u_103763,29,2,2,2,462.28,101.35,6.4,female,False,False,CA,ATL,142,29,563.63,227.36,Frequent,Hotel Discount
u_103764,24,6,1,2,561.18,379.46,5.9,female,False,True,US,SEA,696,24,940.64,814.06,Frequent,Hotel Discount
u_103765,45,5,3,2,503.79,329.37,5.4,female,False,False,CA,MIA,357,45,833.16,485.32,Frequent,Flight Discount
u_103766,36,3,0,2,275.35,0.0,0.0,female,False,False,GB,LGA,198,36,275.35,261.54,Frequent,Hotel Discount
u_103767,7,3,6,3,656.38,266.11,4.0,female,True,True,US,ATL,563,7,922.49,662.25,Engaged,Loyalty Perk
u_103768,29,1,2,2,765.4,107.13,1.7,male,False,False,DE,LAX,679,29,872.53,795.25,Frequent,Loyalty Perk
u_103769,12,4,3,1,227.95,391.13,6.1,male,True,True,CA,JFK,329,12,619.08,402.91,Frequent,Other
u_103770,31,0,5,0,0.0,349.56,2.4,female,True,False,GB,ORD,510,31,349.56,575.96,Frequent,Flight Discount
u_103771,11,1,0,2,831.17,0.0,0.0,female,False,True,US,SFO,417,11,831.17,511.12,Frequent,Loyalty Perk
u_103772,27,3,1,0,512.51,148.4,6.9,female,False,False,FR,LAX,786,27,660.91,879.09,Frequent,Other
u_103773,7,4,1,0,487.47,361.08,4.4,male,False,True,FR,JFK,614,7,848.55,705.85,Engaged,Other
u_103774,43,5,2,1,744.82,118.41,2.7,male,False,False,US,ORD,959,43,863.23,1088.32,Frequent,Flight Discount
u_103775,37,3,1,2,201.62,321.31,6.0,female,True,True,CA,LGA,95,37,522.93,184.29,Frequent,Loyalty Perk
u_103776,13,3,1,2,611.31,51.33,4.1,male,False,True,US,MIA,1049,13,662.64,1128.26,Frequent,Other
u_103777,16,0,3,0,0.0,363.46,1.5,male,False,False,DE,BOS,372,16,363.46,424.35,Frequent,New User Perk
u_103778,8,8,6,1,466.02,106.99,2.7,female,True,True,US,DFW,767,8,573.01,832.3,Engaged,Family Perk
u_103779,10,8,1,0,153.82,320.98,3.8,male,False,False,US,SFO,1067,10,474.8,1124.48,Frequent,Flight Discount
u_103780,7,8,0,0,385.4,0.0,0.0,male,False,False,GB,LGA,637,7,385.4,682.54,Engaged,Loyalty Perk
u_103781,8,2,1,0,398.95,168.83,3.8,male,False,False,AU,LGA,218,8,567.78,282.78,Engaged,Other
u_103782,35,5,3,2,276.11,322.55,6.9,male,True,True,AU,MIA,514,35,598.66,608.87,Frequent,Flight Discount
u_103783,5,6,1,0,839.22,87.5,4.6,female,True,False,GB,BOS,189,5,926.72,286.67,Engaged,Loyalty Perk
u_103784,22,1,0,1,568.52,0.0,0.0,male,False,True,DE,LAX,1097,22,568.52,1175.85,Frequent,Loyalty Perk
u_103785,10,3,3,0,377.6,184.26,3.7,male,True,True,US,MIA,633,10,561.86,699.19,Frequent,Other
u_103786,11,5,2,3,356.07,335.9,5.2,male,False,True,US,ATL,600,11,691.97,680.2,Frequent,Loyalty Perk
u_103787,24,5,4,0,249.17,168.41,3.1,male,True,False,US,DFW,607,24,417.58,672.76,Frequent,Loyalty Perk
u_103788,28,7,6,3,691.19,93.99,3.5,male,False,True,CA,MIA,1016,28,785.18,1122.52,Frequent,Flight Discount
u_103789,23,5,1,1,321.28,314.89,5.2,female,False,False,US,DFW,767,23,636.17,853.62,Frequent,Family Perk
u_103790,39,7,4,0,387.86,130.29,1.5,female,False,True,GB,DFW,845,39,518.15,935.81,Frequent,Loyalty Perk
u_103791,7,6,0,0,365.34,0.0,0.0,male,False,False,US,JFK,732,7,365.34,775.53,Engaged,Flight Discount
u_103792,18,2,2,0,156.58,58.02,5.4,female,True,True,US,SFO,467,18,214.6,506.46,Frequent,Hotel Discount
u_103793,34,8,1,2,512.39,311.92,6.4,female,True,False,FR,LGA,1059,34,824.31,1175.43,Frequent,Other
u_103794,41,8,3,2,707.73,207.13,4.4,male,False,False,GB,DFW,1019,41,914.86,1151.49,Frequent,Loyalty Perk
u_103795,14,6,4,1,733.76,164.32,4.1,female,False,True,US,DFW,1043,14,898.08,1146.81,Frequent,Hotel Discount
u_103796,31,2,6,2,270.71,315.78,1.6,female,True,False,FR,MIA,1115,31,586.49,1204.65,Frequent,Other
u_103797,7,3,5,1,738.84,194.45,1.4,female,False,False,GB,JFK,1182,7,933.29,1282.33,Engaged,Flight Discount
u_103798,29,1,0,0,673.56,0.0,0.0,male,False,False,US,ORD,783,29,673.56,879.36,Frequent,Loyalty Perk
u_103799,32,5,3,0,380.31,335.13,1.2,female,True,False,US,BOS,533,32,715.44,636.54,Frequent,Other
u_103800,27,4,6,0,589.86,218.83,5.3,male,True,True,CA,DFW,621,27,808.69,728.87,Frequent,Family Perk
u_103801,34,0,3,1,0.0,103.79,5.4,male,True,False,DE,SFO,1103,34,103.79,1147.38,Frequent,Flight Discount
u_103802,5,3,0,1,858.68,0.0,0.0,female,True,True,US,SEA,1022,5,858.68,1112.87,Engaged,Other
u_103803,38,0,4,3,0.0,216.63,5.2,female,True,False,AU,SEA,1004,38,216.63,1063.66,Frequent,Flight Discount
u_103804,40,2,3,2,419.3,66.56,1.3,male,False,True,DE,SFO,848,40,485.86,936.59,Frequent,Hotel Discount
u_103805,39,7,0,0,501.18,0.0,0.0,female,False,False,US,LGA,300,39,501.18,389.12,Frequent,Loyalty Perk
u_103806,25,1,0,2,724.88,0.0,0.0,female,False,True,FR,LGA,959,25,724.88,1056.49,Frequent,Family Perk
u_103807,10,2,1,0,218.8,188.52,6.0,female,True,True,US,LGA,115,10,407.32,165.73,Frequent,Flight Discount
u_103808,25,3,6,2,675.55,89.17,5.7,male,True,True,FR,JFK,978,25,764.72,1079.47,Frequent,Hotel Discount
u_103809,40,4,0,0,729.02,0.0,0.0,female,True,True,US,DFW,901,40,729.02,1013.9,Frequent,Family Perk
u_103810,37,6,2,1,827.93,370.98,6.6,male,True,True,GB,JFK,1068,37,1198.91,1224.89,Frequent,Hotel Discount
u_103811,5,7,0,1,746.45,0.0,0.0,male,False,False,US,JFK,548,5,746.45,627.65,Engaged,Loyalty Perk
u_103812,18,2,5,0,772.48,282.18,5.8,female,False,False,US,LAX,696,18,1054.66,819.47,Frequent,Other
u_103813,40,5,0,1,321.41,0.0,0.0,female,True,False,DE,SFO,545,40,321.41,617.14,Frequent,Other
u_103814,12,3,0,3,596.07,0.0,0.0,male,False,True,US,SFO,618,12,596.07,689.61,Frequent,Loyalty Perk
u_103815,10,0,3,0,0.0,291.57,4.7,female,True,True,US,LGA,296,10,291.57,335.16,Frequent,Loyalty Perk
u_103816,18,4,4,1,225.87,310.95,4.3,male,False,False,AU,SEA,1051,18,536.82,1122.68,Frequent,Flight Discount
u_103817,3,6,3,3,790.91,315.18,3.6,male,True,False,AU,ORD,1192,3,1106.09,1305.61,Engaged,Other
u_103818,17,7,0,3,324.2,0.0,0.0,male,False,False,US,LGA,701,17,324.2,750.42,Frequent,Family Perk
u_103819,30,7,5,0,281.0,335.33,4.8,female,False,False,AU,SFO,257,30,616.33,348.63,Frequent,Other
u_103820,14,2,4,3,711.2,101.11,5.7,female,True,False,FR,ATL,385,14,812.31,480.23,Frequent,Family Perk
u_103821,41,4,1,3,786.22,318.97,5.6,female,False,False,CA,BOS,623,41,1105.19,774.52,Frequent,New User Perk
u_103822,2,0,1,0,0.0,347.43,2.4,female,False,False,US,ORD,881,2,347.43,917.74,Engaged,Other
u_103823,12,3,1,1,330.64,384.75,5.3,female,False,True,FR,BOS,477,12,715.39,560.54,Frequent,Hotel Discount
u_103824,27,5,6,3,630.09,156.14,6.4,female,True,True,FR,ATL,334,27,786.23,439.62,Frequent,Family Perk
u_103825,41,7,5,3,140.04,264.02,6.4,male,True,True,US,ORD,965,41,404.06,1046.41,Frequent,Loyalty Perk
u_103826,6,5,5,0,602.1,343.2,2.3,male,True,False,US,JFK,754,6,945.3,854.53,Engaged,Loyalty Perk
u_103827,35,7,5,3,357.06,251.9,1.4,female,True,True,US,SFO,443,35,608.96,538.9,Frequent,Hotel Discount
u_103828,39,2,0,2,132.77,0.0,0.0,female,False,True,GB,SEA,1170,39,132.77,1222.28,Frequent,Other
u_103829,1,0,1,3,0.0,220.84,1.8,male,True,False,CA,ORD,58,1,220.84,81.08,Engaged,Other
u_103830,42,6,5,1,533.96,341.97,4.2,female,False,False,US,SEA,813,42,875.93,942.59,Frequent,Loyalty Perk
u_103831,45,1,0,2,282.12,0.0,0.0,male,False,False,AU,ORD,155,45,282.12,228.21,Frequent,Other
u_103832,18,2,3,2,189.9,127.26,5.8,male,False,True,CA,JFK,556,18,317.16,605.72,Frequent,Loyalty Perk
u_103833,33,1,3,3,326.38,303.47,5.1,male,False,True,FR,ORD,670,33,629.85,765.98,Frequent,New User Perk
u_103834,16,8,6,2,480.63,167.62,5.8,male,False,False,DE,DFW,1021,16,648.25,1101.83,Frequent,Other
u_103835,36,8,1,1,839.13,150.71,3.1,male,False,False,DE,ATL,634,36,989.84,768.98,Frequent,New User Perk
u_103836,8,4,5,3,177.13,316.37,6.0,female,True,True,US,LGA,942,8,493.5,999.35,Engaged,Flight Discount
u_103837,29,8,3,3,845.48,391.76,3.6,female,False,True,US,SFO,391,29,1237.24,543.72,Frequent,Loyalty Perk
u_103838,3,2,5,2,685.35,379.81,4.6,male,True,False,US,LGA,405,3,1065.16,514.52,Engaged,Other
u_103839,43,3,0,1,750.05,0.0,0.0,female,False,True,DE,SEA,353,43,750.05,471.0,Frequent,Other
u_103840,8,1,3,2,179.98,133.17,2.2,female,True,True,US,JFK,1171,8,313.15,1210.31,Engaged,Hotel Discount
u_103841,6,5,3,2,335.4,243.62,6.3,male,False,True,US,SFO,1004,6,579.02,1067.9,Engaged,Hotel Discount
u_103842,45,8,5,0,828.65,369.89,5.7,male,True,False,US,SFO,600,45,1198.54,764.85,Frequent,Flight Discount
u_103843,14,6,6,2,243.27,322.56,6.1,male,False,False,US,SEA,911,14,565.83,981.58,Frequent,Loyalty Perk
u_103844,43,8,5,3,537.85,103.61,5.2,male,True,True,FR,MIA,1015,43,641.46,1122.15,Frequent,Flight Discount
u_103845,4,7,6,2,109.63,184.34,4.7,female,True,False,DE,LAX,242,4,293.97,275.4,Engaged,Family Perk
u_103846,37,4,2,0,424.7,337.56,2.4,male,False,False,FR,SFO,233,37,762.26,346.23,Frequent,Loyalty Perk
u_103847,21,4,0,1,397.21,0.0,0.0,male,True,False,AU,BOS,286,21,397.21,346.72,Frequent,New User Perk
u_103848,16,2,1,2,686.56,242.45,6.2,male,False,True,US,MIA,326,16,929.01,434.9,Frequent,Flight Discount
u_103849,13,0,6,3,0.0,307.14,2.4,male,False,False,AU,JFK,1085,13,307.14,1128.71,Frequent,Loyalty Perk
u_103850,20,3,0,0,460.65,0.0,0.0,male,False,False,GB,DFW,628,20,460.65,694.06,Frequent,Other
u_103851,42,4,3,2,791.61,225.5,1.6,female,False,False,CA,JFK,530,42,1017.11,673.71,Frequent,New User Perk
u_103852,13,0,2,3,0.0,307.11,3.8,male,False,True,US,MIA,1065,13,307.11,1108.71,Frequent,Hotel Discount
u_103853,22,0,3,3,0.0,199.69,1.3,female,True,False,US,LAX,821,22,199.69,862.97,Frequent,Other
u_103854,6,0,3,3,0.0,180.36,6.2,female,True,False,US,MIA,458,6,180.36,482.04,Engaged,Loyalty Perk
u_103855,5,2,5,2,91.48,313.4,2.6,female,False,False,US,DFW,1194,5,404.88,1239.49,Engaged,Flight Discount
u_103856,1,0,0,1,0.0,0.0,0.0,female,True,False,AU,LGA,45,1,0.0,46.0,Other,Family Perk
u_103857,36,1,4,1,662.96,253.6,4.8,female,True,False,US,BOS,1006,36,916.56,1133.66,Frequent,Other
u_103858,39,2,0,3,352.63,0.0,0.0,male,True,True,FR,SEA,229,39,352.63,303.26,Frequent,Flight Discount
u_103859,1,1,4,0,871.48,200.86,3.6,male,False,False,DE,MIA,684,1,1072.34,792.23,Engaged,Other
u_103860,6,5,1,1,217.81,87.57,5.8,male,False,True,CA,ATL,856,6,305.38,892.54,Engaged,New User Perk
u_103861,5,3,0,3,818.71,0.0,0.0,female,True,False,DE,ORD,1196,5,818.71,1282.87,Engaged,Other
u_103862,12,5,2,1,861.01,198.08,3.2,male,False,True,DE,MIA,220,12,1059.09,337.91,Frequent,Hotel Discount
u_103863,8,6,1,0,453.72,214.08,5.6,male,False,False,AU,SFO,545,8,667.8,619.78,Engaged,Other
u_103864,13,4,0,1,723.05,0.0,0.0,male,False,True,FR,JFK,78,13,723.05,163.3,Frequent,Loyalty Perk
u_103865,38,6,6,3,347.13,155.53,5.5,female,False,True,DE,DFW,906,38,502.66,994.27,Frequent,Hotel Discount
u_103866,32,3,4,1,166.7,94.48,3.0,female,False,True,US,BOS,697,32,261.18,755.12,Frequent,Loyalty Perk
u_103867,4,3,6,0,359.16,122.8,5.6,female,False,False,US,SFO,806,4,481.96,858.2,Engaged,Loyalty Perk
u_103868,35,7,6,2,320.39,359.6,1.5,female,False,False,AU,ORD,660,35,679.99,763.0,Frequent,Family Perk
u_103869,2,6,2,3,758.15,97.37,5.4,female,True,True,CA,JFK,942,2,855.52,1029.55,Engaged,Flight Discount
u_103870,27,7,5,0,790.95,362.19,2.4,female,False,False,US,LGA,799,27,1153.14,941.31,Frequent,Family Perk
u_103871,3,8,2,1,560.04,365.7,5.5,female,False,False,CA,JFK,259,3,925.74,354.57,Engaged,Family Perk
u_103872,40,3,2,1,471.43,289.46,6.5,male,True,True,CA,LGA,1024,40,760.89,1140.09,Frequent,Loyalty Perk
u_103873,28,6,3,2,818.93,295.81,1.6,male,True,True,US,LGA,1057,28,1114.74,1196.47,Frequent,Hotel Discount
u_103874,33,4,2,3,587.76,357.78,3.8,female,False,False,FR,BOS,1007,33,945.54,1134.55,Frequent,Other
u_103875,5,0,3,1,0.0,329.97,4.8,female,True,False,CA,MIA,1199,5,329.97,1237.0,Engaged,Flight Discount
u_103876,43,8,3,3,506.58,198.98,6.8,male,True,True,US,SEA,1200,43,705.56,1313.56,Frequent,New User Perk
u_103877,25,5,0,1,896.75,0.0,0.0,male,True,True,US,LAX,678,25,896.75,792.67,Frequent,Loyalty Perk
u_103878,3,7,3,2,772.0,399.46,2.3,female,True,True,CA,LAX,720,3,1171.46,840.15,Engaged,Other
u_103879,16,6,6,0,894.94,238.98,5.7,female,False,False,AU,LGA,1191,16,1133.92,1320.39,Frequent,Flight Discount
u_103880,34,6,4,3,406.71,100.22,5.5,female,True,False,GB,ORD,948,34,506.93,1032.69,Frequent,Flight Discount
u_103881,20,5,3,0,894.26,302.44,6.9,female,True,True,US,SFO,276,20,1196.7,415.67,Frequent,Family Perk
u_103882,38,5,1,0,226.17,394.67,1.3,male,True,False,FR,ATL,1094,38,620.84,1194.08,Frequent,Family Perk
u_103883,18,1,5,3,106.25,191.56,2.5,male,False,True,US,LAX,528,18,297.81,575.78,Frequent,New User Perk
u_103884,41,2,2,0,319.73,269.2,1.7,male,True,True,US,DFW,1079,41,588.93,1178.89,Frequent,New User Perk
u_103885,31,4,5,1,868.69,274.63,2.1,female,False,True,US,SEA,101,31,1143.32,246.33,Frequent,Loyalty Perk
u_103886,9,1,5,2,812.57,366.02,5.6,female,True,False,CA,BOS,70,9,1178.59,196.86,Engaged,Other
u_103887,10,4,5,0,623.2,304.3,2.6,female,False,True,US,ORD,827,10,927.5,929.75,Frequent,New User Perk
u_103888,11,7,0,2,367.74,0.0,0.0,female,False,True,AU,MIA,135,11,367.74,182.77,Frequent,Other
u_103889,29,8,2,3,459.24,286.63,6.8,female,False,False,US,ORD,281,29,745.87,384.59,Frequent,Other
u_103890,1,7,5,0,81.18,109.94,3.6,male,True,False,AU,SEA,898,1,191.12,918.11,Engaged,Flight Discount
u_103891,33,4,1,0,653.5,53.72,4.6,female,False,False,US,SEA,1047,33,707.22,1150.72,Frequent,New User Perk
u_103892,37,4,5,0,620.12,349.37,3.5,male,False,False,AU,SFO,652,37,969.49,785.95,Frequent,Loyalty Perk
u_103893,14,2,1,3,533.38,376.02,4.0,female,False,True,US,LGA,82,14,909.4,186.94,Frequent,Loyalty Perk
u_103894,35,5,6,2,348.7,296.81,6.4,male,False,False,GB,SEA,694,35,645.51,793.55,Frequent,Loyalty Perk
u_103895,2,8,0,1,185.75,0.0,0.0,male,False,False,CA,ORD,384,2,185.75,404.57,Engaged,Hotel Discount
u_103896,9,2,3,3,330.85,133.49,5.8,female,False,True,CA,JFK,36,9,464.34,91.43,Engaged,Family Perk
u_103897,19,2,5,3,425.95,100.92,4.9,female,False,False,US,JFK,1036,19,526.87,1107.69,Frequent,Loyalty Perk
u_103898,31,1,0,0,198.48,0.0,0.0,male,True,True,FR,LGA,677,31,198.48,727.85,Frequent,Family Perk
u_103899,16,6,4,3,574.5,280.31,5.5,female,False,True,DE,ATL,488,16,854.81,589.48,Frequent,Loyalty Perk
u_103900,29,6,4,1,532.39,328.76,4.1,male,True,True,US,BOS,1114,29,861.15,1229.11,Frequent,New User Perk
u_103901,35,1,3,2,228.04,99.72,3.0,male,False,True,FR,MIA,1035,35,327.76,1102.78,Frequent,Flight Discount
u_103902,9,1,4,0,389.06,230.74,6.5,male,False,False,US,SFO,857,9,619.8,927.98,Engaged,New User Perk
u_103903,40,5,0,3,460.23,0.0,0.0,male,True,False,US,ATL,345,40,460.23,431.02,Frequent,Flight Discount
u_103904,26,7,3,3,741.36,238.4,3.5,female,True,True,US,SEA,937,26,979.76,1060.98,Frequent,Family Perk
u_103905,39,0,2,3,0.0,142.67,3.6,male,False,True,FR,JFK,1194,39,142.67,1247.27,Frequent,Loyalty Perk
u_103906,3,6,1,2,195.03,91.07,5.3,male,False,True,DE,DFW,524,3,286.1,555.61,Engaged,Hotel Discount
u_103907,7,8,4,2,719.54,88.86,4.2,female,False,True,AU,SFO,867,7,808.4,954.84,Engaged,Flight Discount
u_103908,26,3,2,3,229.64,213.49,6.1,male,True,True,CA,LGA,1157,26,443.13,1227.31,Frequent,New User Perk
u_103909,30,2,4,2,771.66,227.84,5.3,male,False,False,US,LGA,756,30,999.5,885.95,Frequent,Family Perk
u_103910,11,4,5,2,645.87,375.42,1.4,male,True,False,AU,ATL,577,11,1021.29,690.13,Frequent,Loyalty Perk
u_103911,32,5,2,1,765.8,382.96,2.9,female,False,True,GB,ATL,811,32,1148.76,957.88,Frequent,Loyalty Perk
u_103912,37,7,3,1,202.59,99.48,3.6,female,True,True,DE,SEA,805,37,302.07,872.21,Frequent,Other
u_103913,1,2,3,0,191.37,321.31,5.5,male,False,True,US,LGA,1005,1,512.68,1057.27,Engaged,New User Perk
u_103914,21,1,2,2,277.06,243.93,4.9,female,False,True,FR,LGA,50,21,520.99,123.1,Frequent,Other
u_103915,22,0,0,0,0.0,0.0,0.0,female,True,True,US,SEA,854,22,0.0,876.0,Frequent,Flight Discount
u_103916,37,3,6,1,789.26,353.32,2.5,male,False,False,FR,SFO,758,37,1142.58,909.26,Frequent,Loyalty Perk
u_103917,7,4,5,2,309.3,79.37,4.7,female,True,True,US,LAX,795,7,388.67,840.87,Engaged,Other
u_103918,16,8,0,2,435.84,0.0,0.0,female,False,True,US,LGA,699,16,435.84,758.58,Frequent,Loyalty Perk
u_103919,39,5,5,0,90.68,200.98,5.9,male,False,True,GB,MIA,872,39,291.66,940.17,Frequent,Loyalty Perk
u_103920,33,1,0,3,758.5,0.0,0.0,male,True,False,CA,LGA,80,33,758.5,188.85,Frequent,Other
u_103921,9,8,3,3,190.66,251.7,6.6,male,True,True,CA,SFO,45,9,442.36,98.24,Engaged,Loyalty Perk
u_103922,5,8,2,0,342.74,352.53,4.4,male,False,True,GB,LAX,418,5,695.27,492.53,Engaged,New User Perk
u_103923,45,8,2,3,347.28,264.64,4.3,male,True,False,US,DFW,1152,45,611.92,1258.19,Frequent,New User Perk
u_103924,23,4,3,0,590.21,115.36,4.0,female,True,True,FR,MIA,135,23,705.57,228.56,Frequent,Other
u_103925,31,0,2,3,0.0,183.2,2.4,female,False,False,CA,BOS,126,31,183.2,175.32,Frequent,Loyalty Perk
u_103926,7,5,0,0,193.59,0.0,0.0,female,True,False,CA,MIA,482,7,193.59,508.36,Engaged,Other
u_103927,28,0,6,2,0.0,60.18,3.1,male,False,False,GB,MIA,72,28,60.18,106.02,Frequent,Other
u_103928,32,8,4,1,757.39,216.7,5.2,female,False,False,AU,SFO,539,32,974.09,668.41,Frequent,Other
u_103929,10,0,5,1,0.0,163.96,1.9,female,False,False,US,SEA,1190,10,163.96,1216.4,Frequent,Loyalty Perk
u_103930,30,6,6,2,487.61,368.25,5.6,female,True,True,US,LAX,661,30,855.86,776.59,Frequent,New User Perk
u_103931,41,0,1,3,0.0,276.81,5.6,male,True,True,US,JFK,303,41,276.81,371.68,Frequent,Hotel Discount
u_103932,1,8,1,0,897.29,179.5,2.0,female,True,True,US,ORD,1035,1,1076.79,1143.68,Engaged,Hotel Discount
u_103933,13,2,4,3,296.7,103.69,3.2,male,True,False,AU,ORD,685,13,400.39,738.04,Frequent,Loyalty Perk
u_103934,3,0,0,2,0.0,0.0,0.0,female,False,True,GB,BOS,1169,3,0.0,1172.0,Other,Family Perk
u_103935,24,0,0,2,0.0,0.0,0.0,female,True,True,GB,SEA,582,24,0.0,606.0,Frequent,Loyalty Perk
u_103936,31,7,4,2,587.76,303.4,1.6,female,False,True,FR,LGA,607,31,891.16,727.12,Frequent,Hotel Discount
u_103937,28,6,0,2,287.08,0.0,0.0,male,False,True,CA,DFW,960,28,287.08,1016.71,Frequent,Other
u_103938,26,6,3,2,318.21,324.32,5.0,male,False,False,AU,LAX,511,26,642.53,601.25,Frequent,Flight Discount
u_103939,28,5,4,2,586.99,65.94,5.0,female,True,False,DE,MIA,594,28,652.93,687.29,Frequent,New User Perk
u_103940,12,6,3,2,498.51,158.4,4.9,male,True,True,AU,LAX,1108,12,656.91,1185.69,Frequent,Hotel Discount
u_103941,34,3,3,1,664.11,238.12,1.4,male,False,False,US,BOS,796,34,902.23,920.22,Frequent,Loyalty Perk
u_103942,5,3,2,3,173.22,88.25,3.7,male,True,False,US,ORD,39,5,261.47,70.15,Engaged,New User Perk
u_103943,30,3,3,1,693.48,129.33,4.7,female,False,True,CA,DFW,255,30,822.81,367.28,Frequent,Flight Discount
u_103944,11,5,4,2,626.35,232.93,6.7,female,True,False,FR,LAX,589,11,859.28,685.93,Frequent,Loyalty Perk
u_103945,1,8,3,2,446.53,59.66,3.7,male,True,False,DE,DFW,1006,1,506.19,1057.62,Engaged,Loyalty Perk
u_103946,22,7,3,0,395.59,227.38,2.5,female,True,False,GB,MIA,622,22,622.97,706.3,Frequent,Flight Discount
u_103947,39,5,2,2,336.85,254.76,6.7,female,True,True,FR,LGA,288,39,591.61,386.16,Frequent,Hotel Discount
u_103948,36,4,0,0,869.5,0.0,0.0,female,True,False,US,DFW,208,36,869.5,330.95,Frequent,Hotel Discount
u_103949,20,5,1,1,483.65,386.13,6.1,male,False,False,US,DFW,71,20,869.78,177.98,Frequent,Loyalty Perk
u_103950,44,1,3,2,894.86,172.75,3.8,female,False,True,CA,MIA,414,44,1067.61,564.76,Frequent,Flight Discount
u_103951,5,7,4,0,92.79,52.02,1.7,female,True,True,US,DFW,796,5,144.81,815.48,Engaged,Loyalty Perk
u_103952,38,5,0,2,557.58,0.0,0.0,male,False,False,US,DFW,765,38,557.58,858.76,Frequent,Loyalty Perk
u_103953,3,7,1,3,429.6,77.26,6.2,male,False,True,AU,BOS,131,3,506.86,184.69,Engaged,Hotel Discount
u_103954,34,2,6,3,665.09,392.66,4.9,male,True,False,FR,DFW,77,34,1057.75,216.78,Frequent,Loyalty Perk
u_103955,18,4,2,0,273.6,282.05,3.3,male,False,True,CA,MIA,35,18,555.65,108.56,Frequent,Other
u_103956,15,3,0,0,225.43,0.0,0.0,male,True,True,FR,SEA,803,15,225.43,840.54,Frequent,Hotel Discount
u_103957,32,3,6,3,582.75,163.39,2.6,male,False,True,US,ORD,455,32,746.14,561.61,Frequent,Hotel Discount
u_103958,30,3,2,1,348.44,99.3,3.5,female,True,False,US,DFW,779,30,447.74,853.77,Frequent,Flight Discount
u_103959,30,3,6,2,771.64,83.79,5.1,male,True,False,US,ATL,740,30,855.43,855.54,Frequent,Hotel Discount
u_103960,41,6,6,0,666.31,263.52,4.7,female,False,True,AU,LGA,968,41,929.83,1101.98,Frequent,New User Perk
u_103961,42,3,0,3,318.59,0.0,0.0,female,True,False,US,DFW,171,42,318.59,244.86,Frequent,Flight Discount
u_103962,20,0,5,1,0.0,294.35,6.5,male,True,False,GB,MIA,384,20,294.35,433.44,Frequent,Loyalty Perk
u_103963,43,2,1,1,506.93,121.28,6.1,male,False,True,FR,ATL,414,43,628.21,519.82,Frequent,Family Perk
u_103964,11,2,2,0,605.59,147.56,3.9,female,False,False,FR,ATL,390,11,753.15,476.31,Frequent,Loyalty Perk
u_103965,21,1,1,2,896.1,120.65,2.1,female,False,False,AU,SFO,1034,21,1016.75,1156.67,Frequent,Loyalty Perk
u_103966,1,1,1,1,594.47,135.89,4.9,female,False,True,US,JFK,1086,1,730.36,1160.04,Engaged,Family Perk
u_103967,19,8,1,2,316.59,321.43,3.0,male,False,True,US,DFW,959,19,638.02,1041.8,Frequent,Loyalty Perk
u_103968,24,2,2,2,256.41,268.14,2.2,male,False,True,FR,LAX,729,24,524.55,805.45,Frequent,Hotel Discount
u_103969,32,3,5,2,727.6,196.99,6.1,female,True,True,GB,JFK,915,32,924.59,1039.46,Frequent,Loyalty Perk
u_103970,31,5,3,0,94.09,66.25,6.5,male,False,False,US,SFO,109,31,160.34,156.03,Frequent,Other
u_103971,14,5,2,0,226.67,351.06,3.5,male,True,True,US,LAX,1078,14,577.73,1149.77,Frequent,New User Perk
u_103972,17,2,1,3,751.45,269.77,3.5,male,True,False,CA,JFK,291,17,1021.22,410.12,Frequent,Hotel Discount
u_103973,22,0,2,2,0.0,93.62,4.7,female,False,True,DE,JFK,1030,22,93.62,1061.36,Frequent,Flight Discount
u_103974,41,5,6,0,250.6,197.95,2.8,female,False,True,US,JFK,430,41,448.55,515.86,Frequent,Loyalty Perk
u_103975,27,0,1,1,0.0,301.04,5.9,female,True,False,GB,DFW,1182,27,301.04,1239.1,Frequent,Other
u_103976,37,7,1,1,244.21,241.87,3.1,male,True,False,DE,JFK,727,37,486.08,812.61,Frequent,Loyalty Perk
u_103977,1,2,1,2,432.19,57.67,5.1,female,False,False,US,MIA,506,1,489.86,555.99,Engaged,Family Perk
u_103978,45,8,3,3,849.15,396.92,4.4,female,True,False,US,SEA,1189,45,1246.07,1358.61,Frequent,Flight Discount
u_103979,18,6,0,1,272.28,0.0,0.0,male,True,False,FR,SEA,200,18,272.28,245.23,Frequent,Hotel Discount
u_103980,24,5,0,3,775.43,0.0,0.0,male,True,True,CA,JFK,699,24,775.43,800.54,Frequent,Loyalty Perk
u_103981,14,3,1,3,108.09,226.64,5.9,female,True,False,US,SFO,852,14,334.73,899.47,Frequent,Loyalty Perk
u_103982,14,1,0,3,212.48,0.0,0.0,female,False,False,FR,DFW,167,14,212.48,202.25,Frequent,Family Perk
u_103983,17,7,1,3,681.93,289.54,2.7,female,False,True,CA,ATL,441,17,971.47,555.15,Frequent,Flight Discount
u_103984,43,0,1,0,0.0,399.4,5.6,female,False,False,DE,JFK,974,43,399.4,1056.94,Frequent,Flight Discount
u_103985,40,7,4,1,890.7,353.68,2.8,female,True,False,FR,MIA,553,40,1244.38,717.44,Frequent,Family Perk
u_103986,11,1,1,2,659.9,387.84,4.3,male,True,False,CA,SFO,122,11,1047.74,237.77,Frequent,Other
u_103987,42,1,2,0,734.51,155.69,1.6,male,True,True,CA,LGA,34,42,890.2,165.02,Frequent,Family Perk
u_103988,44,4,3,2,666.45,389.6,5.1,male,False,True,US,ORD,478,44,1056.05,627.6,Frequent,Family Perk
u_103989,20,7,1,2,647.51,291.26,5.2,female,True,True,US,MIA,395,20,938.77,508.88,Frequent,New User Perk
u_103990,17,0,4,0,0.0,208.74,5.2,male,False,True,CA,LAX,596,17,208.74,633.87,Frequent,Hotel Discount
u_103991,28,8,6,1,95.71,84.26,4.9,male,False,False,US,SEA,239,28,179.97,285.0,Frequent,Flight Discount
u_103992,11,8,0,3,81.31,0.0,0.0,female,False,False,US,DFW,46,11,81.31,65.13,Frequent,Flight Discount
u_103993,7,5,4,0,141.34,169.55,2.3,female,True,False,US,SFO,270,7,310.89,308.09,Engaged,Loyalty Perk
u_103994,39,7,0,3,122.17,0.0,0.0,male,False,True,US,SEA,512,39,122.17,563.22,Frequent,Family Perk
u_103995,13,7,0,3,193.45,0.0,0.0,female,False,False,US,SFO,265,13,193.45,297.34,Frequent,Loyalty Perk
u_103996,12,5,3,3,302.72,317.22,6.5,male,True,True,US,ORD,167,12,619.94,240.99,Frequent,Hotel Discount
u_103997,39,6,4,1,580.35,395.42,5.5,male,True,True,GB,JFK,646,39,975.77,782.58,Frequent,Hotel Discount
u_103998,20,3,0,0,897.38,0.0,0.0,female,False,True,US,SFO,667,20,897.38,776.74,Frequent,Flight Discount
u_103999,41,5,1,3,434.32,80.79,3.4,male,True,True,GB,MIA,887,41,515.11,979.51,Frequent,Loyalty Perk
u_104000,11,2,4,1,254.29,358.47,5.1,male,False,True,CA,SFO,662,11,612.76,734.28,Frequent,Other
u_104001,39,6,2,3,453.98,242.42,7.0,female,True,False,US,DFW,483,39,696.4,591.64,Frequent,Loyalty Perk
u_104002,1,6,2,0,197.81,375.37,6.7,male,False,True,AU,DFW,186,1,573.18,244.32,Engaged,Family Perk
u_104003,33,3,0,3,809.78,0.0,0.0,male,True,False,CA,SEA,59,33,809.78,172.98,Frequent,Hotel Discount
u_104004,42,4,4,0,287.21,352.98,5.1,male,True,False,US,ORD,286,42,640.19,392.02,Frequent,Flight Discount
u_104005,30,2,5,0,233.75,355.81,6.7,female,True,False,CA,LAX,565,30,589.56,653.96,Frequent,Family Perk
u_104006,33,7,4,3,472.59,157.02,3.9,female,True,False,DE,MIA,410,33,629.61,505.96,Frequent,Loyalty Perk
u_104007,14,3,1,3,584.34,246.33,5.8,female,True,True,US,ORD,1156,14,830.67,1253.07,Frequent,Family Perk
u_104008,43,7,0,3,137.82,0.0,0.0,male,False,True,US,MIA,609,43,137.82,665.78,Frequent,Other
u_104009,28,1,3,0,732.9,240.65,4.5,female,True,False,DE,SFO,698,28,973.55,823.35,Frequent,Loyalty Perk
u_104010,12,2,4,3,544.37,298.74,1.4,male,False,True,AU,BOS,203,12,843.11,299.31,Frequent,Other
u_104011,11,3,1,2,861.61,208.13,4.6,female,False,True,GB,ATL,1150,11,1069.74,1267.97,Frequent,New User Perk
u_104012,15,4,5,3,684.1,336.35,6.8,male,False,True,US,LGA,175,15,1020.45,292.05,Frequent,Loyalty Perk
u_104013,42,2,1,2,603.51,341.34,5.2,male,True,False,US,LGA,229,42,944.85,365.48,Frequent,Flight Discount
u_104014,10,3,0,1,278.87,0.0,0.0,male,True,True,DE,LAX,1163,10,278.87,1200.89,Frequent,Loyalty Perk
u_104015,16,7,6,3,833.87,135.28,5.9,male,False,True,US,JFK,967,16,969.15,1079.91,Frequent,Flight Discount
u_104016,11,3,3,0,600.55,300.0,2.1,female,False,False,DE,BOS,814,11,900.55,915.05,Frequent,Loyalty Perk
u_104017,44,4,6,3,357.82,144.76,1.1,female,False,True,CA,DFW,855,44,502.58,949.26,Frequent,New User Perk
u_104018,41,4,6,0,561.84,296.06,1.8,male,False,True,CA,BOS,384,41,857.9,510.79,Frequent,Flight Discount
u_104019,34,4,1,1,559.71,399.89,6.4,male,True,True,US,LGA,1155,34,959.6,1284.96,Frequent,Other
u_104020,2,5,0,3,697.49,0.0,0.0,male,False,False,US,ORD,602,2,697.49,673.75,Engaged,Flight Discount
u_104021,11,7,0,1,547.71,0.0,0.0,female,True,False,CA,ORD,42,11,547.71,107.77,Frequent,Loyalty Perk
u_104022,44,6,4,1,882.74,386.55,5.9,female,False,True,AU,JFK,589,44,1269.29,759.93,Frequent,Flight Discount
u_104023,16,8,0,1,481.81,0.0,0.0,female,True,False,US,LAX,685,16,481.81,749.18,Frequent,Other
u_104024,27,2,1,3,779.48,167.11,2.6,female,True,True,US,SEA,698,27,946.59,819.66,Frequent,Loyalty Perk
u_104025,21,7,4,0,894.51,91.52,2.7,male,False,True,AU,ORD,599,21,986.03,718.6,Frequent,Flight Discount
u_104026,11,0,6,0,0.0,321.62,6.3,female,False,False,US,ORD,236,11,321.62,279.16,Frequent,Loyalty Perk
u_104027,34,1,0,0,156.88,0.0,0.0,female,True,True,FR,SFO,816,34,156.88,865.69,Frequent,Other
u_104028,26,8,1,0,159.85,144.74,1.3,male,False,True,GB,ATL,262,26,304.59,318.46,Frequent,Flight Discount
u_104029,26,7,6,3,404.07,100.0,1.6,male,False,False,US,JFK,1178,26,504.07,1254.41,Frequent,Other
u_104030,6,8,0,1,771.88,0.0,0.0,female,False,False,FR,SEA,1119,6,771.88,1202.19,Engaged,Loyalty Perk
u_104031,1,4,3,1,892.93,396.45,4.3,female,False,True,GB,JFK,408,1,1289.38,537.94,Engaged,Hotel Discount
u_104032,45,4,6,1,335.06,360.09,1.6,male,True,True,US,JFK,646,45,695.15,760.52,Frequent,Other
u_104033,37,7,4,2,200.28,164.68,3.5,male,False,False,CA,MIA,645,37,364.96,718.5,Frequent,New User Perk
u_104034,34,3,1,2,374.96,71.41,1.6,male,True,True,DE,MIA,775,34,446.37,853.64,Frequent,Loyalty Perk
u_104035,29,6,6,3,137.84,51.45,5.2,male,True,True,US,LGA,247,29,189.29,294.93,Frequent,Flight Discount
u_104036,44,2,6,0,843.53,232.77,1.8,female,False,False,CA,BOS,663,44,1076.3,814.63,Frequent,Family Perk
u_104037,9,3,6,2,288.62,139.63,3.0,male,True,False,AU,ATL,930,9,428.25,981.83,Engaged,New User Perk
u_104038,15,6,6,1,613.1,191.31,1.2,female,False,False,US,JFK,182,15,804.41,277.44,Frequent,Flight Discount
u_104039,13,1,4,0,131.28,69.56,5.8,female,False,True,DE,LAX,897,13,200.84,930.08,Frequent,Family Perk
u_104040,45,8,6,2,725.08,251.59,6.1,female,True,False,US,JFK,1081,45,976.67,1223.67,Frequent,Other
u_104041,45,7,0,1,762.0,0.0,0.0,male,False,False,US,SFO,680,45,762.0,801.2,Frequent,Other
u_104042,21,6,3,3,455.19,167.31,5.6,female,False,False,US,MIA,259,21,622.5,342.25,Frequent,Family Perk
u_104043,7,8,5,0,647.92,269.1,5.6,male,True,True,DE,LGA,422,7,917.02,520.7,Engaged,Other
u_104044,24,5,1,2,457.55,77.36,1.2,female,False,True,AU,LAX,516,24,534.91,593.49,Frequent,New User Perk
u_104045,28,8,5,1,696.51,336.69,2.2,female,True,False,US,BOS,327,28,1033.2,458.32,Frequent,Hotel Discount
u_104046,45,0,0,1,0.0,0.0,0.0,female,False,True,US,JFK,478,45,0.0,523.0,Frequent,Flight Discount
u_104047,4,3,3,3,362.65,158.25,5.4,male,True,True,CA,LGA,1191,4,520.9,1247.09,Engaged,Other
u_104048,28,5,5,0,201.41,173.18,4.3,male,True,False,US,SFO,106,28,374.59,171.46,Frequent,Loyalty Perk
u_104049,39,0,2,3,0.0,117.52,4.6,male,False,True,US,SEA,169,39,117.52,219.75,Frequent,Loyalty Perk
u_104050,35,3,3,1,415.03,368.29,3.5,male,True,False,CA,BOS,875,35,783.32,988.33,Frequent,New User Perk
u_104051,30,5,1,3,667.0,288.38,5.2,female,False,False,US,SEA,398,30,955.38,523.54,Frequent,Loyalty Perk
u_104052,30,8,4,0,630.72,142.67,5.1,male,False,False,FR,ATL,558,30,773.39,665.34,Frequent,Loyalty Perk
u_104053,3,8,6,3,357.03,168.29,2.9,male,False,False,US,SFO,363,3,525.32,418.53,Engaged,Hotel Discount
u_104054,24,0,0,1,0.0,0.0,0.0,male,False,False,FR,ATL,261,24,0.0,285.0,Frequent,Hotel Discount
u_104055,6,4,1,0,163.01,146.77,4.7,male,False,True,DE,DFW,1131,6,309.78,1167.98,Engaged,Other
u_104056,19,6,1,2,469.3,203.11,5.4,male,True,True,CA,LGA,762,19,672.41,848.24,Frequent,Other
u_104057,15,3,0,0,278.36,0.0,0.0,male,True,False,US,SEA,682,15,278.36,724.84,Frequent,Other
u_104058,5,0,6,2,0.0,153.57,4.6,female,False,False,US,LAX,1181,5,153.57,1201.36,Engaged,New User Perk
u_104059,37,0,4,0,0.0,293.28,5.3,female,False,True,US,SEA,1055,37,293.28,1121.33,Frequent,Family Perk
u_104060,30,0,4,2,0.0,91.34,5.5,female,False,False,AU,JFK,471,30,91.34,510.13,Frequent,Other
u_104061,45,6,1,0,126.54,398.43,4.8,female,False,True,GB,SEA,98,45,524.97,195.5,Frequent,Loyalty Perk
u_104062,2,0,6,0,0.0,317.81,2.8,male,False,False,GB,SFO,180,2,317.81,213.78,Engaged,Flight Discount
u_104063,11,7,2,3,206.9,359.5,6.2,female,True,True,GB,SEA,74,11,566.4,141.64,Frequent,Family Perk
u_104064,37,0,2,1,0.0,210.82,1.7,female,False,True,FR,ORD,494,37,210.82,552.08,Frequent,Flight Discount
u_104065,43,3,1,2,505.92,262.74,6.0,female,True,False,US,LGA,318,43,768.66,437.87,Frequent,Loyalty Perk
u_104066,31,4,3,3,789.59,163.82,6.0,female,False,False,AU,SEA,597,31,953.41,723.34,Frequent,Hotel Discount
u_104067,39,8,4,0,807.76,204.46,3.9,female,False,True,AU,BOS,615,39,1012.22,755.22,Frequent,Flight Discount
u_104068,26,4,2,0,716.1,253.62,2.7,female,False,False,FR,SFO,948,26,969.72,1070.97,Frequent,Family Perk
u_104069,6,6,2,1,230.54,232.48,6.9,female,False,True,FR,SFO,455,6,463.02,507.3,Engaged,Loyalty Perk
u_104070,16,4,5,0,304.47,245.93,3.9,male,False,False,FR,MIA,1023,16,550.4,1094.04,Frequent,Hotel Discount
u_104071,2,3,0,3,779.1,0.0,0.0,female,False,True,DE,JFK,396,2,779.1,475.91,Engaged,Family Perk
u_104072,34,6,3,2,678.95,111.15,1.1,female,True,False,FR,BOS,92,34,790.1,205.01,Frequent,Loyalty Perk
u_104073,10,1,3,1,294.73,192.44,1.6,female,False,False,AU,LAX,858,10,487.17,916.72,Frequent,Loyalty Perk
u_104074,5,4,0,1,664.08,0.0,0.0,male,False,True,US,LAX,286,5,664.08,357.41,Engaged,Other
u_104075,21,1,5,2,438.09,193.45,1.3,female,True,False,FR,MIA,239,21,631.54,323.15,Frequent,Loyalty Perk
u_104076,7,5,2,1,230.86,157.88,5.4,female,True,False,DE,LGA,568,7,388.74,613.87,Engaged,Loyalty Perk
u_104077,36,7,6,1,834.06,90.16,4.3,female,False,True,GB,SEA,315,36,924.22,443.42,Frequent,Other
u_104078,14,1,4,0,129.09,78.79,2.7,male,True,False,US,JFK,1092,14,207.88,1126.79,Frequent,Flight Discount
u_104079,29,7,1,2,643.05,125.81,4.4,female,False,False,GB,SFO,498,29,768.86,603.89,Frequent,Flight Discount
u_104080,41,3,3,3,555.72,304.24,2.6,male,True,True,US,BOS,1089,41,859.96,1216.0,Frequent,Other
u_104081,14,2,4,3,811.89,228.67,5.5,male,False,False,FR,SEA,904,14,1040.56,1022.06,Frequent,Hotel Discount
u_104082,17,4,3,2,365.11,239.63,4.7,male,True,False,US,LAX,89,17,604.74,166.47,Frequent,Flight Discount
u_104083,34,3,0,3,200.58,0.0,0.0,female,False,True,CA,SEA,901,34,200.58,955.06,Frequent,Loyalty Perk
u_104084,20,6,1,0,196.69,235.47,2.7,female,False,True,CA,DFW,316,20,432.16,379.22,Frequent,Hotel Discount
u_104085,16,0,4,0,0.0,289.9,1.9,male,True,False,CA,ATL,107,16,289.9,151.99,Frequent,Loyalty Perk
u_104086,23,1,1,3,497.9,61.22,2.7,male,False,True,US,BOS,251,23,559.12,329.91,Frequent,Hotel Discount
u_104087,1,8,6,3,488.49,180.13,4.7,female,True,True,DE,LGA,124,1,668.62,191.86,Engaged,Loyalty Perk
u_104088,19,7,4,2,276.66,199.15,6.7,male,False,True,DE,ORD,1119,19,475.81,1185.58,Frequent,Hotel Discount
u_104089,9,3,1,2,745.02,134.95,5.3,female,True,True,US,ORD,1015,9,879.97,1112.0,Engaged,Hotel Discount
u_104090,28,4,6,2,574.06,264.47,4.3,female,False,True,US,ATL,313,28,838.53,424.85,Frequent,Hotel Discount
u_104091,24,8,4,1,683.07,108.94,2.2,male,True,True,US,SFO,1007,24,792.01,1110.2,Frequent,Hotel Discount
u_104092,2,6,3,0,454.96,341.06,5.2,female,True,True,GB,SEA,411,2,796.02,492.6,Engaged,Loyalty Perk
u_104093,21,7,0,0,269.06,0.0,0.0,female,False,False,CA,SEA,255,21,269.06,302.91,Frequent,Other
u_104094,9,4,1,3,739.55,161.05,5.4,female,False,True,US,LGA,909,9,900.6,1008.06,Engaged,Family Perk
u_104095,14,1,6,0,736.26,55.1,6.1,female,False,False,GB,BOS,1166,14,791.36,1259.14,Frequent,Other
u_104096,45,7,2,0,767.52,221.81,1.4,female,True,False,US,LAX,346,45,989.33,489.93,Frequent,Loyalty Perk
u_104097,36,7,6,1,842.06,230.7,6.1,male,True,True,US,ORD,93,36,1072.76,236.28,Frequent,Family Perk
u_104098,25,5,4,0,677.08,289.15,1.7,female,False,False,DE,LGA,858,25,966.23,979.62,Frequent,Loyalty Perk
u_104099,10,3,4,2,726.33,110.26,6.3,female,True,True,GB,MIA,277,10,836.59,370.66,Frequent,Loyalty Perk
u_104100,35,2,1,1,890.28,175.63,1.8,female,True,True,US,LGA,371,35,1065.91,512.59,Frequent,Other
u_104101,37,8,0,2,428.23,0.0,0.0,male,False,False,US,BOS,175,37,428.23,254.82,Frequent,Flight Discount
u_104102,35,2,2,3,756.04,363.92,4.7,male,True,True,CA,SEA,234,35,1119.96,381.0,Frequent,Other
u_104103,21,0,5,3,0.0,230.21,4.8,female,True,True,AU,MIA,1059,21,230.21,1103.02,Frequent,New User Perk
u_104104,8,6,0,1,759.9,0.0,0.0,female,True,True,DE,ORD,743,8,759.9,826.99,Engaged,Family Perk
u_104105,9,7,6,0,845.2,293.25,3.1,female,False,True,AU,ORD,593,9,1138.45,715.84,Engaged,Flight Discount
u_104106,25,8,3,3,462.78,320.64,6.6,female,False,False,AU,DFW,550,25,783.42,653.34,Frequent,Other
u_104107,1,0,0,0,0.0,0.0,0.0,male,False,True,FR,DFW,254,1,0.0,255.0,Other,Family Perk
u_104108,18,7,5,0,94.14,216.15,4.0,female,False,True,DE,BOS,395,18,310.29,444.03,Frequent,Hotel Discount
u_104109,15,7,3,1,606.6,99.45,7.0,male,True,False,FR,ORD,511,15,706.05,596.6,Frequent,Hotel Discount
u_104110,31,7,3,2,458.69,399.73,7.0,male,True,False,CA,JFK,925,31,858.42,1041.84,Frequent,Hotel Discount
u_104111,6,1,4,3,213.4,306.11,4.0,male,True,True,GB,ATL,518,6,519.51,575.95,Engaged,Flight Discount
u_104112,9,6,4,3,870.31,363.38,1.5,male,False,True,CA,LGA,685,9,1233.69,817.37,Engaged,Loyalty Perk
u_104113,31,5,3,2,457.96,84.48,5.1,female,False,True,US,BOS,254,31,542.44,339.24,Frequent,Other
u_104114,43,8,2,2,290.02,237.6,4.8,male,True,True,DE,LGA,63,43,527.62,158.76,Frequent,Loyalty Perk
u_104115,44,4,6,0,530.31,158.05,4.7,male,True,True,FR,SFO,359,44,688.36,471.84,Frequent,Flight Discount
u_104116,31,7,1,1,769.6,220.5,1.2,female,False,False,US,JFK,126,31,990.1,256.01,Frequent,Other
u_104117,37,7,0,1,467.84,0.0,0.0,male,False,True,GB,DFW,507,37,467.84,590.78,Frequent,Family Perk
u_104118,30,5,3,0,436.11,57.71,1.7,male,True,False,US,SEA,918,30,493.82,997.38,Frequent,Flight Discount
u_104119,7,1,6,1,531.53,95.38,1.5,female,True,False,AU,MIA,65,7,626.91,134.69,Engaged,Loyalty Perk
u_104120,36,3,0,3,343.86,0.0,0.0,female,False,False,US,SFO,435,36,343.86,505.39,Frequent,Other
u_104121,41,6,4,0,503.13,191.5,5.0,male,True,False,US,BOS,684,41,694.63,794.46,Frequent,Loyalty Perk
u_104122,38,6,2,1,221.49,195.62,6.0,female,True,False,GB,DFW,1192,38,417.11,1271.71,Frequent,Loyalty Perk
u_104123,4,0,1,2,0.0,237.15,5.0,male,False,False,FR,ORD,1160,4,237.15,1187.71,Engaged,Other
u_104124,40,1,5,0,495.7,171.8,2.4,female,False,True,CA,DFW,1171,40,667.5,1277.75,Frequent,New User Perk
u_104125,29,7,4,1,316.62,223.85,6.0,male,True,True,DE,LAX,414,29,540.47,497.05,Frequent,Other
u_104126,32,7,5,0,177.75,129.07,1.3,male,True,False,DE,JFK,139,32,306.82,201.68,Frequent,Flight Discount
u_104127,20,5,3,2,166.5,269.32,1.4,female,True,False,US,SEA,587,20,435.82,650.58,Frequent,Other
u_104128,6,3,1,0,763.48,290.54,2.0,male,True,True,US,LGA,270,6,1054.02,381.4,Engaged,Loyalty Perk
u_104129,16,2,0,2,621.61,0.0,0.0,male,False,True,US,JFK,1173,16,621.61,1251.16,Frequent,Hotel Discount
u_104130,18,4,1,3,662.76,382.7,2.9,male,True,False,DE,LAX,184,18,1045.46,306.55,Frequent,Other
u_104131,13,3,3,2,589.25,205.1,3.9,female,False,True,GB,BOS,121,13,794.35,213.44,Frequent,Loyalty Perk
u_104132,12,0,6,1,0.0,127.97,4.1,male,False,False,US,ATL,298,12,127.97,322.8,Frequent,Other
u_104133,31,8,5,3,525.63,74.67,3.3,female,False,False,US,ATL,872,31,600.3,963.03,Frequent,Other
u_104134,44,0,5,3,0.0,293.61,3.3,male,False,True,DE,SEA,963,44,293.61,1036.36,Frequent,Loyalty Perk
u_104135,43,5,4,3,482.16,218.84,5.2,female,False,False,DE,SEA,1068,43,701.0,1181.1,Frequent,Other
u_104136,9,3,5,1,719.88,132.25,6.4,female,False,True,AU,BOS,1189,9,852.13,1283.21,Engaged,Flight Discount
u_104137,32,8,4,3,749.06,207.08,3.7,female,False,True,US,MIA,1145,32,956.14,1272.61,Frequent,Hotel Discount
u_104138,10,1,3,1,190.94,136.99,1.0,female,False,False,US,SFO,710,10,327.93,752.79,Frequent,Other
u_104139,38,5,2,3,406.65,314.81,1.3,female,True,True,US,LAX,1100,38,721.46,1210.15,Frequent,Loyalty Perk
u_104140,1,6,1,1,641.69,277.23,3.1,female,True,False,US,ATL,607,1,918.92,699.89,Engaged,Loyalty Perk
u_104141,30,0,5,2,0.0,239.43,3.4,female,False,True,DE,DFW,284,30,239.43,337.94,Frequent,Hotel Discount
u_104142,38,6,1,2,245.67,180.78,5.7,female,True,False,FR,SFO,126,38,426.45,206.64,Frequent,Flight Discount
u_104143,30,2,2,0,494.47,182.8,4.4,female,True,False,US,MIA,1038,30,677.27,1135.73,Frequent,Other
u_104144,28,7,0,0,635.07,0.0,0.0,male,True,True,GB,MIA,186,28,635.07,277.51,Frequent,Flight Discount
u_104145,22,2,5,0,470.59,77.48,4.1,male,False,True,US,DFW,1157,22,548.07,1233.81,Frequent,Loyalty Perk
u_104146,7,8,4,3,106.53,62.23,6.5,male,True,True,US,ORD,818,7,168.76,841.88,Engaged,Other
u_104147,31,4,0,2,414.32,0.0,0.0,male,False,True,CA,JFK,737,31,414.32,809.43,Frequent,Flight Discount
u_104148,22,5,4,0,420.32,395.68,2.8,female,True,True,US,ORD,208,22,816.0,311.6,Frequent,Family Perk
u_104149,25,3,1,3,666.29,228.14,3.0,female,False,True,US,ORD,141,25,894.43,255.44,Frequent,Family Perk
u_104150,21,0,0,0,0.0,0.0,0.0,female,False,True,GB,LAX,876,21,0.0,897.0,Frequent,Family Perk
u_104151,42,6,4,3,772.22,268.86,5.1,female,False,False,US,MIA,1024,42,1041.08,1170.11,Frequent,Family Perk
u_104152,22,2,2,2,529.0,201.62,5.6,male,True,False,US,DFW,162,22,730.62,257.06,Frequent,Loyalty Perk
u_104153,2,4,1,2,682.59,76.56,4.1,female,True,False,US,ATL,110,2,759.15,187.91,Engaged,Loyalty Perk
u_104154,24,1,6,1,198.72,209.52,1.3,female,True,True,CA,MIA,642,24,408.24,706.82,Frequent,Other
u_104155,34,4,6,3,663.29,306.51,4.4,male,True,False,CA,ORD,354,34,969.8,484.98,Frequent,Loyalty Perk
u_104156,16,2,5,1,750.95,330.25,1.8,female,True,True,AU,ORD,480,16,1081.2,604.12,Frequent,Loyalty Perk
u_104157,45,2,5,2,882.46,310.14,1.8,female,False,False,US,JFK,463,45,1192.6,627.26,Frequent,Flight Discount
u_104158,8,8,1,1,299.97,90.58,4.0,male,False,True,US,BOS,212,8,390.55,259.05,Engaged,Flight Discount
u_104159,40,1,0,3,195.33,0.0,0.0,female,True,False,US,SEA,335,40,195.33,394.53,Frequent,Loyalty Perk
u_104160,14,1,2,1,368.82,108.65,5.5,female,True,True,US,SFO,972,14,477.47,1033.75,Frequent,Hotel Discount
u_104161,37,4,0,2,730.57,0.0,0.0,female,False,True,CA,LGA,1046,37,730.57,1156.06,Frequent,Loyalty Perk
u_104162,42,2,2,2,396.66,106.37,6.5,female,True,True,US,BOS,849,42,503.03,941.3,Frequent,Flight Discount
u_104163,28,4,5,3,800.08,99.53,5.3,male,False,True,US,BOS,475,28,899.61,592.96,Frequent,Hotel Discount
u_104164,29,8,5,1,402.05,311.14,2.0,male,False,True,AU,ORD,544,29,713.19,644.32,Frequent,Other
u_104165,31,5,4,0,307.57,212.96,5.2,female,True,False,FR,DFW,936,31,520.53,1019.05,Frequent,Flight Discount
u_104166,23,7,4,2,627.54,61.77,5.1,male,False,False,US,LGA,403,23,689.31,494.93,Frequent,Family Perk
u_104167,20,4,5,1,307.76,180.97,4.5,male,True,True,US,DFW,785,20,488.73,853.87,Frequent,New User Perk
u_104168,32,2,5,0,689.99,284.08,1.2,male,False,False,GB,DFW,906,32,974.07,1035.41,Frequent,Hotel Discount
u_104169,12,0,2,1,0.0,280.78,3.7,female,True,True,AU,LAX,285,12,280.78,325.08,Frequent,Family Perk
u_104170,17,2,3,0,365.77,373.98,6.2,female,False,True,CA,BOS,516,17,739.75,606.97,Frequent,Hotel Discount
u_104171,33,2,0,3,605.92,0.0,0.0,female,True,True,FR,LGA,38,33,605.92,131.59,Frequent,Flight Discount
u_104172,12,1,0,2,709.19,0.0,0.0,male,True,True,US,SFO,430,12,709.19,512.92,Frequent,Loyalty Perk
u_104173,11,7,6,1,561.73,385.76,1.1,female,False,True,US,LGA,675,11,947.49,780.75,Frequent,Loyalty Perk
u_104174,36,2,6,2,766.77,250.26,5.7,male,True,True,DE,ATL,1079,36,1017.03,1216.7,Frequent,Flight Discount
u_104175,28,0,1,1,0.0,344.26,2.8,male,False,False,US,LAX,1158,28,344.26,1220.43,Frequent,Other
u_104176,31,8,0,3,166.76,0.0,0.0,female,False,True,US,ORD,740,31,166.76,787.68,Frequent,Flight Discount
u_104177,1,8,4,2,753.91,106.58,5.0,female,False,True,CA,MIA,1138,1,860.49,1225.05,Engaged,Flight Discount
u_104178,27,6,0,0,870.25,0.0,0.0,female,True,True,US,BOS,965,27,870.25,1079.03,Frequent,Hotel Discount
u_104179,8,5,4,0,272.46,153.49,6.5,female,False,True,US,SEA,1030,8,425.95,1080.59,Engaged,Other
u_104180,21,6,4,2,507.33,121.32,5.6,male,False,True,US,LAX,307,21,628.65,390.86,Frequent,Hotel Discount
u_104181,20,2,6,2,631.99,373.09,4.6,female,False,False,US,SFO,693,20,1005.08,813.51,Frequent,Other
u_104182,3,7,0,0,688.2,0.0,0.0,male,False,False,DE,LGA,126,3,688.2,197.82,Engaged,New User Perk
u_104183,40,2,0,3,227.22,0.0,0.0,male,True,False,US,SFO,574,40,227.22,636.72,Frequent,Hotel Discount
u_104184,35,6,3,1,750.78,88.58,5.0,female,True,False,GB,BOS,587,35,839.36,705.94,Frequent,Flight Discount
u_104185,22,4,1,0,172.19,364.98,4.1,female,True,False,US,JFK,1054,22,537.17,1129.72,Frequent,Loyalty Perk
u_104186,21,5,0,3,248.34,0.0,0.0,female,False,True,US,MIA,836,21,248.34,881.83,Frequent,Loyalty Perk
u_104187,6,3,6,3,819.04,58.12,5.6,female,False,True,CA,ORD,31,6,877.16,124.72,Engaged,Loyalty Perk
u_104188,16,8,1,1,304.44,144.98,2.0,male,True,True,US,MIA,741,16,449.42,801.94,Frequent,Loyalty Perk
u_104189,42,5,6,2,133.35,207.55,1.7,female,True,True,DE,BOS,613,42,340.9,689.09,Frequent,New User Perk
u_104190,39,4,4,1,103.47,398.39,4.7,female,True,True,CA,SFO,131,39,501.86,220.19,Frequent,Other
u_104191,21,6,4,0,574.36,295.53,2.1,male,True,True,AU,ATL,420,21,869.89,527.99,Frequent,Loyalty Perk
u_104192,2,3,5,0,446.5,51.02,4.4,female,True,False,AU,DFW,1190,2,497.52,1241.75,Engaged,Flight Discount
u_104193,4,6,3,0,127.06,86.6,4.7,female,False,True,FR,JFK,786,4,213.66,811.37,Engaged,Flight Discount
u_104194,22,3,5,3,317.23,145.04,5.1,female,True,True,FR,MIA,1121,22,462.27,1189.23,Frequent,Flight Discount
u_104195,22,4,4,1,289.73,211.78,4.1,male,True,False,AU,MIA,332,22,501.51,404.15,Frequent,Hotel Discount
u_104196,25,3,1,0,146.36,212.52,4.8,female,True,True,DE,BOS,476,25,358.88,536.89,Frequent,New User Perk
u_104197,12,5,2,0,149.58,309.22,6.0,male,False,False,US,ORD,268,12,458.8,325.88,Frequent,Flight Discount
u_104198,7,8,0,3,897.94,0.0,0.0,female,False,False,US,SFO,574,7,897.94,670.79,Engaged,Flight Discount
u_104199,4,4,6,1,739.67,170.82,3.7,female,False,False,AU,LGA,872,4,910.49,967.05,Engaged,Hotel Discount
u_104200,23,8,2,3,545.91,392.38,3.1,male,True,False,CA,DFW,830,23,938.29,946.83,Frequent,Hotel Discount
u_104201,2,5,2,2,335.23,250.01,2.0,male,True,False,US,ATL,796,2,585.24,856.52,Engaged,Flight Discount
u_104202,40,7,6,1,731.21,391.65,5.8,male,False,False,US,BOS,128,40,1122.86,280.29,Frequent,Flight Discount
u_104203,45,2,6,2,608.3,113.61,6.8,female,False,False,DE,SFO,522,45,721.91,639.19,Frequent,Loyalty Perk
u_104204,23,8,0,0,898.33,0.0,0.0,female,False,False,US,MIA,598,23,898.33,710.83,Frequent,Flight Discount
u_104205,28,3,2,0,634.0,268.38,5.4,male,False,False,FR,ORD,129,28,902.38,247.24,Frequent,Family Perk
u_104206,27,2,1,1,373.66,366.28,1.0,male,True,False,US,MIA,974,27,739.94,1074.99,Frequent,Other
u_104207,33,1,6,1,184.28,389.45,1.6,female,True,False,GB,SFO,717,33,573.73,807.37,Frequent,Other
u_104208,43,8,1,1,245.85,321.12,1.8,female,True,False,US,JFK,147,43,566.97,246.7,Frequent,Loyalty Perk
u_104209,31,4,0,3,156.99,0.0,0.0,female,True,True,CA,MIA,792,31,156.99,838.7,Frequent,Flight Discount
u_104210,45,8,1,2,777.11,112.2,6.0,male,True,False,AU,DFW,1167,45,889.31,1300.93,Frequent,Hotel Discount
u_104211,35,3,1,3,315.9,102.73,3.1,female,True,True,FR,DFW,879,35,418.63,955.86,Frequent,Other
u_104212,42,3,5,0,250.14,96.4,1.6,female,True,False,AU,ORD,1160,42,346.54,1236.65,Frequent,Hotel Discount
u_104213,10,1,6,2,355.7,142.0,5.9,male,False,True,US,BOS,209,10,497.7,268.77,Frequent,Loyalty Perk
u_104214,35,3,5,1,318.1,349.21,1.5,female,True,True,US,BOS,178,35,667.31,279.73,Frequent,Other
u_104215,28,6,4,3,203.45,120.57,3.7,female,False,False,GB,SEA,241,28,324.02,301.4,Frequent,Loyalty Perk
u_104216,24,7,5,2,180.16,392.83,3.7,male,True,True,US,DFW,809,24,572.99,890.3,Frequent,Flight Discount
u_104217,12,4,1,1,269.4,385.87,1.5,male,True,True,US,LAX,818,12,655.27,895.53,Frequent,Family Perk
u_104218,40,7,5,1,832.63,73.12,2.9,male,True,False,US,ATL,361,40,905.75,491.58,Frequent,Hotel Discount
u_104219,28,4,1,0,600.19,299.91,5.7,male,True,True,AU,SEA,221,28,900.1,339.01,Frequent,Family Perk
u_104220,40,1,0,2,401.74,0.0,0.0,male,True,True,US,LGA,128,40,401.74,208.17,Frequent,Loyalty Perk
u_104221,27,8,6,3,662.25,81.13,2.2,male,True,False,GB,MIA,763,27,743.38,864.34,Frequent,Other
u_104222,37,2,5,0,216.55,326.23,2.1,male,True,False,FR,ORD,578,37,542.78,669.28,Frequent,Hotel Discount
u_104223,30,7,6,3,337.85,124.67,3.1,male,False,False,AU,SFO,366,30,462.52,442.25,Frequent,Loyalty Perk
u_104224,11,4,2,1,292.52,141.57,5.2,male,False,False,US,JFK,164,11,434.09,218.41,Frequent,Loyalty Perk
u_104225,44,1,4,1,198.9,124.72,5.3,female,True,False,DE,BOS,585,44,323.62,661.36,Frequent,Other
u_104226,20,8,2,3,718.21,326.87,5.4,female,False,False,CA,BOS,646,20,1045.08,770.51,Frequent,Loyalty Perk
u_104227,30,2,4,0,290.51,182.8,1.3,male,False,True,US,SFO,161,30,473.31,238.33,Frequent,Other
u_104228,29,6,6,2,623.76,90.34,5.6,male,False,True,FR,LAX,463,29,714.1,563.41,Frequent,Hotel Discount
u_104229,22,1,6,1,442.02,343.6,1.1,female,False,False,GB,LAX,876,22,785.62,976.56,Frequent,New User Perk
u_104230,2,3,6,1,289.37,245.76,2.0,female,True,True,DE,BOS,1010,2,535.13,1065.51,Engaged,New User Perk
u_104231,11,8,5,0,498.27,302.43,6.3,male,True,True,US,BOS,686,11,800.7,777.07,Frequent,Family Perk
u_104232,24,0,3,0,0.0,171.0,5.1,male,False,False,GB,LGA,572,24,171.0,613.1,Frequent,Flight Discount
u_104233,5,7,5,3,839.29,286.22,6.3,female,False,False,AU,LAX,392,5,1125.51,509.55,Engaged,Family Perk
u_104234,23,1,5,2,566.07,208.34,2.2,male,False,False,GB,MIA,101,23,774.41,201.44,Frequent,Hotel Discount
u_104235,17,5,2,2,353.59,51.16,1.8,female,False,True,US,BOS,321,17,404.75,378.48,Frequent,Flight Discount
u_104236,4,5,4,1,125.85,250.88,4.7,female,True,True,US,LAX,509,4,376.73,550.67,Engaged,Flight Discount
u_104237,20,1,6,3,429.91,370.46,4.6,male,True,True,US,LAX,123,20,800.37,223.04,Frequent,Flight Discount
u_104238,25,6,3,2,129.5,375.6,5.0,female,True,True,FR,LAX,1014,25,505.1,1089.51,Frequent,Other
u_104239,43,5,4,0,679.19,99.39,2.3,female,False,False,US,SFO,710,43,778.58,830.86,Frequent,Loyalty Perk
u_104240,17,3,3,2,398.85,253.52,3.8,male,True,True,GB,ORD,902,17,652.37,984.24,Frequent,Other
u_104241,14,1,2,1,230.45,75.91,5.4,female,False,False,CA,LGA,706,14,306.36,750.64,Frequent,Loyalty Perk
u_104242,21,3,1,0,405.25,389.18,5.4,female,True,True,GB,SFO,1159,21,794.43,1259.44,Frequent,Other
u_104243,39,4,6,2,91.27,388.45,5.9,female,False,True,US,MIA,832,39,479.72,918.97,Frequent,Other
u_104244,10,8,5,3,798.72,226.9,4.2,male,True,False,US,ATL,230,10,1025.62,342.56,Frequent,Flight Discount
u_104245,13,0,2,1,0.0,281.08,5.5,female,True,False,CA,DFW,900,13,281.08,941.11,Frequent,Flight Discount
u_104246,2,7,5,1,487.21,141.24,1.8,female,True,False,US,SEA,89,2,628.45,153.85,Engaged,Flight Discount
u_104247,29,3,4,3,468.42,246.33,6.1,female,True,True,CA,LGA,126,29,714.75,226.47,Frequent,Flight Discount
u_104248,17,2,6,2,536.03,206.49,2.7,female,True,False,US,SFO,120,17,742.52,211.25,Frequent,Other
u_104249,44,8,6,3,480.13,251.73,3.1,female,False,True,CA,LGA,188,44,731.86,305.19,Frequent,Hotel Discount
u_104250,30,0,5,0,0.0,189.29,4.1,female,True,True,US,ORD,58,30,189.29,106.93,Frequent,Hotel Discount
u_104251,40,4,3,0,329.91,366.32,4.9,female,False,True,US,LGA,410,40,696.23,519.62,Frequent,Hotel Discount
u_104252,30,4,0,3,355.62,0.0,0.0,female,True,False,AU,SEA,940,30,355.62,1005.56,Frequent,New User Perk
u_104253,27,3,5,3,163.09,153.79,3.4,female,False,False,FR,SFO,262,27,316.88,320.69,Frequent,Hotel Discount
u_104254,5,7,0,3,508.17,0.0,0.0,female,False,False,US,DFW,646,5,508.17,701.82,Engaged,Flight Discount
u_104255,14,2,2,0,88.26,348.21,1.2,male,False,False,US,DFW,1170,14,436.47,1227.65,Frequent,Loyalty Perk
u_104256,4,1,0,1,117.27,0.0,0.0,male,False,True,CA,JFK,197,4,117.27,212.73,Engaged,Loyalty Perk
u_104257,21,7,4,3,159.11,255.81,5.9,female,False,False,FR,JFK,295,21,414.92,357.49,Frequent,Loyalty Perk
u_104258,21,8,1,2,781.79,217.24,1.1,male,True,True,US,DFW,81,21,999.03,201.9,Frequent,Hotel Discount
u_104259,29,4,5,1,415.97,150.84,3.0,male,True,False,FR,SFO,395,29,566.81,480.68,Frequent,New User Perk
u_104260,7,5,6,2,406.76,202.73,4.8,female,True,True,AU,ATL,33,7,609.49,100.95,Engaged,Loyalty Perk
u_104261,45,1,5,3,880.61,228.07,3.5,male,False,True,US,ORD,523,45,1108.68,678.87,Frequent,Loyalty Perk
u_104262,29,5,6,0,530.13,249.35,4.9,female,False,False,US,ATL,441,29,779.48,547.95,Frequent,Hotel Discount
u_104263,20,4,0,1,449.6,0.0,0.0,female,False,True,US,BOS,439,20,449.6,503.96,Frequent,Other
u_104264,44,4,6,3,571.56,142.39,3.7,male,False,False,CA,JFK,197,44,713.95,312.4,Frequent,Family Perk
u_104265,2,8,6,1,284.28,231.15,1.1,female,True,False,US,MIA,63,2,515.43,116.54,Engaged,Family Perk
u_104266,36,2,5,2,425.99,271.03,2.2,male,False,True,AU,SEA,331,36,697.02,436.7,Frequent,Flight Discount
u_104267,7,6,4,0,247.93,382.97,5.9,male,True,True,FR,BOS,474,7,630.9,544.09,Engaged,Flight Discount
u_104268,10,3,2,2,193.31,74.99,5.6,male,True,True,US,SEA,832,10,268.3,868.83,Frequent,New User Perk
u_104269,42,4,4,1,892.45,107.43,5.1,male,True,False,FR,ATL,422,42,999.88,563.99,Frequent,Other
u_104270,38,7,0,0,496.82,0.0,0.0,female,False,False,US,ATL,222,38,496.82,309.68,Frequent,Flight Discount
u_104271,42,3,3,2,666.86,288.32,2.1,female,True,True,US,ORD,562,42,955.18,699.52,Frequent,New User Perk
u_104272,10,7,0,0,796.1,0.0,0.0,female,False,False,DE,LAX,1086,10,796.1,1175.61,Frequent,Family Perk
u_104273,43,5,4,3,244.52,126.43,2.5,female,False,False,US,LAX,776,43,370.95,856.09,Frequent,Other
u_104274,4,0,3,0,0.0,340.76,5.7,male,False,False,US,LAX,534,4,340.76,572.08,Engaged,Loyalty Perk
u_104275,31,5,4,2,556.88,204.62,3.9,female,False,True,AU,MIA,221,31,761.5,328.15,Frequent,Flight Discount
u_104276,22,3,4,1,489.03,389.59,6.8,female,False,True,US,ORD,407,22,878.62,516.86,Frequent,Loyalty Perk
u_104277,19,7,3,0,860.59,109.07,6.6,female,True,False,AU,ATL,1104,19,969.66,1219.97,Frequent,Hotel Discount
u_104278,35,0,4,2,0.0,105.4,2.6,male,False,False,US,DFW,302,35,105.4,347.54,Frequent,Flight Discount
u_104279,29,2,0,0,470.24,0.0,0.0,female,False,True,DE,ORD,76,29,470.24,152.02,Frequent,New User Perk
u_104280,30,7,6,2,473.53,178.93,1.3,female,False,False,GB,MIA,887,30,652.46,982.25,Frequent,Flight Discount
u_104281,3,7,0,3,480.32,0.0,0.0,female,False,False,FR,ATL,1036,3,480.32,1087.03,Engaged,Loyalty Perk
u_104282,37,2,1,0,882.19,53.4,2.3,male,True,True,US,DFW,649,37,935.59,779.56,Frequent,Loyalty Perk
u_104283,13,3,0,1,497.83,0.0,0.0,female,True,False,GB,LGA,50,13,497.83,112.78,Frequent,Flight Discount
u_104284,29,3,0,1,843.99,0.0,0.0,female,False,True,US,ORD,1199,29,843.99,1312.4,Frequent,Hotel Discount
u_104285,45,5,4,3,267.19,292.97,4.9,male,False,True,FR,SEA,302,45,560.16,403.02,Frequent,Family Perk
u_104286,45,8,3,1,796.86,82.95,1.2,female,True,True,FR,ORD,395,45,879.81,527.98,Frequent,Other
u_104287,15,8,0,3,554.62,0.0,0.0,female,False,False,US,LGA,1200,15,554.62,1270.46,Frequent,Flight Discount
u_104288,45,8,5,3,774.32,336.74,2.6,female,False,True,DE,MIA,591,45,1111.06,747.11,Frequent,New User Perk
u_104289,22,4,5,1,441.09,390.16,2.9,male,False,True,US,JFK,970,22,831.25,1075.12,Frequent,Loyalty Perk
u_104290,33,4,1,1,93.53,106.48,5.4,male,True,False,US,SFO,398,33,200.01,451.0,Frequent,Hotel Discount
u_104291,32,2,1,0,789.53,295.37,2.3,female,True,True,GB,LAX,168,32,1084.9,308.49,Frequent,Loyalty Perk
u_104292,29,5,6,3,188.12,204.26,1.7,female,True,True,AU,SEA,1072,29,392.38,1140.24,Frequent,Loyalty Perk
u_104293,26,5,5,3,314.88,315.84,1.4,female,True,False,US,DFW,810,26,630.72,899.07,Frequent,Loyalty Perk
u_104294,7,6,5,2,700.44,190.19,1.9,male,False,False,FR,SEA,287,7,890.63,383.06,Engaged,New User Perk
u_104295,21,3,6,0,829.54,396.32,6.5,female,False,True,AU,LGA,204,21,1225.86,347.59,Frequent,Loyalty Perk
u_104296,16,1,6,1,680.61,121.18,4.8,male,True,False,DE,BOS,174,16,801.79,270.18,Frequent,New User Perk
u_104297,21,0,5,0,0.0,268.57,2.4,female,True,True,US,LAX,337,21,268.57,384.86,Frequent,Loyalty Perk
u_104298,19,4,3,1,443.82,369.78,5.3,female,False,False,CA,SFO,387,19,813.6,487.36,Frequent,Flight Discount
u_104299,2,6,3,3,448.47,319.75,5.5,female,False,True,DE,DFW,287,2,768.22,365.82,Engaged,Hotel Discount
u_104300,39,8,6,1,236.68,181.54,5.9,female,True,True,DE,MIA,298,39,418.22,378.82,Frequent,Other
u_104301,37,0,4,0,0.0,111.88,6.9,male,True,False,FR,SEA,390,37,111.88,438.19,Frequent,Hotel Discount
u_104302,8,5,3,3,141.47,110.54,6.4,male,False,True,GB,BOS,380,8,252.01,413.2,Engaged,Other
u_104303,27,2,6,2,318.3,220.55,2.1,female,True,True,US,SFO,1138,27,538.85,1218.89,Frequent,Flight Discount
u_104304,45,2,0,0,297.61,0.0,0.0,female,True,True,US,SFO,411,45,297.61,485.76,Frequent,Hotel Discount
u_104305,31,6,5,3,433.46,329.53,3.8,male,True,True,US,DFW,452,31,762.99,559.3,Frequent,Flight Discount
u_104306,40,3,3,2,145.9,220.4,6.3,male,False,True,CA,LGA,1125,40,366.3,1201.63,Frequent,Flight Discount
u_104307,25,7,4,0,536.42,334.6,1.4,female,True,False,US,ATL,344,25,871.02,456.1,Frequent,Other
u_104308,22,1,4,2,112.15,377.64,4.2,female,False,False,US,BOS,740,22,489.79,810.98,Frequent,Flight Discount
u_104309,30,5,6,1,530.01,297.74,6.8,male,False,True,US,LGA,1000,30,827.75,1112.78,Frequent,Loyalty Perk
u_104310,12,5,4,1,813.42,334.12,5.0,female,False,False,US,LAX,408,12,1147.54,534.75,Frequent,Flight Discount
u_104311,24,5,5,0,282.76,54.68,4.5,male,False,False,CA,ATL,1147,24,337.44,1204.74,Frequent,Other
u_104312,16,6,3,3,506.53,247.24,6.8,female,False,False,DE,LAX,684,16,753.77,775.38,Frequent,Flight Discount
u_104313,12,6,6,3,589.65,154.63,4.7,female,True,True,AU,MIA,108,12,744.28,194.43,Frequent,Other
u_104314,25,4,4,0,258.35,74.12,4.8,female,True,True,US,SEA,758,25,332.47,816.25,Frequent,Loyalty Perk
u_104315,22,0,5,2,0.0,311.61,2.7,male,True,True,GB,MIA,645,22,311.61,698.16,Frequent,Hotel Discount
u_104316,21,6,0,1,190.56,0.0,0.0,female,True,True,FR,ORD,509,21,190.56,549.06,Frequent,Flight Discount
u_104317,41,6,1,3,589.75,373.96,5.4,male,True,False,CA,BOS,747,41,963.71,884.37,Frequent,Other
u_104318,15,5,5,0,479.28,262.18,1.5,female,True,False,US,DFW,358,15,741.46,447.15,Frequent,Loyalty Perk
u_104319,13,1,6,2,446.42,257.08,3.4,male,True,False,GB,MIA,397,13,703.5,480.35,Frequent,Family Perk
u_104320,21,3,3,3,895.32,376.6,6.0,male,False,False,GB,BOS,902,21,1271.92,1050.19,Frequent,Family Perk
u_104321,37,8,6,3,314.38,155.96,3.8,male,False,False,US,JFK,400,37,470.34,484.03,Frequent,Loyalty Perk
u_104322,19,7,5,3,99.15,63.88,5.6,female,False,False,GB,SEA,730,19,163.03,765.3,Frequent,Flight Discount
u_104323,15,2,6,3,658.94,157.86,6.8,male,False,False,AU,DFW,175,15,816.8,271.68,Frequent,New User Perk
u_104324,30,0,0,2,0.0,0.0,0.0,female,False,False,US,SEA,814,30,0.0,844.0,Frequent,Loyalty Perk
u_104325,29,2,0,0,537.77,0.0,0.0,female,True,True,GB,LAX,551,29,537.77,633.78,Frequent,Flight Discount
u_104326,26,6,5,2,542.58,120.34,2.0,male,False,False,AU,LGA,1022,26,662.92,1114.29,Frequent,Family Perk
u_104327,17,3,5,1,373.28,149.97,2.9,male,True,True,US,JFK,367,17,523.25,436.33,Frequent,Family Perk
u_104328,21,3,2,3,580.65,370.64,5.6,male,True,False,AU,MIA,101,21,951.29,217.13,Frequent,Loyalty Perk
u_104329,2,3,1,3,407.33,347.18,3.8,male,True,True,US,LGA,56,2,754.51,133.45,Engaged,Loyalty Perk
u_104330,10,7,5,3,718.09,170.99,1.9,female,False,False,US,MIA,634,10,889.08,732.91,Frequent,Loyalty Perk
u_104331,9,1,2,1,382.11,209.78,6.9,male,False,True,US,LAX,350,9,591.89,418.19,Engaged,Other
u_104332,25,2,2,1,576.95,325.3,2.3,male,False,False,AU,JFK,80,25,902.25,195.22,Frequent,Other
u_104333,30,4,2,3,96.18,127.37,6.9,male,False,True,US,SEA,798,30,223.55,850.36,Frequent,Flight Discount
u_104334,36,3,0,1,867.56,0.0,0.0,male,False,False,US,SEA,485,36,867.56,607.76,Frequent,Hotel Discount
u_104335,12,1,6,3,315.11,273.45,6.0,female,True,False,DE,MIA,483,12,588.56,553.86,Frequent,Flight Discount
u_104336,36,6,5,3,513.17,252.19,2.1,male,False,True,AU,DFW,418,36,765.36,530.54,Frequent,Loyalty Perk
u_104337,26,0,1,2,0.0,293.53,6.6,female,True,True,DE,BOS,876,26,293.53,931.35,Frequent,Loyalty Perk
u_104338,10,1,5,0,295.29,286.86,5.3,female,False,False,US,JFK,742,10,582.15,810.21,Frequent,Hotel Discount
u_104339,6,6,2,2,546.8,220.8,3.0,male,False,False,US,LGA,623,6,767.6,705.76,Engaged,Flight Discount
u_104340,5,0,1,0,0.0,273.96,2.2,female,True,False,GB,LAX,1146,5,273.96,1178.4,Engaged,Other
u_104341,2,4,1,0,195.78,371.21,5.8,male,False,True,US,MIA,42,2,566.99,100.7,Engaged,Loyalty Perk
u_104342,6,0,0,2,0.0,0.0,0.0,female,False,False,GB,LAX,1158,6,0.0,1164.0,Other,Flight Discount
u_104343,34,6,6,1,229.91,266.07,6.7,female,True,False,GB,MIA,689,34,495.98,772.6,Frequent,Family Perk
u_104344,23,6,3,1,572.46,100.25,2.3,female,True,False,US,LGA,872,23,672.71,962.27,Frequent,New User Perk
u_104345,44,8,5,3,196.21,134.12,5.6,male,False,True,AU,DFW,414,44,330.33,491.03,Frequent,New User Perk
u_104346,4,4,3,3,99.03,157.16,2.2,female,True,False,GB,LAX,44,4,256.19,73.62,Engaged,Other
u_104347,11,5,2,1,527.85,211.02,5.4,female,False,True,DE,ORD,472,11,738.87,556.89,Frequent,Loyalty Perk
u_104348,4,6,6,1,329.35,123.82,2.4,male,False,True,US,SFO,310,4,453.17,359.32,Engaged,Loyalty Perk
u_104349,17,6,3,2,840.5,382.17,2.5,male,True,True,CA,MIA,145,17,1222.67,284.27,Frequent,Other
u_104350,45,2,0,1,559.55,0.0,0.0,female,False,True,FR,SFO,245,45,559.55,345.95,Frequent,New User Perk
u_104351,14,0,2,0,0.0,254.37,1.3,male,True,False,CA,ORD,524,14,254.37,563.44,Frequent,Other
u_104352,31,6,4,2,626.9,187.3,3.0,male,False,True,US,BOS,650,31,814.2,762.42,Frequent,Other
u_104353,34,5,3,2,380.29,202.15,5.6,female,True,False,DE,MIA,630,34,582.44,722.24,Frequent,Flight Discount
u_104354,2,1,4,1,200.07,175.85,5.2,male,True,False,DE,SFO,933,2,375.92,972.59,Engaged,Hotel Discount
u_104355,28,6,0,2,223.25,0.0,0.0,female,True,True,US,JFK,1072,28,223.25,1122.32,Frequent,Hotel Discount
u_104356,2,3,5,2,454.36,224.56,4.7,female,False,True,CA,LAX,276,2,678.92,345.89,Engaged,New User Perk
u_104357,14,6,1,1,895.63,371.96,3.0,male,False,True,FR,MIA,749,14,1267.59,889.76,Frequent,Flight Discount
u_104358,42,6,1,0,796.09,300.98,3.6,female,True,False,DE,SEA,1128,42,1097.07,1279.71,Frequent,Hotel Discount
u_104359,41,6,6,0,363.15,272.87,4.3,male,False,False,GB,DFW,1032,41,636.02,1136.6,Frequent,Family Perk
u_104360,34,1,2,2,602.79,94.41,4.4,male,True,False,FR,SFO,438,34,697.2,541.72,Frequent,Hotel Discount
u_104361,21,0,2,3,0.0,77.5,6.6,female,False,True,US,SEA,740,21,77.5,768.75,Frequent,Family Perk
u_104362,20,8,0,3,732.09,0.0,0.0,female,False,True,US,SEA,810,20,732.09,903.21,Frequent,Other
u_104363,5,8,3,1,566.0,366.36,5.9,male,False,True,US,SEA,411,5,932.36,509.24,Engaged,Other
u_104364,42,4,1,0,400.08,181.0,6.3,male,True,False,AU,LAX,171,42,581.08,271.11,Frequent,Other
u_104365,18,3,2,1,780.58,356.71,5.7,female,False,False,US,SFO,167,18,1137.29,298.73,Frequent,New User Perk
u_104366,43,3,1,3,659.15,61.26,5.9,female,False,True,US,LAX,1000,43,720.41,1115.04,Frequent,Loyalty Perk
u_104367,9,1,1,1,745.62,332.42,2.2,male,False,False,GB,ATL,642,9,1078.04,758.8,Engaged,New User Perk
u_104368,6,7,1,0,684.45,276.11,2.7,male,False,False,CA,ORD,839,6,960.56,941.06,Engaged,Loyalty Perk
u_104369,42,1,4,3,518.32,347.81,3.1,male,True,False,DE,LGA,684,42,866.13,812.61,Frequent,Hotel Discount
u_104370,7,3,0,1,374.39,0.0,0.0,female,False,True,US,BOS,937,7,374.39,981.44,Engaged,Hotel Discount
u_104371,23,0,2,2,0.0,292.37,3.7,female,True,False,US,ORD,873,23,292.37,925.24,Frequent,Flight Discount
u_104372,18,3,3,0,235.35,153.45,3.0,female,True,False,US,ATL,509,18,388.8,565.88,Frequent,Hotel Discount
u_104373,29,8,6,2,678.12,171.36,7.0,female,True,False,US,LGA,597,29,849.48,710.95,Frequent,New User Perk
u_104374,29,7,3,0,186.3,243.9,1.3,female,True,True,US,LAX,918,29,430.2,990.02,Frequent,Hotel Discount
u_104375,13,4,2,2,367.72,378.6,5.3,male,False,True,DE,ATL,108,13,746.32,195.63,Frequent,Other
u_104376,36,3,0,3,251.05,0.0,0.0,female,False,True,US,LGA,596,36,251.05,657.11,Frequent,Family Perk
u_104377,11,5,3,2,897.98,114.85,2.4,female,True,True,FR,DFW,518,11,1012.83,630.28,Frequent,Hotel Discount
u_104378,27,8,4,1,216.01,364.24,6.1,female,False,True,CA,BOS,482,27,580.25,567.02,Frequent,Family Perk
u_104379,42,6,5,0,237.82,231.24,4.0,male,True,False,DE,DFW,256,42,469.06,344.91,Frequent,Family Perk
u_104380,44,7,5,2,195.12,113.85,1.5,female,True,False,FR,SEA,358,44,308.97,432.9,Frequent,Hotel Discount
u_104381,14,4,1,0,233.95,287.26,4.3,male,True,False,US,LAX,461,14,521.21,527.12,Frequent,Other
u_104382,9,1,2,3,276.7,119.39,3.3,female,True,False,US,LGA,1188,9,396.09,1236.61,Engaged,Loyalty Perk
u_104383,40,4,4,0,576.72,217.87,5.2,male,False,False,FR,MIA,687,40,794.59,806.46,Frequent,Hotel Discount
u_104384,21,3,5,1,569.11,224.3,2.1,male,True,False,CA,SFO,675,21,793.41,775.34,Frequent,Other
u_104385,34,6,0,3,859.23,0.0,0.0,male,True,True,FR,BOS,849,34,859.23,968.92,Frequent,Loyalty Perk
u_104386,22,4,5,0,390.88,110.28,4.6,female,True,True,US,JFK,981,22,501.16,1053.12,Frequent,Hotel Discount
u_104387,3,6,2,2,889.71,188.86,1.6,female,False,True,US,DFW,401,3,1078.57,511.86,Engaged,Loyalty Perk
u_104388,23,3,2,0,244.25,136.89,6.6,female,False,False,US,SEA,876,23,381.14,937.11,Frequent,Other
u_104389,22,1,2,1,206.99,383.42,2.3,male,True,False,GB,MIA,137,22,590.41,218.04,Frequent,Flight Discount
u_104390,37,6,3,3,883.98,336.68,5.0,female,False,False,US,SFO,916,37,1220.66,1075.07,Frequent,Loyalty Perk
u_104391,7,4,3,3,735.01,345.16,4.5,female,True,True,CA,DFW,449,7,1080.17,564.02,Engaged,Flight Discount
u_104392,42,3,3,1,697.9,273.71,4.9,male,False,True,US,DFW,127,42,971.61,266.16,Frequent,Loyalty Perk
u_104393,27,7,5,2,806.33,142.26,5.9,male,True,True,AU,BOS,1103,27,948.59,1224.86,Frequent,Loyalty Perk
u_104394,5,8,0,0,411.22,0.0,0.0,female,True,True,US,SEA,548,5,411.22,594.12,Engaged,Other
u_104395,33,7,5,0,665.07,169.99,5.3,male,True,False,DE,JFK,1168,33,835.06,1284.51,Frequent,Hotel Discount
u_104396,37,1,4,2,668.59,294.39,4.2,female,True,False,CA,JFK,682,37,962.98,815.3,Frequent,Loyalty Perk
u_104397,25,1,2,1,196.33,205.36,1.2,male,True,False,CA,LAX,762,25,401.69,827.17,Frequent,Loyalty Perk
u_104398,42,3,5,3,104.56,90.35,5.5,male,True,False,FR,ATL,737,42,194.91,798.49,Frequent,Flight Discount
u_104399,8,0,0,2,0.0,0.0,0.0,female,True,True,FR,ATL,397,8,0.0,405.0,Other,Loyalty Perk
u_104400,17,7,1,3,715.23,129.79,4.9,male,True,True,FR,SFO,137,17,845.02,238.5,Frequent,Hotel Discount
u_104401,18,2,5,2,756.9,207.13,1.1,male,False,False,DE,LGA,466,18,964.03,580.4,Frequent,Loyalty Perk
u_104402,11,3,6,2,546.16,225.3,5.9,male,False,False,US,BOS,1059,11,771.46,1147.15,Frequent,Hotel Discount
u_104403,45,4,0,1,145.99,0.0,0.0,female,True,False,CA,BOS,517,45,145.99,576.6,Frequent,Other
u_104404,3,6,1,3,197.42,166.93,3.3,female,True,False,US,SEA,459,3,364.35,498.44,Engaged,Hotel Discount
u_104405,31,1,6,3,212.59,267.21,2.7,male,True,False,US,SFO,795,31,479.8,873.98,Frequent,Family Perk
u_104406,27,1,2,3,550.14,147.84,2.5,female,True,True,AU,DFW,1079,27,697.98,1175.8,Frequent,Other
u_104407,28,8,2,3,452.71,324.78,4.2,female,False,True,US,MIA,711,28,777.49,816.75,Frequent,Other
u_104408,40,3,0,1,605.98,0.0,0.0,male,False,False,GB,ORD,185,40,605.98,285.6,Frequent,Hotel Discount
u_104409,35,6,0,2,671.54,0.0,0.0,male,True,False,US,ORD,614,35,671.54,716.15,Frequent,Other
u_104410,1,3,3,0,463.19,242.45,2.9,male,False,True,DE,BOS,1145,1,705.64,1216.56,Engaged,Other
u_104411,17,6,2,2,347.79,161.13,3.3,female,False,True,US,LGA,819,17,508.92,886.89,Frequent,Flight Discount
u_104412,14,2,6,1,805.33,123.78,1.3,male,False,True,FR,JFK,611,14,929.11,717.91,Frequent,New User Perk
u_104413,39,8,6,1,821.05,155.78,4.2,male,True,True,US,SEA,1182,39,976.83,1318.68,Frequent,Other
u_104414,15,3,2,3,763.48,249.11,6.6,male,False,True,US,LAX,475,15,1012.59,591.26,Frequent,Other
u_104415,39,2,4,1,587.65,360.8,1.4,female,False,True,US,LAX,458,39,948.45,591.84,Frequent,New User Perk
u_104416,43,8,2,0,837.68,377.92,5.2,female,False,False,CA,LGA,190,43,1215.6,354.56,Frequent,Family Perk
u_104417,13,6,4,3,693.89,268.12,4.3,male,True,True,FR,LAX,332,13,962.01,441.2,Frequent,Other
u_104418,45,0,5,1,0.0,378.88,4.4,male,True,True,FR,LGA,511,45,378.88,593.89,Frequent,New User Perk
u_104419,4,4,3,3,142.77,150.99,3.2,female,True,False,US,DFW,891,4,293.76,924.38,Engaged,Other
u_104420,26,4,5,1,734.97,362.82,4.5,female,True,True,US,LGA,366,26,1097.79,501.78,Frequent,Flight Discount
u_104421,14,2,0,0,823.48,0.0,0.0,male,False,False,FR,ATL,109,14,823.48,205.35,Frequent,Other
u_104422,10,2,5,3,326.0,309.13,4.1,male,True,False,US,ORD,100,10,635.13,173.51,Frequent,Other
u_104423,35,3,2,2,285.3,168.75,3.9,female,False,True,US,BOS,313,35,454.05,393.41,Frequent,Flight Discount
u_104424,36,4,3,3,115.53,125.3,1.8,female,True,False,FR,SFO,418,36,240.83,478.08,Frequent,Hotel Discount
u_104425,6,0,2,1,0.0,308.63,3.7,male,False,False,US,ATL,388,6,308.63,424.86,Engaged,Flight Discount
u_104426,20,2,2,0,344.06,290.4,2.2,male,False,True,US,LAX,144,20,634.46,227.45,Frequent,Other
u_104427,36,7,6,3,725.8,341.87,6.5,male,False,False,CA,JFK,879,36,1067.67,1021.77,Frequent,Other
u_104428,27,2,5,0,327.14,318.94,4.0,female,False,False,US,ATL,1148,27,646.08,1239.61,Frequent,Flight Discount
u_104429,2,8,5,1,362.15,257.31,2.1,male,True,False,US,LGA,126,2,619.46,189.95,Engaged,Loyalty Perk
u_104430,11,5,0,2,807.72,0.0,0.0,male,True,False,AU,BOS,1064,11,807.72,1155.77,Frequent,Family Perk
u_104431,18,6,4,0,386.18,65.08,2.8,male,False,False,US,SFO,714,18,451.26,777.13,Frequent,Loyalty Perk
u_104432,4,4,3,1,768.55,361.4,6.0,male,False,True,CA,LAX,1174,4,1129.95,1291.0,Engaged,Loyalty Perk
u_104433,11,2,6,2,322.36,131.53,5.1,female,False,True,AU,ORD,688,11,453.89,744.39,Frequent,Loyalty Perk
u_104434,31,7,0,0,196.4,0.0,0.0,male,True,True,US,ORD,469,31,196.4,519.64,Frequent,Loyalty Perk
u_104435,12,7,2,0,688.14,341.37,3.2,male,True,False,US,MIA,139,12,1029.51,253.95,Frequent,Hotel Discount
u_104436,7,6,0,2,264.3,0.0,0.0,male,True,False,US,DFW,602,7,264.3,635.43,Engaged,Other
u_104437,43,5,3,2,613.8,269.17,5.3,female,True,True,CA,SFO,431,43,882.97,562.3,Frequent,Hotel Discount
u_104438,43,5,4,0,490.72,176.11,4.1,male,False,True,US,LGA,746,43,666.83,855.68,Frequent,Other
u_104439,35,0,5,2,0.0,264.29,6.8,male,False,True,US,SFO,545,35,264.29,606.43,Frequent,Hotel Discount
u_104440,12,3,5,3,687.71,349.64,3.0,female,True,True,US,JFK,1159,12,1037.35,1274.73,Frequent,New User Perk
u_104441,2,5,1,2,699.48,383.77,5.0,male,True,True,US,BOS,343,2,1083.25,453.33,Engaged,Family Perk
u_104442,26,5,0,1,640.28,0.0,0.0,female,True,True,US,DFW,233,26,640.28,323.03,Frequent,Family Perk
u_104443,3,7,4,1,305.13,51.94,5.9,male,True,True,US,DFW,184,3,357.07,222.71,Engaged,Hotel Discount
u_104444,15,1,6,3,740.22,158.15,4.6,female,True,True,US,BOS,1186,15,898.37,1290.84,Frequent,New User Perk
u_104445,42,3,6,3,788.24,162.16,1.6,male,True,False,GB,ORD,700,42,950.4,837.04,Frequent,Family Perk
u_104446,2,0,0,1,0.0,0.0,0.0,female,True,True,US,DFW,670,2,0.0,672.0,Other,Flight Discount
u_104447,22,0,5,0,0.0,114.76,4.4,female,False,True,FR,ORD,577,22,114.76,610.48,Frequent,Loyalty Perk
u_104448,9,3,2,0,595.18,378.0,1.2,female,False,False,FR,DFW,357,9,973.18,463.32,Engaged,Flight Discount
u_104449,9,8,5,2,139.57,302.68,6.6,female,True,True,CA,ATL,600,9,442.25,653.23,Engaged,New User Perk
u_104450,27,3,4,1,84.69,179.04,1.5,female,False,True,DE,ATL,781,27,263.73,834.37,Frequent,Other
u_104451,15,0,2,1,0.0,137.55,2.6,female,True,False,GB,ORD,258,15,137.55,286.76,Frequent,New User Perk
u_104452,15,3,5,3,823.35,122.19,6.8,male,False,False,CA,DFW,53,15,945.54,162.55,Frequent,Family Perk
u_104453,7,0,1,0,0.0,74.58,4.9,male,True,True,US,BOS,55,7,74.58,69.46,Other,Flight Discount
u_104454,27,3,2,2,686.38,380.62,2.4,female,False,False,US,JFK,151,27,1067.0,284.7,Frequent,Loyalty Perk
u_104455,2,8,1,1,534.78,234.88,4.2,female,False,False,GB,SFO,229,2,769.66,307.97,Engaged,Family Perk
u_104456,21,8,4,0,482.28,326.94,5.9,male,True,False,US,ATL,1022,21,809.22,1123.92,Frequent,Other
u_104457,10,8,2,3,748.09,335.89,2.3,female,True,False,GB,DFW,1142,10,1083.98,1260.4,Frequent,Flight Discount
u_104458,15,2,6,1,474.79,159.27,2.6,male,True,True,US,BOS,317,15,634.06,395.41,Frequent,Family Perk
u_104459,22,8,2,1,295.09,245.9,1.3,female,True,True,AU,SFO,512,22,540.99,588.1,Frequent,Loyalty Perk
u_104460,33,5,5,2,671.04,305.42,5.9,male,True,True,FR,JFK,220,33,976.46,350.65,Frequent,Loyalty Perk
u_104461,38,0,4,2,0.0,279.84,4.0,male,False,True,DE,DFW,216,38,279.84,281.98,Frequent,Hotel Discount
u_104462,27,2,0,2,875.06,0.0,0.0,male,True,True,CA,LGA,224,27,875.06,338.51,Frequent,Loyalty Perk
u_104463,31,0,1,2,0.0,162.73,5.5,female,False,False,US,ORD,830,31,162.73,877.27,Frequent,Hotel Discount
u_104464,30,1,4,0,692.67,370.33,4.4,male,False,True,GB,SEA,324,30,1063.0,460.3,Frequent,Hotel Discount
u_104465,35,5,5,0,603.86,87.22,1.0,male,False,False,GB,LAX,399,35,691.08,503.11,Frequent,New User Perk
u_104466,24,6,2,1,896.52,56.23,3.6,female,False,False,DE,DFW,419,24,952.75,538.28,Frequent,New User Perk
u_104467,24,3,3,0,228.22,152.21,2.5,female,True,False,CA,ORD,1052,24,380.43,1114.04,Frequent,Other
u_104468,11,8,3,1,202.35,73.18,2.1,male,False,True,US,DFW,765,11,275.53,803.55,Frequent,Flight Discount
u_104469,39,3,3,3,482.21,164.01,1.9,female,False,False,CA,DFW,849,39,646.22,952.62,Frequent,Loyalty Perk
u_104470,38,7,6,2,720.02,266.18,5.6,male,False,True,US,BOS,446,38,986.2,582.62,Frequent,Flight Discount
u_104471,15,5,6,3,214.34,86.82,2.9,female,False,False,US,SFO,336,15,301.16,381.12,Frequent,Hotel Discount
u_104472,34,8,4,1,842.44,307.11,1.4,female,True,False,DE,JFK,457,34,1149.55,605.95,Frequent,Loyalty Perk
u_104473,12,2,0,3,612.37,0.0,0.0,male,False,False,DE,ORD,947,12,612.37,1020.24,Frequent,Family Perk
u_104474,31,2,0,2,360.14,0.0,0.0,female,True,False,CA,SEA,488,31,360.14,555.01,Frequent,Other
u_104475,9,7,3,1,729.53,145.63,4.5,female,False,False,US,MIA,132,9,875.16,228.52,Engaged,Other
u_104476,34,2,1,1,604.43,338.33,4.3,male,True,True,DE,ATL,186,34,942.76,314.28,Frequent,New User Perk
u_104477,40,2,0,0,492.96,0.0,0.0,female,True,False,AU,ORD,959,40,492.96,1048.3,Frequent,Loyalty Perk
u_104478,34,7,3,1,349.25,285.27,6.6,male,False,True,AU,ATL,753,34,634.52,850.45,Frequent,Loyalty Perk
u_104479,34,5,6,0,110.21,152.96,4.7,female,True,False,CA,MIA,564,34,263.17,624.32,Frequent,Other
u_104480,27,2,5,0,526.59,250.71,6.3,male,True,False,US,MIA,1196,27,777.3,1300.73,Frequent,Loyalty Perk
u_104481,28,3,4,3,396.26,352.26,1.8,female,True,False,DE,SEA,518,28,748.52,620.85,Frequent,Family Perk
u_104482,17,0,5,2,0.0,89.98,2.2,male,False,False,GB,LGA,1075,17,89.98,1101.0,Frequent,Family Perk
u_104483,10,8,5,1,83.67,394.95,4.9,male,True,True,DE,SFO,54,10,478.62,111.86,Frequent,Hotel Discount
u_104484,24,6,5,0,419.65,141.34,6.3,female,False,True,FR,LAX,1161,24,560.99,1241.1,Frequent,Other
u_104485,44,4,2,3,435.16,390.35,3.5,male,True,True,US,LAX,219,44,825.51,345.55,Frequent,Loyalty Perk
u_104486,26,5,3,0,324.94,126.44,5.9,female,False,False,AU,LAX,441,26,451.38,512.14,Frequent,Loyalty Perk
u_104487,37,1,1,3,809.88,77.19,3.4,male,True,False,US,ATL,551,37,887.07,676.71,Frequent,Hotel Discount
u_104488,29,3,6,2,545.66,384.26,6.7,female,False,False,CA,LAX,965,29,929.92,1086.99,Frequent,Loyalty Perk
u_104489,40,2,3,2,775.44,185.94,3.0,female,False,False,US,LGA,320,40,961.38,456.14,Frequent,Flight Discount
u_104490,33,1,5,3,416.03,65.23,2.4,female,False,False,DE,JFK,264,33,481.26,345.13,Frequent,Loyalty Perk
u_104491,31,7,3,3,851.98,66.27,2.1,male,True,True,DE,ATL,58,31,918.25,180.83,Frequent,Loyalty Perk
u_104492,33,2,1,1,361.8,113.24,1.2,male,False,False,US,ORD,666,33,475.04,746.5,Frequent,Flight Discount
u_104493,10,0,1,2,0.0,140.24,5.9,female,False,False,US,JFK,83,10,140.24,107.02,Frequent,Flight Discount
u_104494,17,5,1,2,649.52,84.14,5.7,male,True,True,AU,SFO,684,17,733.66,774.37,Frequent,Loyalty Perk
u_104495,39,2,3,1,499.21,265.58,3.9,male,False,False,GB,LGA,1035,39,764.79,1150.48,Frequent,Family Perk
u_104496,26,1,2,1,745.61,228.57,6.7,male,True,False,US,LGA,1112,26,974.18,1235.42,Frequent,Flight Discount
u_104497,39,8,0,1,262.88,0.0,0.0,female,False,True,US,MIA,997,39,262.88,1062.29,Frequent,Loyalty Perk
u_104498,43,1,1,3,288.2,239.15,4.7,female,False,True,DE,JFK,818,43,527.35,913.73,Frequent,Flight Discount
u_104499,7,2,5,3,732.73,219.38,5.7,female,False,True,US,ATL,718,7,952.11,820.21,Engaged,Loyalty Perk
u_104500,22,3,5,2,867.87,396.46,4.5,female,False,True,FR,ATL,140,22,1264.33,288.43,Frequent,Hotel Discount
u_104501,1,0,2,0,0.0,139.67,6.7,female,False,True,US,BOS,426,1,139.67,440.97,Engaged,Hotel Discount
u_104502,17,2,1,1,844.05,61.75,6.8,female,False,False,US,LGA,1159,17,905.8,1266.58,Frequent,Flight Discount
u_104503,17,8,3,0,584.7,154.43,2.0,female,False,True,US,ORD,220,17,739.13,310.91,Frequent,Other
u_104504,21,7,1,1,655.45,79.61,4.8,female,False,False,AU,SEA,253,21,735.06,347.51,Frequent,Flight Discount
u_104505,12,4,1,1,174.96,253.42,4.4,female,True,False,US,JFK,345,12,428.38,399.84,Frequent,Family Perk
u_104506,4,3,2,1,660.38,63.68,3.0,female,False,True,DE,DFW,815,4,724.06,891.41,Engaged,Hotel Discount
u_104507,14,4,0,3,543.27,0.0,0.0,female,True,False,US,SEA,1034,14,543.27,1102.33,Frequent,Loyalty Perk
u_104508,13,0,6,0,0.0,331.39,6.0,female,True,True,US,MIA,142,13,331.39,188.14,Frequent,Other
u_104509,10,2,0,1,249.64,0.0,0.0,male,True,True,US,ATL,981,10,249.64,1015.96,Frequent,Other
u_104510,2,7,1,2,238.96,193.56,4.0,female,True,True,FR,MIA,414,2,432.52,459.25,Engaged,Flight Discount
u_104511,40,7,5,1,520.32,167.57,4.3,female,True,True,GB,JFK,1052,40,687.89,1160.79,Frequent,New User Perk
u_104512,31,8,3,1,875.07,300.88,4.2,male,True,False,US,LAX,933,31,1175.95,1081.59,Frequent,Loyalty Perk
u_104513,4,6,4,2,842.53,324.52,1.9,female,False,True,US,BOS,285,4,1167.05,405.7,Engaged,Other
u_104514,22,6,6,3,466.99,243.75,3.0,female,True,True,AU,JFK,938,22,710.74,1031.07,Frequent,Flight Discount
u_104515,39,2,5,0,87.04,108.99,2.3,male,False,True,US,LAX,694,39,196.03,752.6,Frequent,New User Perk
u_104516,19,5,0,2,344.94,0.0,0.0,female,False,False,GB,SFO,1137,19,344.94,1190.49,Frequent,Loyalty Perk
u_104517,16,8,3,2,589.69,341.44,6.2,female,True,False,US,DFW,653,16,931.13,762.11,Frequent,Loyalty Perk
u_104518,38,0,4,2,0.0,258.64,1.3,male,False,True,US,MIA,301,38,258.64,364.86,Frequent,New User Perk
u_104519,32,3,0,0,350.37,0.0,0.0,male,True,True,DE,SEA,70,32,350.37,137.04,Frequent,Flight Discount
u_104520,29,0,2,1,0.0,247.53,4.5,male,True,True,AU,SEA,753,29,247.53,806.75,Frequent,Flight Discount
u_104521,41,1,6,1,197.62,127.12,2.5,female,True,True,DE,ATL,762,41,324.74,835.47,Frequent,Hotel Discount
u_104522,12,7,2,1,192.45,95.04,6.0,female,True,False,US,MIA,210,12,287.49,250.75,Frequent,Loyalty Perk
u_104523,23,0,1,2,0.0,314.77,5.2,female,False,False,CA,BOS,67,23,314.77,121.48,Frequent,New User Perk
u_104524,7,3,3,3,636.24,346.1,3.9,male,False,True,US,SEA,60,7,982.34,165.23,Engaged,Loyalty Perk
u_104525,29,3,6,3,220.99,157.68,2.5,female,True,False,AU,LGA,394,29,378.67,460.87,Frequent,Other
u_104526,7,2,0,3,535.72,0.0,0.0,female,True,False,CA,LGA,899,7,535.72,959.57,Engaged,Other
u_104527,18,5,2,0,149.53,260.03,2.5,male,False,True,AU,JFK,199,18,409.56,257.96,Frequent,Other
u_104528,23,6,2,3,814.16,388.46,5.9,female,False,False,DE,SEA,442,23,1202.62,585.26,Frequent,Other
u_104529,7,6,4,2,236.29,359.38,6.4,male,True,True,CA,BOS,33,7,595.67,99.57,Engaged,Family Perk
u_104530,8,8,3,0,722.9,296.92,3.9,female,True,True,CA,MIA,497,8,1019.82,606.98,Engaged,Loyalty Perk
u_104531,15,1,2,3,309.75,166.85,1.2,male,False,False,DE,BOS,1089,15,476.6,1151.66,Frequent,Other
u_104532,27,6,6,2,879.08,285.0,5.1,male,True,False,US,ATL,1034,27,1164.08,1177.41,Frequent,New User Perk
u_104533,38,2,4,1,612.39,136.43,1.8,male,True,False,US,DFW,40,38,748.82,152.88,Frequent,Hotel Discount
u_104534,23,6,4,1,827.39,138.3,3.2,male,False,False,AU,LGA,780,23,965.69,899.57,Frequent,Other
u_104535,28,1,1,2,872.71,270.02,4.1,female,False,True,AU,JFK,174,28,1142.73,316.27,Frequent,Loyalty Perk
u_104536,11,1,4,3,301.53,202.54,2.8,female,True,True,GB,MIA,638,11,504.07,699.41,Frequent,Flight Discount
u_104537,45,6,2,3,207.08,74.62,3.4,male,False,True,CA,LAX,555,45,281.7,628.17,Frequent,Flight Discount
u_104538,20,7,3,3,876.87,53.58,6.5,male,True,True,DE,LAX,476,20,930.45,589.05,Frequent,Family Perk
u_104539,31,6,3,1,484.23,304.75,6.5,male,False,True,DE,DFW,409,31,788.98,518.9,Frequent,Flight Discount
u_104540,20,1,1,3,605.16,319.63,6.8,male,False,True,DE,BOS,247,20,924.79,359.48,Frequent,Hotel Discount
u_104541,38,8,3,3,579.6,260.11,2.7,male,False,True,US,DFW,1064,38,839.71,1185.97,Frequent,Flight Discount
u_104542,12,7,2,3,870.27,303.17,2.8,female,True,False,FR,JFK,105,12,1173.44,234.34,Frequent,Flight Discount
u_104543,26,8,2,0,104.76,347.78,2.7,female,True,True,GB,BOS,182,26,452.54,253.25,Frequent,Loyalty Perk
u_104544,27,5,0,1,101.0,0.0,0.0,female,False,False,US,BOS,568,27,101.0,605.1,Frequent,Other
u_104545,20,7,6,3,86.36,197.12,4.5,male,True,False,FR,MIA,313,20,283.48,361.35,Frequent,Flight Discount
u_104546,32,0,3,2,0.0,318.9,5.0,male,True,True,AU,LAX,177,32,318.9,240.89,Frequent,Other
u_104547,21,4,6,1,379.65,375.89,2.0,female,False,False,US,ORD,69,21,755.54,165.55,Frequent,Hotel Discount
u_104548,19,0,2,0,0.0,70.01,6.0,female,True,False,GB,LAX,209,19,70.01,235.0,Frequent,Hotel Discount
u_104549,24,8,4,0,554.5,249.07,4.8,male,False,False,AU,LGA,462,24,803.57,566.36,Frequent,New User Perk
u_104550,24,7,0,1,170.8,0.0,0.0,male,False,True,US,LAX,873,24,170.8,914.08,Frequent,Loyalty Perk
u_104551,39,2,4,0,290.99,227.06,3.4,female,False,True,US,BOS,746,39,518.05,836.8,Frequent,Loyalty Perk
u_104552,44,8,5,1,872.31,331.11,5.4,male,False,True,GB,DFW,171,44,1203.42,335.34,Frequent,Other
u_104553,19,3,2,3,654.76,130.05,2.4,male,True,False,AU,DFW,320,19,784.81,417.48,Frequent,Hotel Discount
u_104554,5,1,6,2,845.44,189.63,4.9,female,False,False,AU,MIA,867,5,1035.07,975.51,Engaged,Family Perk
u_104555,33,7,6,3,422.36,316.85,5.4,female,False,True,GB,SEA,185,33,739.21,291.92,Frequent,Other
u_104556,15,0,3,2,0.0,372.33,5.3,male,False,True,CA,SEA,336,15,372.33,388.23,Frequent,Loyalty Perk
u_104557,8,6,4,2,404.12,180.53,5.7,female,True,False,US,LGA,342,8,584.65,408.46,Engaged,Loyalty Perk
u_104558,38,8,4,2,240.17,243.54,4.4,female,False,False,GB,BOS,651,38,483.71,737.37,Frequent,Flight Discount
u_104559,24,7,4,2,898.81,381.56,5.9,male,False,False,US,DFW,960,24,1280.37,1112.04,Frequent,Other
u_104560,39,7,5,1,514.12,170.32,3.5,male,False,False,DE,ATL,415,39,684.44,522.44,Frequent,Hotel Discount
u_104561,14,1,3,2,718.45,224.77,6.8,male,True,True,DE,MIA,953,14,943.22,1061.32,Frequent,Loyalty Perk
u_104562,32,1,4,0,632.88,218.82,6.8,female,False,False,AU,DFW,575,32,851.7,692.17,Frequent,Family Perk
u_104563,6,7,2,3,859.51,337.61,2.7,female,True,False,GB,JFK,602,6,1197.12,727.71,Engaged,Flight Discount
u_104564,7,6,6,1,435.31,195.36,6.8,male,True,True,US,ATL,1013,7,630.67,1083.07,Engaged,Flight Discount
u_104565,25,3,3,1,133.41,194.57,4.1,female,True,True,US,LAX,653,25,327.98,710.8,Frequent,Flight Discount
u_104566,31,8,5,3,209.52,210.53,6.9,male,True,True,US,MIA,894,31,420.05,967.01,Frequent,Hotel Discount
u_104567,40,8,1,2,642.32,152.44,6.3,female,False,True,US,LAX,812,40,794.76,931.48,Frequent,Loyalty Perk
u_104568,1,6,5,3,364.75,108.05,3.0,male,False,True,GB,LGA,440,1,472.8,488.28,Engaged,Hotel Discount
u_104569,26,8,6,2,587.22,102.51,6.2,female,False,False,DE,BOS,137,26,689.73,231.97,Frequent,Flight Discount
u_104570,42,1,2,2,191.13,69.67,4.0,female,False,False,DE,DFW,35,42,260.8,103.08,Frequent,Flight Discount
u_104571,30,2,0,3,102.51,0.0,0.0,female,True,True,AU,BOS,908,30,102.51,948.25,Frequent,Hotel Discount
u_104572,25,2,0,0,863.62,0.0,0.0,female,True,True,DE,ATL,1020,25,863.62,1131.36,Frequent,Family Perk
u_104573,33,3,3,2,575.17,238.78,5.5,male,True,False,AU,SFO,226,33,813.95,340.4,Frequent,Flight Discount
u_104574,27,2,1,1,866.71,350.97,1.2,female,False,True,US,MIA,800,27,1217.68,948.77,Frequent,Family Perk
u_104575,45,5,0,3,760.89,0.0,0.0,male,True,True,US,LGA,562,45,760.89,683.09,Frequent,Other
u_104576,1,8,1,2,650.93,155.7,6.9,male,False,True,CA,MIA,989,1,806.63,1070.66,Engaged,Loyalty Perk
u_104577,8,7,6,2,388.83,346.73,1.5,female,True,False,CA,DFW,845,8,735.56,926.56,Engaged,Loyalty Perk
u_104578,24,0,0,3,0.0,0.0,0.0,male,True,True,US,ATL,817,24,0.0,841.0,Frequent,Hotel Discount
u_104579,33,0,4,3,0.0,102.51,5.0,male,True,True,AU,SFO,99,33,102.51,142.25,Frequent,Flight Discount
u_104580,35,3,5,0,574.21,144.71,4.8,female,True,True,US,BOS,209,35,718.92,315.89,Frequent,Other
u_104581,18,2,6,0,151.78,246.47,4.5,female,True,True,US,LGA,746,18,398.25,803.83,Frequent,Family Perk
u_104582,26,5,6,3,482.85,114.99,2.6,male,True,True,FR,SEA,350,26,597.84,435.78,Frequent,Flight Discount
u_104583,8,0,0,2,0.0,0.0,0.0,female,True,True,FR,DFW,412,8,0.0,420.0,Other,Loyalty Perk
u_104584,2,6,3,0,778.7,250.78,2.1,female,True,False,CA,DFW,292,2,1029.48,396.95,Engaged,Flight Discount
u_104585,5,8,1,1,365.75,358.12,5.1,female,False,False,FR,MIA,273,5,723.87,350.39,Engaged,Flight Discount
u_104586,18,5,3,0,719.52,76.97,2.0,male,True,True,DE,LAX,1109,18,796.49,1206.65,Frequent,Hotel Discount
u_104587,34,7,0,1,358.91,0.0,0.0,female,True,False,FR,LGA,1091,34,358.91,1160.89,Frequent,Loyalty Perk
u_104588,4,5,3,0,692.38,200.78,4.4,female,True,True,CA,LAX,796,4,893.16,889.32,Engaged,Loyalty Perk
u_104589,31,2,4,0,653.77,297.94,5.5,female,False,True,DE,LAX,1131,31,951.71,1257.17,Frequent,Loyalty Perk
u_104590,42,3,3,0,228.48,200.89,1.4,male,True,False,US,JFK,1031,42,429.37,1115.94,Frequent,New User Perk
u_104591,10,4,0,0,724.33,0.0,0.0,female,True,False,US,LAX,885,10,724.33,967.43,Frequent,Flight Discount
u_104592,12,0,6,0,0.0,156.34,2.4,male,True,True,FR,ORD,280,12,156.34,307.63,Frequent,Flight Discount
u_104593,6,1,5,1,268.42,218.62,2.4,male,False,True,GB,ORD,501,6,487.04,555.7,Engaged,Other
u_104594,30,1,1,0,328.17,348.69,4.0,male,False,True,FR,SEA,847,30,676.86,944.69,Frequent,Loyalty Perk
u_104595,40,6,2,1,668.78,356.68,5.4,male,True,True,DE,SEA,977,40,1025.46,1119.55,Frequent,Loyalty Perk
u_104596,40,1,1,2,778.28,381.98,2.4,female,True,False,US,ATL,973,40,1160.26,1129.03,Frequent,Loyalty Perk
u_104597,23,4,2,1,630.3,121.81,2.5,female,False,False,US,ATL,388,23,752.11,486.21,Frequent,Loyalty Perk
u_104598,34,2,5,0,443.85,398.82,6.4,female,False,True,US,BOS,957,34,842.67,1075.27,Frequent,Family Perk
u_104599,41,6,2,3,652.38,245.69,3.7,female,True,True,GB,ATL,305,41,898.07,435.81,Frequent,Hotel Discount
u_104600,22,3,4,0,690.63,327.86,4.2,female,False,False,DE,SEA,784,22,1018.49,907.85,Frequent,Other
u_104601,43,1,6,3,203.95,391.08,4.1,female,False,True,US,LGA,1013,43,595.03,1115.5,Frequent,Hotel Discount
u_104602,36,1,6,2,635.86,75.65,2.7,female,False,True,US,MIA,265,36,711.51,372.15,Frequent,Hotel Discount
u_104603,22,1,4,3,316.65,251.57,2.1,male,False,True,CA,DFW,81,22,568.22,159.82,Frequent,Loyalty Perk
u_104604,42,4,6,2,214.44,162.03,2.6,female,True,True,US,SEA,867,42,376.47,946.65,Frequent,Family Perk
u_104605,42,4,6,3,828.14,290.64,1.1,female,True,True,US,MIA,1113,42,1118.78,1266.88,Frequent,Other
u_104606,14,5,5,2,830.88,391.41,1.7,male,False,True,US,DFW,420,14,1222.29,556.23,Frequent,Loyalty Perk
u_104607,16,2,2,3,544.91,172.76,1.7,female,False,False,US,LAX,1046,16,717.67,1133.77,Frequent,Hotel Discount
u_104608,4,4,1,3,782.04,225.71,4.3,male,False,False,DE,LAX,589,4,1007.75,693.78,Engaged,Loyalty Perk
u_104609,19,5,2,1,727.58,350.6,2.0,male,False,False,GB,MIA,564,19,1078.18,690.82,Frequent,Flight Discount
u_104610,26,4,5,2,648.86,375.58,2.8,male,False,False,AU,ATL,885,26,1024.44,1013.44,Frequent,Flight Discount
u_104611,33,3,3,1,84.46,269.04,4.3,female,True,False,US,LAX,180,33,353.5,248.35,Frequent,Family Perk
u_104612,35,3,5,0,834.59,62.53,1.2,female,True,True,US,ATL,754,35,897.12,878.71,Frequent,Flight Discount
u_104613,28,1,3,0,142.5,337.51,1.4,female,False,True,US,BOS,251,28,480.01,327.0,Frequent,Other
u_104614,38,5,4,0,721.22,176.44,6.5,male,False,False,US,MIA,1078,38,897.66,1205.77,Frequent,Other
u_104615,23,0,1,0,0.0,229.41,4.2,male,False,False,DE,ORD,972,23,229.41,1017.94,Frequent,Other
u_104616,34,5,2,3,782.96,368.97,5.9,male,False,True,US,LAX,501,34,1151.93,650.19,Frequent,Other
u_104617,6,7,5,1,899.78,86.97,6.1,male,True,True,GB,LAX,387,6,986.75,491.67,Engaged,Family Perk
u_104618,2,2,3,0,580.55,173.07,4.8,male,True,True,GB,JFK,209,2,753.62,286.36,Engaged,Other
u_104619,16,3,0,2,456.13,0.0,0.0,female,True,False,AU,LAX,952,16,456.13,1013.61,Frequent,Hotel Discount
u_104620,18,5,4,1,580.6,140.54,6.0,female,False,True,CA,MIA,1006,18,721.14,1096.11,Frequent,Family Perk
u_104621,18,7,0,3,627.44,0.0,0.0,male,True,True,US,LGA,340,18,627.44,420.74,Frequent,Hotel Discount
u_104622,9,8,6,0,566.24,54.18,1.0,male,False,True,US,JFK,213,9,620.42,284.04,Engaged,Hotel Discount
u_104623,7,8,3,2,160.13,185.25,3.5,female,True,True,DE,BOS,885,7,345.38,926.54,Engaged,Flight Discount
u_104624,45,3,5,3,240.01,373.84,5.2,female,True,False,US,DFW,196,45,613.85,302.39,Frequent,Loyalty Perk
u_104625,28,2,1,1,638.45,359.59,2.8,female,True,False,GB,DFW,858,28,998.04,985.8,Frequent,Hotel Discount
u_104626,6,2,3,0,577.31,180.73,1.6,male,False,False,US,ATL,237,6,758.04,318.8,Engaged,Family Perk
u_104627,33,6,2,3,86.39,137.51,4.4,female,False,True,US,DFW,584,33,223.9,639.39,Frequent,Hotel Discount
u_104628,24,6,6,0,211.56,152.11,1.3,female,False,False,DE,SFO,197,24,363.67,257.37,Frequent,Loyalty Perk
u_104629,2,1,2,0,475.83,107.75,5.3,female,True,True,US,DFW,583,2,583.58,643.36,Engaged,New User Perk
u_104630,12,0,4,2,0.0,127.87,2.0,male,True,True,DE,LAX,80,12,127.87,104.79,Frequent,Flight Discount
u_104631,30,7,5,3,253.02,88.63,5.3,male,False,True,FR,SFO,943,30,341.65,1007.16,Frequent,Loyalty Perk
u_104632,7,3,3,0,490.93,213.22,4.5,male,False,True,GB,SEA,1082,7,704.15,1159.41,Engaged,Flight Discount
u_104633,35,5,6,1,743.11,163.27,5.4,female,True,False,US,SFO,1198,35,906.38,1323.64,Frequent,Other
u_104634,27,0,2,1,0.0,241.66,1.8,female,False,True,CA,ORD,617,27,241.66,668.17,Frequent,Family Perk
u_104635,42,1,2,2,685.26,176.98,5.8,female,False,True,AU,DFW,132,42,862.24,260.22,Frequent,Hotel Discount
u_104636,45,7,4,0,162.75,384.72,6.7,female,True,True,DE,SFO,1113,45,547.47,1212.75,Frequent,Loyalty Perk
u_104637,22,4,2,0,594.5,363.95,5.0,female,True,False,FR,DFW,400,22,958.45,517.84,Frequent,Loyalty Perk
u_104638,17,7,3,0,578.77,173.93,6.2,female,False,True,DE,LGA,1153,17,752.7,1245.27,Frequent,Other
u_104639,16,4,2,0,229.45,176.84,2.6,female,True,False,US,BOS,1034,16,406.29,1090.63,Frequent,Hotel Discount
u_104640,16,3,3,1,392.27,128.72,1.2,male,False,True,GB,LGA,240,16,520.99,308.1,Frequent,Loyalty Perk
u_104641,41,4,3,0,403.59,115.65,2.8,female,False,False,FR,LGA,466,41,519.24,558.92,Frequent,Flight Discount
u_104642,39,1,3,3,790.11,180.83,2.9,female,False,False,US,DFW,950,39,970.94,1086.09,Frequent,Flight Discount
u_104643,13,6,1,1,238.21,260.19,4.8,male,False,False,GB,DFW,463,13,498.4,525.84,Frequent,Other
u_104644,8,0,1,3,0.0,214.95,6.6,male,True,True,FR,JFK,1152,8,214.95,1181.49,Engaged,Flight Discount
u_104645,34,1,6,3,532.62,373.3,6.5,male,False,False,FR,ATL,882,34,905.92,1006.59,Frequent,Flight Discount
u_104646,28,5,0,1,264.63,0.0,0.0,female,False,True,US,JFK,1120,28,264.63,1174.46,Frequent,Other
u_104647,3,1,6,2,124.66,156.71,7.0,male,False,True,CA,ATL,501,3,281.37,532.14,Engaged,Flight Discount
u_104648,16,5,6,1,783.04,112.28,3.2,female,False,True,FR,DFW,1089,16,895.32,1194.53,Frequent,Hotel Discount
u_104649,37,6,1,0,108.92,113.87,2.3,female,True,False,FR,DFW,362,37,222.79,421.28,Frequent,Flight Discount
u_104650,32,3,4,2,345.09,177.47,3.1,male,False,False,US,JFK,737,32,522.56,821.26,Frequent,Flight Discount
u_104651,11,6,6,3,193.61,156.99,3.5,male,False,False,US,DFW,1007,11,350.6,1053.06,Frequent,Flight Discount
u_104652,33,0,0,1,0.0,0.0,0.0,male,False,True,US,LGA,834,33,0.0,867.0,Frequent,New User Perk
u_104653,34,5,3,2,194.52,102.53,3.0,male,True,False,DE,DFW,469,34,297.05,532.71,Frequent,Other
u_104654,29,2,2,3,362.13,128.4,2.3,female,True,True,GB,ORD,435,29,490.53,513.05,Frequent,Flight Discount
u_104655,2,0,1,2,0.0,111.94,6.5,male,False,True,US,LGA,177,2,111.94,190.19,Engaged,Other
u_104656,26,2,2,2,880.69,214.8,3.8,female,False,False,US,MIA,640,26,1095.49,775.55,Frequent,New User Perk
u_104657,31,2,6,3,287.87,365.1,4.8,male,False,False,US,JFK,189,31,652.97,285.3,Frequent,Flight Discount
u_104658,37,1,1,3,473.5,202.83,4.8,female,True,False,DE,BOS,1105,37,676.33,1209.63,Frequent,Other
u_104659,45,2,3,2,151.02,172.64,6.5,male,True,False,US,BOS,734,45,323.66,811.37,Frequent,Other
u_104660,39,8,3,0,261.87,372.38,2.0,female,True,True,US,LGA,591,39,634.25,693.42,Frequent,Flight Discount
u_104661,40,7,5,1,307.71,368.35,6.7,female,True,False,US,DFW,828,40,676.06,935.61,Frequent,Other
u_104662,37,6,6,2,545.48,137.29,1.5,female,False,False,DE,DFW,174,37,682.77,279.28,Frequent,Other
u_104663,6,5,6,2,848.89,236.39,2.0,female,True,True,US,BOS,901,6,1085.28,1015.53,Engaged,Other
u_104664,12,3,1,1,849.77,85.39,2.5,female,False,True,FR,BOS,703,12,935.16,808.52,Frequent,New User Perk
u_104665,29,0,1,0,0.0,214.38,4.3,male,False,False,CA,SFO,240,29,214.38,290.44,Frequent,Loyalty Perk
u_104666,4,7,1,0,499.12,152.39,2.7,male,True,True,CA,SEA,486,4,651.51,555.15,Engaged,Flight Discount
u_104667,42,1,3,1,701.29,117.82,1.4,female,False,False,CA,SFO,723,42,819.11,846.91,Frequent,Family Perk
u_104668,34,1,6,2,684.07,75.74,3.3,female,False,False,GB,SEA,753,34,759.81,862.98,Frequent,Loyalty Perk
u_104669,17,2,0,1,436.02,0.0,0.0,male,False,True,FR,MIA,262,17,436.02,322.6,Frequent,Family Perk
u_104670,44,2,4,2,351.12,381.19,4.4,male,False,False,US,LAX,679,44,732.31,796.23,Frequent,Loyalty Perk
u_104671,22,4,6,0,102.88,163.8,2.3,female,False,True,FR,LGA,57,22,266.68,105.67,Frequent,Flight Discount
u_104672,26,1,5,0,785.63,265.45,4.5,female,True,True,DE,ATL,902,26,1051.08,1033.11,Frequent,Loyalty Perk
u_104673,32,0,6,3,0.0,231.76,1.5,male,True,True,US,BOS,946,32,231.76,1001.18,Frequent,Hotel Discount
u_104674,21,6,3,0,633.92,234.09,3.6,male,False,False,US,MIA,1038,21,868.01,1145.8,Frequent,Other
u_104675,2,3,4,2,199.68,230.56,3.8,female,True,False,FR,LAX,642,2,430.24,687.02,Engaged,Other
u_104676,2,6,4,2,153.34,240.13,4.8,male,False,False,US,SFO,194,2,393.47,235.35,Engaged,New User Perk
u_104677,4,8,6,2,175.72,138.33,6.4,female,False,True,CA,BOS,872,4,314.05,907.41,Engaged,Family Perk
u_104678,2,2,1,0,889.94,390.75,5.6,female,True,False,GB,DFW,618,2,1280.69,748.07,Engaged,Loyalty Perk
u_104679,7,3,6,2,460.46,65.9,3.5,female,True,False,GB,SEA,628,7,526.36,687.64,Engaged,Other
u_104680,15,8,6,3,743.01,237.61,5.1,male,True,False,US,LAX,417,15,980.62,530.06,Frequent,Family Perk
u_104681,18,0,4,3,0.0,356.04,6.3,male,False,False,AU,LGA,895,18,356.04,948.6,Frequent,Flight Discount
u_104682,29,6,1,0,782.98,303.49,4.3,male,True,False,GB,ORD,766,29,1086.47,903.65,Frequent,Flight Discount
u_104683,28,6,3,2,875.53,358.2,4.9,female,True,False,US,LGA,775,28,1233.73,926.37,Frequent,Hotel Discount
u_104684,21,3,3,2,387.08,325.93,5.1,female,True,True,US,SEA,154,21,713.01,246.3,Frequent,Other
u_104685,37,4,4,0,781.36,373.1,1.3,male,True,False,FR,LAX,889,37,1154.46,1041.45,Frequent,Other
u_104686,5,6,6,1,450.62,265.53,5.7,female,True,False,US,ATL,89,5,716.15,165.61,Engaged,Loyalty Perk
u_104687,35,8,5,1,891.05,252.4,4.4,female,True,True,US,BOS,1029,35,1143.45,1178.34,Frequent,Flight Discount
u_104688,43,2,5,2,642.62,394.59,2.7,female,False,True,US,SFO,208,43,1037.21,354.72,Frequent,Flight Discount
u_104689,14,6,3,2,749.82,62.44,2.1,male,True,True,US,LGA,727,14,812.26,822.23,Frequent,Flight Discount
u_104690,33,3,0,0,854.12,0.0,0.0,female,True,False,US,ATL,154,33,854.12,272.41,Frequent,Other
u_104691,20,8,6,1,802.65,376.35,5.5,female,True,True,DE,JFK,659,20,1179.0,796.9,Frequent,Hotel Discount
u_104692,34,5,4,0,567.83,222.63,4.0,male,False,False,FR,MIA,642,34,790.46,755.05,Frequent,Family Perk
u_104693,11,8,3,2,215.37,167.14,2.8,female,False,True,US,ORD,600,11,382.51,649.25,Frequent,Family Perk
u_104694,24,8,4,2,829.96,388.69,3.4,male,False,False,US,MIA,203,24,1218.65,348.87,Frequent,Other
u_104695,28,0,6,0,0.0,104.94,4.8,female,False,True,US,JFK,264,28,104.94,302.49,Frequent,Other
u_104696,26,2,5,0,98.84,378.22,3.4,male,True,False,US,SEA,363,26,477.06,436.71,Frequent,Other
u_104697,31,2,5,0,208.31,182.89,1.4,male,True,False,FR,DFW,668,31,391.2,738.12,Frequent,Family Perk
u_104698,12,5,5,2,83.47,170.41,3.6,male,True,False,CA,ORD,1117,12,253.88,1154.39,Frequent,Flight Discount
u_104699,12,4,6,3,824.1,98.13,4.0,female,True,False,US,SEA,457,12,922.23,561.22,Frequent,Loyalty Perk
u_104700,18,6,1,0,252.83,148.58,2.7,female,True,False,US,DFW,754,18,401.41,812.14,Frequent,Flight Discount
u_104701,45,2,6,0,288.48,383.28,1.6,male,False,False,US,DFW,80,45,671.76,192.18,Frequent,Loyalty Perk
u_104702,39,2,6,0,485.58,117.08,5.9,male,True,False,AU,DFW,1184,39,602.66,1283.27,Frequent,Loyalty Perk
u_104703,20,7,0,3,627.3,0.0,0.0,female,True,True,CA,LAX,638,20,627.3,720.73,Frequent,Hotel Discount
u_104704,7,6,5,2,120.64,59.9,6.1,male,True,True,GB,SEA,1200,7,180.54,1225.05,Engaged,Loyalty Perk
u_104705,41,4,6,2,431.72,192.88,3.4,male,False,True,CA,ORD,1015,41,624.6,1118.46,Frequent,Family Perk
u_104706,14,3,2,3,372.49,252.39,5.3,male,True,True,US,MIA,589,14,624.88,665.49,Frequent,Flight Discount
u_104707,18,6,5,3,486.75,188.87,3.6,female,False,False,GB,MIA,553,18,675.62,638.56,Frequent,Loyalty Perk
u_104708,26,4,0,1,216.15,0.0,0.0,male,True,False,FR,JFK,320,26,216.15,367.62,Frequent,Other
u_104709,44,4,5,2,646.77,96.62,2.8,female,False,False,US,LAX,224,44,743.39,342.34,Frequent,Flight Discount
u_104710,22,8,0,1,426.42,0.0,0.0,female,True,False,US,LGA,184,22,426.42,248.64,Frequent,Flight Discount
u_104711,15,7,3,2,247.69,210.05,5.5,female,True,False,US,BOS,104,15,457.74,164.77,Frequent,New User Perk
u_104712,4,7,2,0,874.21,256.63,1.4,male,False,True,US,BOS,463,4,1130.84,580.08,Engaged,Hotel Discount
u_104713,18,0,1,2,0.0,111.34,5.4,female,False,True,US,MIA,119,18,111.34,148.13,Frequent,Other
u_104714,10,1,2,2,826.55,174.88,4.7,female,False,True,US,JFK,784,10,1001.43,894.14,Frequent,Loyalty Perk
u_104715,28,6,2,2,825.6,125.85,5.9,male,False,True,DE,JFK,271,28,951.45,394.15,Frequent,Loyalty Perk
u_104716,36,0,5,1,0.0,102.9,3.1,male,False,True,US,LAX,1130,36,102.9,1176.29,Frequent,Loyalty Perk
u_104717,38,2,6,0,616.55,168.28,2.9,male,False,False,US,SEA,1147,38,784.83,1263.48,Frequent,Hotel Discount
u_104718,32,2,3,0,176.94,132.09,1.1,male,True,False,AU,BOS,280,32,309.03,342.9,Frequent,Flight Discount
u_104719,21,6,3,1,152.17,282.47,1.9,female,False,True,US,SFO,445,21,434.64,509.46,Frequent,Family Perk
u_104720,43,6,3,3,185.07,261.63,6.8,male,True,False,US,DFW,802,43,446.7,889.67,Frequent,New User Perk
u_104721,1,6,0,0,768.46,0.0,0.0,male,False,True,CA,DFW,626,1,768.46,703.85,Engaged,Other
u_104722,18,8,2,2,845.88,180.3,4.7,male,True,True,GB,BOS,901,18,1026.18,1021.62,Frequent,Family Perk
u_104723,13,3,2,1,253.11,292.88,6.7,male,False,False,FR,JFK,593,13,545.99,660.6,Frequent,Other
u_104724,44,0,3,2,0.0,185.28,4.2,female,False,True,FR,LGA,718,44,185.28,780.53,Frequent,Flight Discount
u_104725,6,2,1,2,709.17,220.27,1.0,female,True,False,FR,MIA,722,6,929.44,820.94,Engaged,Other
u_104726,37,4,5,2,396.82,328.27,3.3,male,True,True,DE,LAX,857,37,725.09,966.51,Frequent,Flight Discount
u_104727,26,3,1,3,353.9,221.29,1.7,male,True,False,US,BOS,192,26,575.19,275.52,Frequent,Family Perk
u_104728,15,4,1,3,888.23,229.11,5.5,female,True,False,US,ATL,335,15,1117.34,461.73,Frequent,Hotel Discount
u_104729,25,0,2,0,0.0,111.48,4.9,male,False,False,GB,ATL,606,25,111.48,642.15,Frequent,Other
u_104730,6,3,1,2,489.64,391.47,2.0,female,True,False,CA,BOS,347,6,881.11,441.11,Engaged,Hotel Discount
u_104731,26,8,4,2,256.53,257.18,4.5,female,True,True,GB,LGA,486,26,513.71,563.37,Frequent,Hotel Discount
u_104732,13,8,5,1,268.69,88.38,1.8,female,True,False,US,MIA,635,13,357.07,683.71,Frequent,Loyalty Perk
u_104733,27,0,6,1,0.0,282.32,4.9,female,False,False,CA,SFO,1141,27,282.32,1196.23,Frequent,Loyalty Perk
u_104734,39,4,4,0,752.18,111.8,4.8,female,False,True,DE,ATL,633,39,863.98,758.4,Frequent,Family Perk
u_104735,37,5,4,0,860.39,92.58,5.5,female,True,False,DE,JFK,569,37,952.97,701.3,Frequent,Hotel Discount
u_104736,31,2,4,0,177.88,225.87,2.7,male,False,False,CA,SEA,665,31,403.75,736.38,Frequent,Flight Discount
u_104737,12,3,0,3,170.42,0.0,0.0,male,False,False,US,BOS,323,12,170.42,352.04,Frequent,Flight Discount
u_104738,8,8,6,0,297.0,164.09,6.6,male,False,False,US,SEA,389,8,461.09,443.11,Engaged,Family Perk
u_104739,20,4,6,3,842.38,385.26,5.5,female,True,True,US,SEA,499,20,1227.64,641.76,Frequent,Other
u_104740,30,0,5,1,0.0,117.5,3.7,male,True,False,US,DFW,282,30,117.5,323.75,Frequent,Family Perk
u_104741,12,1,5,1,86.06,375.22,6.9,male,False,True,AU,BOS,783,12,461.28,841.13,Frequent,Loyalty Perk
u_104742,44,6,5,1,655.76,181.01,2.6,male,False,False,US,ATL,779,44,836.77,906.68,Frequent,Loyalty Perk
u_104743,5,8,6,2,715.9,175.33,6.1,female,True,True,GB,ATL,349,5,891.23,443.12,Engaged,Family Perk
u_104744,36,4,2,2,828.87,344.72,1.8,female,True,True,GB,ATL,107,36,1173.59,260.36,Frequent,Loyalty Perk
u_104745,33,6,3,1,283.74,178.12,6.2,female,True,True,US,ATL,512,33,461.86,591.19,Frequent,Hotel Discount
u_104746,1,1,3,0,578.9,350.82,3.1,female,True,True,US,LGA,759,1,929.72,852.97,Engaged,Loyalty Perk
u_104747,24,1,3,3,183.53,356.46,5.1,female,False,True,US,ATL,998,24,539.99,1076.0,Frequent,Other
u_104748,4,3,5,0,254.33,187.61,6.7,female,True,False,CA,SEA,1087,4,441.94,1135.19,Engaged,Hotel Discount
u_104749,8,7,2,2,824.45,56.95,2.4,male,True,False,FR,SEA,166,8,881.4,262.14,Engaged,Family Perk
u_104750,33,8,5,3,400.02,93.1,1.9,female,False,False,US,LAX,588,33,493.12,670.31,Frequent,Loyalty Perk
u_104751,1,5,6,1,739.47,207.84,6.0,male,True,True,CA,JFK,793,1,947.31,888.73,Engaged,Other
u_104752,1,0,4,3,0.0,67.41,2.6,male,False,False,CA,SFO,558,1,67.41,565.74,Other,Flight Discount
u_104753,19,6,0,0,346.38,0.0,0.0,female,True,True,GB,ORD,702,19,346.38,755.64,Frequent,Flight Discount
u_104754,36,2,0,0,376.76,0.0,0.0,male,False,True,US,SEA,160,36,376.76,233.68,Frequent,Loyalty Perk
u_104755,5,6,5,2,601.15,343.69,1.7,male,True,False,US,JFK,290,5,944.84,389.48,Engaged,Flight Discount
u_104756,37,6,0,3,723.47,0.0,0.0,male,False,False,US,BOS,474,37,723.47,583.35,Frequent,Flight Discount
u_104757,4,6,6,0,430.95,375.35,5.3,female,False,False,US,BOS,152,4,806.3,236.63,Engaged,Loyalty Perk
u_104758,35,3,1,2,98.04,294.21,1.6,female,True,False,US,JFK,631,35,392.25,705.23,Frequent,Loyalty Perk
u_104759,34,3,2,1,163.03,116.55,1.9,male,False,True,CA,ORD,625,34,279.58,686.96,Frequent,Loyalty Perk
u_104760,42,1,0,1,843.87,0.0,0.0,female,False,True,US,DFW,191,42,843.87,317.39,Frequent,Family Perk
u_104761,9,6,2,1,348.91,272.61,3.8,male,True,False,FR,ATL,1129,9,621.52,1200.15,Engaged,Hotel Discount
u_104762,40,4,2,3,498.8,346.75,3.6,female,False,False,US,MIA,470,40,845.55,594.55,Frequent,Hotel Discount
u_104763,7,2,5,1,567.39,138.51,2.5,female,False,False,GB,ATL,552,7,705.9,629.59,Engaged,Other
u_104764,33,4,2,0,682.83,109.02,5.5,male,False,False,GB,SEA,149,33,791.85,261.19,Frequent,Loyalty Perk
u_104765,44,0,5,1,0.0,244.66,1.1,female,True,False,AU,SFO,183,44,244.66,251.47,Frequent,Loyalty Perk
u_104766,33,1,6,0,649.96,314.5,3.8,male,False,False,US,LGA,142,33,964.46,271.45,Frequent,Other
u_104767,42,4,2,2,289.32,350.03,2.4,male,False,False,US,BOS,304,42,639.35,409.94,Frequent,Flight Discount
u_104768,44,5,0,0,86.21,0.0,0.0,female,True,True,US,ATL,588,44,86.21,640.62,Frequent,Family Perk
u_104769,5,6,2,2,152.58,331.94,2.0,male,False,False,FR,LAX,52,5,484.52,105.45,Engaged,Family Perk
u_104770,20,3,3,3,215.76,112.56,3.2,male,False,False,CA,JFK,909,20,328.32,961.83,Frequent,Other
u_104771,19,8,4,0,672.23,302.39,4.0,male,True,False,US,SFO,323,19,974.62,439.46,Frequent,New User Perk
u_104772,29,3,0,0,87.67,0.0,0.0,male,True,True,DE,SEA,378,29,87.67,415.77,Frequent,Loyalty Perk
u_104773,15,3,2,2,173.74,397.41,5.0,female,True,False,GB,ATL,635,15,571.15,707.11,Frequent,Other
u_104774,31,2,1,3,713.52,334.39,6.6,male,True,False,CA,MIA,1098,31,1047.91,1233.79,Frequent,Loyalty Perk
u_104775,29,6,6,0,345.81,392.83,4.5,male,True,True,US,LGA,774,29,738.64,876.86,Frequent,Loyalty Perk
u_104776,15,7,3,3,566.44,399.27,3.9,female,True,False,US,SFO,541,15,965.71,652.57,Frequent,Other
u_104777,32,0,1,3,0.0,125.15,5.5,female,False,False,AU,LGA,1044,32,125.15,1088.52,Frequent,Flight Discount
u_104778,10,1,3,3,227.5,184.55,6.4,male,True,False,DE,JFK,1099,10,412.05,1150.2,Frequent,Other
u_104779,34,0,5,2,0.0,109.55,4.3,male,False,True,CA,LAX,626,34,109.55,670.96,Frequent,Loyalty Perk
u_104780,39,3,1,0,591.26,284.94,5.9,male,False,False,FR,ATL,499,39,876.2,625.62,Frequent,Hotel Discount
u_104781,31,5,1,2,865.19,236.2,3.1,male,False,False,US,JFK,545,31,1101.39,686.14,Frequent,Hotel Discount
u_104782,17,0,6,2,0.0,289.75,5.5,male,False,False,AU,LAX,626,17,289.75,671.98,Frequent,Other
u_104783,43,6,6,2,771.53,220.42,1.3,male,False,True,US,MIA,482,43,991.95,624.2,Frequent,Other
u_104784,8,2,5,0,429.06,355.77,3.4,male,False,False,CA,LAX,797,8,784.83,883.48,Engaged,Hotel Discount
u_104785,36,1,5,3,122.75,358.08,4.0,male,False,False,US,LAX,928,36,480.83,1012.08,Frequent,Other
u_104786,16,0,6,3,0.0,354.94,1.9,female,True,True,DE,SFO,806,16,354.94,857.49,Frequent,Other
u_104787,40,5,6,3,878.51,81.26,2.9,female,False,False,US,DFW,103,40,959.77,238.98,Frequent,Other
u_104788,45,6,2,0,438.07,223.72,6.1,female,False,False,US,DFW,375,45,661.79,486.18,Frequent,Flight Discount
u_104789,26,1,3,0,500.84,214.62,5.0,male,False,True,GB,LAX,911,26,715.46,1008.55,Frequent,Other
u_104790,17,8,5,2,851.5,211.91,2.5,female,True,True,US,MIA,304,17,1063.41,427.34,Frequent,Loyalty Perk
u_104791,6,3,0,0,329.04,0.0,0.0,male,False,True,CA,BOS,525,6,329.04,563.9,Engaged,Loyalty Perk
u_104792,16,3,0,2,536.42,0.0,0.0,male,False,False,US,SFO,194,16,536.42,263.64,Frequent,Other
u_104793,18,6,3,0,102.73,72.25,3.6,female,False,True,CA,LGA,163,18,174.98,198.5,Frequent,Other
u_104794,13,2,4,3,345.87,399.11,6.9,male,False,True,FR,ATL,261,13,744.98,348.5,Frequent,Loyalty Perk
u_104795,36,5,6,0,867.78,335.07,2.8,male,True,True,FR,SEA,445,36,1202.85,601.28,Frequent,Hotel Discount
u_104796,11,6,0,0,186.95,0.0,0.0,male,True,False,US,DFW,159,11,186.95,188.7,Frequent,Family Perk
u_104797,16,3,4,3,249.59,65.79,3.3,male,True,True,US,ATL,511,16,315.38,558.54,Frequent,Hotel Discount
u_104798,30,5,3,2,607.62,57.57,4.5,female,False,False,US,SEA,660,30,665.19,756.52,Frequent,Loyalty Perk
u_104799,18,0,1,3,0.0,184.84,4.5,male,False,True,GB,ATL,193,18,184.84,229.48,Frequent,Family Perk
u_104800,10,2,6,2,345.46,385.48,4.7,male,True,False,GB,SFO,553,10,730.94,636.09,Frequent,Hotel Discount
u_104801,16,6,5,1,201.28,358.34,4.2,male,False,True,CA,JFK,913,16,559.62,984.96,Frequent,New User Perk
u_104802,23,6,0,1,168.47,0.0,0.0,male,True,True,US,LGA,283,23,168.47,322.85,Frequent,Other
u_104803,31,0,4,1,0.0,309.86,1.7,male,False,True,US,MIA,462,31,309.86,523.99,Frequent,Loyalty Perk
u_104804,5,1,4,0,854.55,242.25,5.0,female,True,True,US,JFK,130,5,1096.8,244.68,Engaged,New User Perk
u_104805,42,1,1,0,596.83,262.58,6.6,male,True,True,US,ATL,895,42,859.41,1022.94,Frequent,Loyalty Perk
u_104806,36,6,5,0,527.39,143.09,2.2,male,True,True,FR,LAX,680,36,670.48,783.05,Frequent,Other
u_104807,36,0,2,3,0.0,220.09,6.7,female,True,True,GB,BOS,922,36,220.09,980.01,Frequent,Other
u_104808,18,4,3,2,304.17,374.83,4.9,female,False,False,US,LAX,1114,18,679.0,1199.9,Frequent,Loyalty Perk
u_104809,12,7,0,1,552.99,0.0,0.0,female,False,False,US,ATL,1022,12,552.99,1089.3,Frequent,Loyalty Perk
u_104810,38,8,0,0,326.96,0.0,0.0,female,True,True,CA,BOS,822,38,326.96,892.7,Frequent,Other
u_104811,40,6,2,3,421.6,233.68,6.7,male,False,True,US,SFO,589,40,655.28,694.53,Frequent,Loyalty Perk
u_104812,21,3,3,3,544.68,359.32,2.1,male,False,False,GB,DFW,382,21,904.0,493.4,Frequent,Flight Discount
u_104813,4,8,5,0,138.78,215.88,6.9,male,True,False,GB,SEA,803,4,354.66,842.47,Engaged,Other
u_104814,24,8,5,2,846.16,70.53,5.2,male,False,False,AU,MIA,747,24,916.69,862.67,Frequent,Family Perk
u_104815,7,4,6,0,849.86,108.36,2.3,male,False,True,AU,JFK,725,7,958.22,827.82,Engaged,Loyalty Perk
u_104816,22,5,1,1,808.38,255.54,5.8,female,True,False,GB,BOS,771,22,1063.92,899.39,Frequent,Other
u_104817,18,8,4,2,517.73,296.02,5.1,female,False,True,AU,LGA,165,18,813.75,264.38,Frequent,Flight Discount
u_104818,29,6,4,1,434.46,124.76,3.6,female,False,False,DE,SFO,54,29,559.22,138.92,Frequent,Loyalty Perk
u_104819,23,0,3,3,0.0,146.24,3.6,female,True,True,US,MIA,543,23,146.24,580.62,Frequent,Loyalty Perk
u_104820,22,5,6,0,170.36,391.09,5.9,female,True,False,US,SFO,453,22,561.45,531.15,Frequent,Hotel Discount
u_104821,44,7,5,2,590.36,197.83,2.3,female,True,True,DE,LAX,1056,44,788.19,1178.82,Frequent,Hotel Discount
u_104822,26,1,6,0,180.33,310.86,6.1,female,True,False,US,LAX,341,26,491.19,416.12,Frequent,Other
u_104823,45,8,6,2,465.14,230.02,4.3,male,True,True,US,SEA,887,45,695.16,1001.52,Frequent,Family Perk
u_104824,45,1,0,3,401.9,0.0,0.0,male,False,False,US,LGA,1075,45,401.9,1160.19,Frequent,Flight Discount
u_104825,6,8,4,0,311.9,203.44,5.3,male,False,True,CA,LGA,554,6,515.34,611.53,Engaged,Flight Discount
u_104826,7,3,6,0,563.75,234.0,5.4,male,True,False,US,SFO,1177,7,797.75,1263.78,Engaged,Flight Discount
u_104827,39,4,3,1,384.32,306.82,4.2,female,False,True,CA,ORD,1112,39,691.14,1220.11,Frequent,New User Perk
u_104828,30,4,2,3,171.06,341.9,6.9,male,False,False,DE,ORD,945,30,512.96,1026.3,Frequent,Family Perk
u_104829,35,0,3,0,0.0,94.82,2.1,female,False,True,US,ATL,937,35,94.82,981.48,Frequent,Hotel Discount
u_104830,11,3,3,1,563.07,257.06,3.7,male,True,False,GB,DFW,71,11,820.13,164.01,Frequent,Loyalty Perk
u_104831,27,1,1,3,301.42,102.8,3.2,male,False,False,FR,BOS,96,27,404.22,163.42,Frequent,Hotel Discount
u_104832,17,8,2,0,771.17,148.96,1.4,male,False,False,GB,SFO,37,17,920.13,146.01,Frequent,Family Perk
u_104833,5,6,5,3,829.34,390.14,5.1,female,False,False,AU,LGA,449,5,1219.48,575.95,Engaged,Other
u_104834,32,8,4,0,665.95,248.45,5.4,male,False,True,AU,LGA,1122,32,914.4,1245.44,Frequent,Other
u_104835,45,3,4,0,801.38,87.84,5.5,male,True,False,FR,ORD,857,45,889.22,990.92,Frequent,Other
u_104836,22,2,5,3,293.82,188.34,2.7,female,True,True,US,ATL,546,22,482.16,616.22,Frequent,Other
u_104837,2,5,2,3,462.17,232.83,4.1,female,True,True,US,SFO,619,2,695.0,690.5,Engaged,Other
u_104838,19,2,0,0,184.64,0.0,0.0,male,False,False,CA,SEA,1197,19,184.64,1234.46,Frequent,Loyalty Perk
u_104839,19,2,6,2,237.87,226.16,4.1,male,False,True,DE,JFK,281,19,464.03,346.4,Frequent,New User Perk
u_104840,36,4,6,0,721.61,327.93,3.4,female,True,False,US,BOS,888,36,1049.54,1028.95,Frequent,Hotel Discount
u_104841,7,2,1,0,477.52,80.06,6.1,male,False,True,DE,SFO,1198,7,557.58,1260.76,Engaged,Hotel Discount
u_104842,12,2,2,3,614.58,130.82,4.8,male,False,False,US,LAX,202,12,745.4,288.54,Frequent,Loyalty Perk
u_104843,35,4,0,3,307.76,0.0,0.0,male,False,True,US,MIA,333,35,307.76,398.78,Frequent,Hotel Discount
u_104844,29,3,1,0,111.11,297.66,4.2,male,False,False,GB,LGA,292,29,408.77,361.88,Frequent,Loyalty Perk
u_104845,41,6,6,0,80.12,179.85,4.9,female,False,True,US,LGA,1025,41,259.97,1092.0,Frequent,New User Perk
u_104846,25,4,0,2,768.83,0.0,0.0,male,True,False,CA,LGA,283,25,768.83,384.88,Frequent,Flight Discount
u_104847,43,2,5,2,130.62,58.93,2.5,male,True,False,US,ORD,428,43,189.55,489.96,Frequent,Loyalty Perk
u_104848,21,8,0,2,884.46,0.0,0.0,male,True,True,US,BOS,1043,21,884.46,1152.45,Frequent,Other
u_104849,40,1,3,0,122.97,316.07,4.6,male,True,True,US,DFW,725,40,439.04,808.9,Frequent,Hotel Discount
u_104850,31,8,5,2,899.98,326.66,5.9,male,True,True,GB,ATL,1136,31,1226.64,1289.66,Frequent,Hotel Discount
u_104851,42,4,5,0,592.37,249.86,6.7,female,True,False,US,ATL,1130,42,842.23,1256.22,Frequent,Flight Discount
u_104852,39,1,0,2,306.61,0.0,0.0,female,False,True,US,JFK,458,39,306.61,527.66,Frequent,Other
u_104853,8,0,2,1,0.0,335.3,3.4,female,False,True,US,DFW,742,8,335.3,783.53,Engaged,New User Perk
u_104854,41,2,5,3,236.18,318.34,1.9,male,True,True,FR,ORD,1183,41,554.52,1279.45,Frequent,Family Perk
u_104855,41,5,3,2,417.86,305.67,4.7,female,True,False,US,LGA,223,41,723.53,336.35,Frequent,Other
u_104856,40,4,6,2,658.19,83.92,1.1,female,False,True,US,SEA,952,40,742.11,1066.21,Frequent,Other
u_104857,30,0,3,1,0.0,55.72,4.3,male,True,True,CA,ATL,1152,30,55.72,1187.57,Frequent,Flight Discount
u_104858,45,2,4,2,316.91,143.84,1.8,female,True,True,US,LAX,219,45,460.75,310.08,Frequent,Loyalty Perk
u_104859,21,6,5,1,216.09,329.06,2.6,female,False,False,US,JFK,265,21,545.15,340.52,Frequent,Family Perk
u_104860,42,8,1,3,530.42,149.12,3.8,male,False,True,CA,SFO,102,42,679.54,211.95,Frequent,Loyalty Perk
u_104861,10,1,1,3,541.98,83.33,5.9,female,False,False,US,SEA,486,10,625.31,558.53,Frequent,Family Perk
u_104862,14,0,4,1,0.0,196.12,3.7,female,True,True,FR,DFW,1074,14,196.12,1107.61,Frequent,Hotel Discount
u_104863,33,5,5,1,115.5,177.13,2.6,male,True,True,US,LGA,1102,33,292.63,1164.26,Frequent,Loyalty Perk
u_104864,35,5,3,2,682.07,335.0,1.5,male,False,False,US,SFO,994,35,1017.07,1130.71,Frequent,Flight Discount
u_104865,43,4,6,1,699.05,56.12,3.2,male,False,True,CA,DFW,685,43,755.17,803.52,Frequent,New User Perk
u_104866,29,4,4,2,821.02,368.25,2.1,male,True,True,US,JFK,1081,29,1189.27,1228.93,Frequent,Family Perk
u_104867,39,6,5,1,82.88,147.39,6.1,female,False,False,US,SEA,728,39,230.27,790.03,Frequent,Hotel Discount
u_104868,28,3,4,1,495.12,371.34,1.1,female,False,False,CA,JFK,718,28,866.46,832.65,Frequent,Flight Discount
u_104869,8,8,4,2,392.54,135.62,1.6,male,False,True,US,JFK,201,8,528.16,261.82,Engaged,Loyalty Perk
u_104870,41,6,6,1,80.38,377.2,2.8,female,False,False,AU,ORD,425,41,457.58,511.76,Frequent,Family Perk
u_104871,1,7,5,2,766.35,314.86,5.3,male,True,False,AU,DFW,1191,1,1081.21,1300.12,Engaged,Hotel Discount
u_104872,22,2,5,1,671.96,341.91,3.3,male,False,False,DE,ORD,334,22,1013.87,457.39,Frequent,Hotel Discount
u_104873,8,6,6,2,421.26,187.65,2.9,female,False,False,US,MIA,978,8,608.91,1046.89,Engaged,Family Perk
u_104874,23,5,4,3,173.94,90.53,1.3,male,False,True,US,MIA,1198,23,264.47,1247.45,Frequent,Family Perk
u_104875,38,6,1,1,335.18,120.3,4.6,female,False,True,US,DFW,382,38,455.48,465.55,Frequent,Other
u_104876,34,3,3,2,444.06,270.8,1.4,female,True,False,AU,LAX,471,34,714.86,576.49,Frequent,Loyalty Perk
u_104877,31,8,3,3,394.14,289.21,3.2,male,False,True,US,LGA,609,31,683.35,708.34,Frequent,Hotel Discount
u_104878,45,1,3,2,834.91,263.84,6.3,female,True,True,GB,BOS,143,45,1098.75,297.88,Frequent,New User Perk
u_104879,36,7,3,0,871.74,283.97,3.2,female,True,False,AU,DFW,955,36,1155.71,1106.57,Frequent,Loyalty Perk
u_104880,13,2,2,1,520.63,200.86,2.1,female,False,True,US,MIA,1052,13,721.49,1137.15,Frequent,Other
u_104881,25,5,3,3,454.78,400.0,1.3,male,True,False,US,MIA,120,25,854.78,230.48,Frequent,Flight Discount
u_104882,27,5,5,3,417.95,379.9,3.8,male,False,False,US,ORD,915,27,797.85,1021.78,Frequent,Other
u_104883,11,2,3,0,856.27,280.73,6.8,female,True,False,CA,LGA,430,11,1137.0,554.7,Frequent,Family Perk
u_104884,45,4,4,0,453.43,144.81,5.3,female,False,False,US,DFW,406,45,598.24,510.82,Frequent,Hotel Discount
u_104885,33,1,4,1,246.99,273.23,1.1,female,True,True,GB,SEA,55,33,520.22,140.02,Frequent,Family Perk
u_104886,31,0,2,1,0.0,338.65,4.9,male,True,False,AU,MIA,112,31,338.65,176.86,Frequent,Hotel Discount
u_104887,4,6,4,3,645.57,157.66,4.7,female,True,True,FR,MIA,775,4,803.23,859.32,Engaged,Loyalty Perk
u_104888,35,7,6,2,512.89,124.52,5.2,male,True,True,US,LGA,87,35,637.41,185.74,Frequent,Family Perk
u_104889,5,6,3,0,244.99,51.25,2.2,male,False,False,US,MIA,611,5,296.24,645.62,Engaged,Other
u_104890,33,0,4,0,0.0,160.07,4.9,male,False,True,US,DFW,566,33,160.07,615.01,Frequent,Loyalty Perk
u_104891,20,3,4,3,134.65,125.43,4.6,female,False,False,US,LAX,321,20,260.08,367.01,Frequent,Other
u_104892,22,8,5,0,360.38,307.11,6.4,male,False,False,CA,DFW,444,22,667.49,532.75,Frequent,Loyalty Perk
u_104893,18,5,6,3,604.87,109.65,2.8,male,False,True,AU,JFK,852,18,714.52,941.45,Frequent,Loyalty Perk
u_104894,9,8,0,3,240.23,0.0,0.0,female,True,True,GB,JFK,926,9,240.23,959.02,Engaged,Family Perk
u_104895,13,3,6,2,404.72,270.25,3.4,female,True,True,DE,ORD,712,13,674.97,792.5,Frequent,Loyalty Perk
u_104896,18,3,0,3,205.92,0.0,0.0,male,True,False,US,ORD,392,18,205.92,430.59,Frequent,Family Perk
u_104897,17,3,1,2,866.09,80.95,5.8,female,False,True,US,ORD,63,17,947.04,174.7,Frequent,Hotel Discount
u_104898,15,8,3,0,391.51,115.43,4.7,female,False,False,US,JFK,302,15,506.94,367.69,Frequent,Other
u_104899,26,4,6,2,802.19,131.64,1.7,female,True,True,CA,SFO,132,26,933.83,251.38,Frequent,New User Perk
u_104900,25,0,4,3,0.0,212.7,2.6,male,False,True,US,ATL,691,25,212.7,737.27,Frequent,Loyalty Perk
u_104901,27,1,6,2,800.52,275.09,3.6,male,False,False,DE,JFK,533,27,1075.61,667.56,Frequent,Other
u_104902,44,2,1,0,227.45,57.54,6.3,female,True,True,US,ORD,1047,44,284.99,1119.5,Frequent,Family Perk
u_104903,6,6,4,0,242.14,60.03,5.3,female,False,True,US,BOS,586,6,302.17,622.22,Engaged,Flight Discount
u_104904,22,8,5,0,305.13,152.15,6.7,male,False,True,FR,ATL,706,22,457.28,773.73,Frequent,Other
u_104905,15,2,0,0,799.2,0.0,0.0,male,True,False,FR,BOS,534,15,799.2,628.92,Frequent,Other
u_104906,44,4,3,3,848.04,389.93,3.6,female,False,False,US,ORD,847,44,1237.97,1014.8,Frequent,Loyalty Perk
u_104907,31,0,1,3,0.0,328.26,2.7,male,True,True,DE,ORD,915,31,328.26,978.83,Frequent,Loyalty Perk
u_104908,34,2,2,3,105.11,142.98,5.4,female,True,False,US,BOS,720,34,248.09,778.81,Frequent,Other
u_104909,35,7,5,2,221.0,66.45,2.6,female,True,True,GB,BOS,1143,35,287.45,1206.74,Frequent,New User Perk
u_104910,33,3,0,0,507.25,0.0,0.0,female,False,False,FR,ATL,901,33,507.25,984.73,Frequent,Flight Discount
u_104911,15,8,6,2,708.5,208.0,5.6,male,False,False,US,ATL,897,15,916.5,1003.65,Frequent,Other
u_104912,38,8,1,3,695.18,167.44,5.4,male,False,True,DE,LGA,1106,38,862.62,1230.26,Frequent,New User Perk
u_104913,24,3,3,1,286.46,326.53,4.8,female,True,True,FR,LGA,823,24,612.99,908.3,Frequent,Other
u_104914,23,4,2,2,725.5,255.01,3.2,male,False,False,FR,LGA,411,23,980.51,532.05,Frequent,Loyalty Perk
u_104915,17,5,4,1,159.31,227.34,2.2,male,False,True,FR,SEA,111,17,386.65,166.66,Frequent,Other
u_104916,5,8,2,0,395.02,306.63,1.4,female,False,False,CA,MIA,242,5,701.65,317.16,Engaged,Family Perk
u_104917,26,6,1,1,417.48,112.39,2.7,female,False,True,US,SFO,476,26,529.87,554.99,Frequent,Loyalty Perk
u_104918,27,5,6,1,354.88,243.08,3.5,male,True,False,DE,BOS,972,27,597.96,1058.8,Frequent,Other
u_104919,8,2,2,2,540.61,78.71,6.3,female,True,True,US,JFK,1018,8,619.32,1087.93,Engaged,Other
u_104920,5,6,4,1,646.23,218.3,3.5,female,False,True,FR,SFO,319,5,864.53,410.45,Engaged,Loyalty Perk
u_104921,2,5,4,3,89.23,107.54,2.4,male,True,True,DE,JFK,1073,2,196.77,1094.68,Engaged,New User Perk
u_104922,9,4,1,3,836.88,386.02,5.5,female,True,True,DE,LAX,230,9,1222.9,361.29,Engaged,Flight Discount
u_104923,33,5,0,0,300.09,0.0,0.0,male,False,False,DE,JFK,934,33,300.09,997.01,Frequent,Flight Discount
u_104924,40,3,4,0,567.01,190.54,4.9,male,False,True,US,SFO,981,40,757.55,1096.75,Frequent,Family Perk
u_104925,5,2,4,1,642.76,148.17,5.6,female,True,True,FR,ATL,579,5,790.93,663.09,Engaged,Loyalty Perk
u_104926,22,8,5,3,311.32,274.0,3.2,male,False,True,FR,ORD,655,22,585.32,735.53,Frequent,Flight Discount
u_104927,40,5,5,2,837.35,112.72,4.0,female,False,True,US,DFW,987,40,950.07,1122.01,Frequent,Flight Discount
u_104928,27,6,4,0,335.74,169.88,4.9,female,False,False,US,BOS,296,27,505.62,373.56,Frequent,Loyalty Perk
u_104929,13,2,3,2,768.32,232.16,4.6,male,True,True,DE,ORD,642,13,1000.48,755.05,Frequent,Loyalty Perk
u_104930,9,7,1,2,580.35,88.2,6.7,male,True,True,FR,DFW,220,9,668.55,295.85,Engaged,Hotel Discount
u_104931,37,6,0,1,90.33,0.0,0.0,female,False,False,FR,LAX,671,37,90.33,717.03,Frequent,Hotel Discount
u_104932,4,6,1,2,429.89,313.49,1.9,female,True,True,US,ATL,164,4,743.38,242.34,Engaged,Flight Discount
u_104933,17,4,1,3,420.17,103.65,4.7,male,True,False,AU,LAX,349,17,523.82,418.38,Frequent,Loyalty Perk
u_104934,24,6,5,3,721.69,68.86,2.1,male,False,False,GB,DFW,128,24,790.55,231.05,Frequent,Loyalty Perk
u_104935,23,3,4,1,886.34,321.33,3.7,male,True,False,GB,SEA,552,23,1207.67,695.77,Frequent,Family Perk
u_104936,44,8,2,3,586.56,290.84,5.3,female,True,True,DE,JFK,997,44,877.4,1128.74,Frequent,Loyalty Perk
u_104937,24,8,4,0,513.36,366.07,1.8,male,False,False,FR,JFK,450,24,879.43,561.94,Frequent,Other
u_104938,24,7,0,2,783.58,0.0,0.0,female,True,False,US,ATL,392,24,783.58,494.36,Frequent,Loyalty Perk
u_104939,5,4,0,3,617.64,0.0,0.0,male,True,True,CA,SEA,917,5,617.64,983.76,Engaged,New User Perk
u_104940,35,6,0,2,426.88,0.0,0.0,male,True,True,DE,LGA,450,35,426.88,527.69,Frequent,Loyalty Perk
u_104941,14,7,6,1,445.82,277.1,1.8,male,True,False,CA,LAX,515,14,722.92,601.29,Frequent,Loyalty Perk
u_104942,26,0,5,2,0.0,359.11,6.4,female,False,True,US,LAX,351,26,359.11,412.91,Frequent,Flight Discount
u_104943,25,2,0,0,893.27,0.0,0.0,male,False,False,US,ORD,505,25,893.27,619.33,Frequent,Other
u_104944,2,2,5,3,899.68,398.12,1.7,male,False,False,AU,ORD,1158,2,1297.8,1289.78,Engaged,Hotel Discount
u_104945,38,1,1,2,839.45,115.34,3.6,male,False,False,US,SFO,1049,38,954.79,1182.48,Frequent,Flight Discount
u_104946,44,1,4,3,517.7,303.32,2.3,female,False,True,CA,SFO,276,44,821.02,402.1,Frequent,Other
u_104947,11,3,4,1,656.96,344.89,2.9,male,True,True,FR,BOS,219,11,1001.85,330.19,Frequent,New User Perk
u_104948,19,0,6,2,0.0,291.22,3.9,female,True,False,GB,DFW,750,19,291.22,798.12,Frequent,New User Perk
u_104949,3,7,0,1,674.34,0.0,0.0,female,True,True,AU,ATL,643,3,674.34,713.43,Engaged,Hotel Discount
u_104950,7,7,6,3,501.65,197.25,5.5,male,False,True,US,SEA,447,7,698.9,523.89,Engaged,Loyalty Perk
u_104951,22,7,4,2,194.55,351.54,2.4,male,True,False,GB,DFW,469,22,546.09,545.61,Frequent,Loyalty Perk
u_104952,10,4,2,2,546.92,216.71,6.7,male,False,False,US,SEA,364,10,763.63,450.36,Frequent,Loyalty Perk
u_104953,27,2,0,0,555.43,0.0,0.0,female,False,True,CA,ORD,324,27,555.43,406.54,Frequent,Other
u_104954,39,7,0,2,273.59,0.0,0.0,female,True,False,US,LAX,996,39,273.59,1062.36,Frequent,Other
u_104955,32,4,4,3,763.31,244.86,1.8,female,False,True,US,ORD,485,32,1008.17,617.82,Frequent,Flight Discount
u_104956,1,5,5,1,171.58,367.75,2.8,female,True,False,AU,JFK,644,1,539.33,698.93,Engaged,Other
u_104957,7,5,4,2,576.15,193.2,1.4,female,True,False,US,SFO,706,7,769.35,789.94,Engaged,New User Perk
u_104958,2,5,0,0,890.65,0.0,0.0,male,False,True,AU,JFK,232,2,890.65,323.06,Engaged,Family Perk
u_104959,36,1,3,3,896.35,141.73,4.3,male,False,True,DE,LAX,1172,36,1038.08,1311.81,Frequent,Loyalty Perk
u_104960,44,1,2,2,344.34,395.46,1.4,female,False,False,US,JFK,642,44,739.8,759.98,Frequent,Loyalty Perk
u_104961,1,0,4,3,0.0,138.25,1.6,male,True,True,AU,SEA,1160,1,138.25,1174.82,Engaged,Hotel Discount
u_104962,38,8,4,3,754.84,271.86,5.1,male,False,False,DE,JFK,136,38,1026.7,276.67,Frequent,Loyalty Perk
u_104963,42,1,3,2,784.99,138.26,5.5,female,False,False,FR,MIA,432,42,923.25,566.33,Frequent,Loyalty Perk
u_104964,27,4,3,1,97.64,277.83,3.9,male,True,True,US,LGA,1056,27,375.47,1120.55,Frequent,Other
u_104965,33,2,4,3,245.02,312.83,5.1,male,False,True,US,LAX,391,33,557.85,479.79,Frequent,Hotel Discount
u_104966,7,2,1,3,338.64,324.11,1.5,male,True,True,US,SFO,934,7,662.75,1007.28,Engaged,Family Perk
u_104967,28,3,3,0,184.5,56.07,5.1,male,False,False,FR,ORD,334,28,240.57,386.06,Frequent,Loyalty Perk
u_104968,41,1,4,0,808.63,371.24,2.5,male,False,True,US,JFK,63,41,1179.87,221.99,Frequent,Other
u_104969,9,4,5,1,692.03,315.23,5.7,male,True,True,US,JFK,880,9,1007.26,989.73,Engaged,Loyalty Perk
u_104970,29,4,2,1,824.49,66.49,3.1,male,True,True,US,LGA,134,29,890.98,252.1,Frequent,Family Perk
u_104971,33,0,4,2,0.0,269.72,1.5,male,True,False,US,SFO,159,33,269.72,218.97,Frequent,Flight Discount
u_104972,11,5,0,0,173.1,0.0,0.0,female,True,False,US,LAX,371,11,173.1,399.31,Frequent,Other
u_104973,26,7,6,0,240.0,69.24,3.9,female,False,True,FR,LAX,1172,26,309.24,1228.92,Frequent,Other
u_104974,39,1,0,2,383.3,0.0,0.0,male,False,True,DE,JFK,650,39,383.3,727.33,Frequent,Flight Discount
u_104975,5,0,4,2,0.0,244.44,5.8,female,True,False,GB,MIA,635,5,244.44,664.44,Engaged,Flight Discount
u_104976,22,3,3,1,326.96,353.56,4.7,male,False,True,US,SEA,144,22,680.52,234.05,Frequent,Loyalty Perk
u_104977,1,1,3,1,371.96,197.6,6.5,male,True,False,DE,SFO,802,1,569.56,859.96,Engaged,Family Perk
u_104978,33,8,0,0,527.18,0.0,0.0,female,True,False,FR,SFO,747,33,527.18,832.72,Frequent,Other
u_104979,24,7,3,3,825.7,395.25,3.8,male,False,True,DE,SEA,149,24,1220.95,295.09,Frequent,Loyalty Perk
u_104980,3,3,0,3,249.54,0.0,0.0,female,True,True,CA,LAX,744,3,249.54,771.95,Engaged,Other
u_104981,30,8,0,0,671.35,0.0,0.0,female,True,True,GB,ATL,1179,30,671.35,1276.14,Frequent,Hotel Discount
u_104982,21,3,2,3,348.36,71.27,3.6,male,False,True,US,BOS,1104,21,419.63,1166.96,Frequent,Family Perk
u_104983,27,2,3,3,223.13,319.99,4.6,female,False,True,CA,DFW,734,27,543.12,815.31,Frequent,Flight Discount
u_104984,45,4,0,2,831.11,0.0,0.0,male,True,True,US,DFW,399,45,831.11,527.11,Frequent,Flight Discount
u_104985,6,3,2,3,176.25,333.34,1.1,male,False,False,DE,SEA,195,6,509.59,251.96,Engaged,Loyalty Perk
u_104986,5,8,3,3,626.07,233.57,6.1,male,True,False,FR,SEA,369,5,859.64,459.96,Engaged,Hotel Discount
u_104987,10,5,4,2,119.89,326.97,4.6,male,True,True,DE,SEA,40,10,446.86,94.69,Frequent,Loyalty Perk
u_104988,25,6,0,2,804.63,0.0,0.0,male,False,True,CA,MIA,33,25,804.63,138.46,Frequent,Other
u_104989,33,8,6,3,242.04,273.37,2.6,male,True,False,GB,LAX,935,33,515.41,1019.54,Frequent,Family Perk
u_104990,8,6,5,0,486.57,399.56,2.1,female,True,True,US,DFW,1050,8,886.13,1146.61,Engaged,Loyalty Perk
u_104991,15,3,6,0,175.03,256.83,3.0,female,True,True,US,SFO,1109,15,431.86,1167.19,Frequent,Loyalty Perk
u_104992,24,5,0,1,247.41,0.0,0.0,female,False,True,CA,BOS,538,24,247.41,586.74,Frequent,Other
u_104993,25,5,0,1,753.15,0.0,0.0,female,False,False,US,SFO,232,25,753.15,332.31,Frequent,New User Perk
u_104994,33,3,4,1,437.68,100.66,1.3,male,True,False,CA,BOS,323,33,538.34,409.83,Frequent,Hotel Discount
u_104995,4,7,5,3,641.91,250.4,5.3,male,False,True,AU,LAX,1038,4,892.31,1131.23,Engaged,Flight Discount
u_104996,24,0,6,0,0.0,202.68,4.6,female,True,False,DE,LAX,531,24,202.68,575.27,Frequent,Hotel Discount
u_104997,41,5,0,0,86.55,0.0,0.0,female,False,True,US,JFK,1172,41,86.55,1221.65,Frequent,Family Perk
u_104998,30,1,4,0,564.64,118.99,5.6,female,True,True,US,SFO,900,30,683.63,998.36,Frequent,Flight Discount
u_104999,6,8,6,1,738.84,341.92,6.9,female,False,False,FR,BOS,892,6,1080.76,1006.08,Engaged,Loyalty Perk
u_105000,45,0,3,2,0.0,239.29,4.4,female,True,True,GB,SFO,268,45,239.29,336.93,Frequent,Flight Discount
u_105001,36,3,2,2,331.64,146.1,2.1,female,True,False,CA,LGA,1089,36,477.74,1172.77,Frequent,New User Perk
u_105002,29,1,3,2,760.02,182.27,5.1,female,True,True,FR,SEA,671,29,942.29,794.23,Frequent,Loyalty Perk
u_105003,34,3,1,0,87.82,386.58,2.2,male,True,True,FR,MIA,834,34,474.4,915.44,Frequent,Loyalty Perk
u_105004,8,2,3,1,510.53,210.66,1.8,female,True,False,US,JFK,566,8,721.19,646.12,Engaged,Hotel Discount
u_105005,35,7,3,3,115.78,127.64,1.1,female,False,True,US,DFW,1122,35,243.42,1181.34,Frequent,Loyalty Perk
u_105006,8,5,6,3,167.1,380.65,5.6,male,False,False,US,JFK,717,8,547.75,779.77,Engaged,Other
u_105007,17,6,3,3,373.02,196.11,4.3,female,True,True,AU,BOS,96,17,569.13,169.91,Frequent,Flight Discount
u_105008,38,7,1,3,325.51,195.25,6.9,male,True,True,DE,DFW,356,38,520.76,446.08,Frequent,Hotel Discount
u_105009,5,5,2,3,759.85,361.6,5.9,male,False,False,AU,DFW,308,5,1121.45,425.15,Engaged,Other
u_105010,25,8,1,0,218.43,329.76,2.0,male,True,True,US,ATL,954,25,548.19,1033.82,Frequent,Flight Discount
u_105011,42,1,1,2,102.72,274.62,2.4,male,True,True,DE,JFK,863,42,377.34,942.73,Frequent,Family Perk
u_105012,14,6,3,3,308.9,221.62,2.0,female,False,True,DE,BOS,623,14,530.52,690.05,Frequent,Family Perk
u_105013,28,8,2,3,209.01,209.82,3.4,male,False,False,CA,ATL,563,28,418.83,632.88,Frequent,Family Perk
u_105014,32,1,3,2,302.78,114.85,6.7,male,True,False,DE,JFK,415,32,417.63,488.76,Frequent,Flight Discount
u_105015,1,4,1,2,874.28,378.85,5.3,male,True,False,DE,LGA,585,1,1253.13,711.31,Engaged,Loyalty Perk
u_105016,29,3,0,3,535.57,0.0,0.0,female,True,True,US,LGA,1129,29,535.57,1211.56,Frequent,Other
u_105017,41,7,5,3,401.24,218.66,2.9,male,False,True,US,ATL,290,41,619.9,392.99,Frequent,Flight Discount
u_105018,37,0,2,2,0.0,379.48,4.5,male,True,False,GB,ATL,664,37,379.48,738.95,Frequent,Other
u_105019,34,8,0,1,674.83,0.0,0.0,female,False,False,US,JFK,851,34,674.83,952.48,Frequent,Loyalty Perk
u_105020,14,8,6,2,482.14,228.91,1.2,male,False,True,AU,ATL,841,14,711.05,926.1,Frequent,Loyalty Perk
u_105021,24,0,4,1,0.0,97.91,1.4,male,False,True,US,BOS,538,24,97.91,571.79,Frequent,Hotel Discount
u_105022,33,5,4,0,699.35,216.61,6.8,female,False,False,CA,ATL,663,33,915.96,787.6,Frequent,Hotel Discount
u_105023,2,4,4,1,346.96,241.87,2.7,male,True,False,GB,SFO,339,2,588.83,399.88,Engaged,Flight Discount
u_105024,13,8,3,1,622.74,133.55,4.5,female,True,True,GB,ORD,284,13,756.29,372.63,Frequent,Other
u_105025,18,0,0,3,0.0,0.0,0.0,male,True,True,FR,SEA,546,18,0.0,564.0,Frequent,Other
u_105026,14,2,1,3,395.25,385.0,4.8,male,False,True,FR,DFW,466,14,780.25,558.03,Frequent,Hotel Discount
u_105027,19,7,1,1,208.93,198.33,6.6,female,True,False,CA,LAX,335,19,407.26,394.73,Frequent,Hotel Discount
u_105028,11,6,0,1,227.78,0.0,0.0,male,True,True,CA,ORD,337,11,227.78,370.78,Frequent,Loyalty Perk
u_105029,34,3,2,2,630.6,75.07,3.7,female,False,True,DE,SFO,81,34,705.67,185.57,Frequent,Loyalty Perk
u_105030,18,1,6,1,571.64,393.41,3.1,male,True,True,CA,LAX,1038,18,965.05,1152.5,Frequent,Loyalty Perk
u_105031,15,7,6,2,586.61,62.63,1.2,male,True,True,US,ATL,390,15,649.24,469.92,Frequent,Family Perk
u_105032,6,4,2,2,301.1,307.35,2.9,female,False,False,FR,SFO,589,6,608.45,655.85,Engaged,Loyalty Perk
u_105033,28,8,1,1,729.55,121.47,5.8,male,False,True,DE,LAX,1121,28,851.02,1234.1,Frequent,New User Perk
u_105034,32,8,2,0,270.13,257.98,6.9,female,False,False,DE,ORD,186,32,528.11,270.81,Frequent,Hotel Discount
u_105035,27,4,2,3,649.65,265.38,3.7,female,False,True,US,LAX,750,27,915.03,868.5,Frequent,Flight Discount
u_105036,6,5,4,0,614.83,128.09,2.4,male,False,False,US,SEA,493,6,742.92,573.29,Engaged,Other
u_105037,8,3,2,2,172.86,321.15,5.2,female,True,False,GB,LGA,527,8,494.01,584.4,Engaged,Hotel Discount
u_105038,43,2,0,1,188.48,0.0,0.0,male,True,True,DE,ORD,200,43,188.48,261.85,Frequent,Loyalty Perk
u_105039,3,6,4,3,596.16,354.93,4.3,female,True,True,US,MIA,877,3,951.09,975.11,Engaged,Other
u_105040,35,8,3,1,836.34,312.18,4.1,male,False,True,AU,DFW,957,35,1148.52,1106.85,Frequent,Family Perk
u_105041,6,1,0,1,587.02,0.0,0.0,female,True,True,GB,ATL,1106,6,587.02,1170.7,Engaged,Hotel Discount
u_105042,16,2,3,2,236.12,266.19,3.3,male,True,False,US,ATL,623,16,502.31,689.23,Frequent,Hotel Discount
u_105043,16,0,6,3,0.0,342.91,5.7,female,True,True,US,JFK,442,16,342.91,492.29,Frequent,Other
u_105044,25,4,5,0,884.26,168.63,7.0,female,True,True,FR,MIA,819,25,1052.89,949.29,Frequent,Flight Discount
u_105045,40,6,6,2,840.23,258.22,4.4,female,False,False,US,ORD,915,40,1098.45,1064.84,Frequent,Hotel Discount
u_105046,1,3,1,1,421.28,310.0,6.0,male,True,True,CA,SEA,1062,1,731.28,1136.13,Engaged,Loyalty Perk
u_105047,40,7,1,0,802.44,339.28,6.8,female,True,True,US,DFW,465,40,1141.72,619.17,Frequent,New User Perk
u_105048,18,2,4,1,275.32,197.32,3.6,male,True,True,US,DFW,204,18,472.64,269.26,Frequent,Loyalty Perk
u_105049,5,2,6,0,112.16,388.4,5.5,female,True,True,FR,LAX,41,5,500.56,96.06,Engaged,Flight Discount
u_105050,19,2,5,0,556.93,285.62,6.7,male,False,False,DE,LGA,860,19,842.55,963.25,Frequent,Other
u_105051,39,4,2,1,142.91,304.55,5.7,female,True,True,US,LGA,600,39,447.46,683.75,Frequent,Other
u_105052,31,1,2,3,715.96,112.53,5.1,male,False,False,US,LAX,56,31,828.49,169.85,Frequent,Flight Discount
u_105053,30,5,0,2,824.01,0.0,0.0,female,True,True,US,LAX,561,30,824.01,673.4,Frequent,Loyalty Perk
u_105054,1,1,3,0,437.73,229.36,6.7,male,False,False,US,MIA,815,1,667.09,882.71,Engaged,Loyalty Perk
u_105055,10,5,3,2,527.1,235.72,3.4,male,False,True,DE,LAX,273,10,762.82,359.28,Frequent,Hotel Discount
u_105056,36,8,0,0,197.75,0.0,0.0,male,True,True,FR,ATL,688,36,197.75,743.77,Frequent,Family Perk
u_105057,34,6,1,1,304.33,352.24,4.9,male,True,True,US,SFO,496,34,656.57,595.66,Frequent,Other
u_105058,2,1,2,2,861.48,99.39,6.4,male,True,False,CA,JFK,773,2,960.87,871.09,Engaged,Other
u_105059,1,6,0,1,372.87,0.0,0.0,female,False,False,DE,MIA,284,1,372.87,322.29,Engaged,Family Perk
u_105060,35,4,1,1,652.42,248.49,2.5,male,False,True,US,LGA,235,35,900.91,360.09,Frequent,Loyalty Perk
u_105061,1,2,6,3,625.22,305.95,3.9,female,False,False,AU,BOS,1175,1,931.17,1269.12,Engaged,Family Perk
u_105062,10,4,3,3,835.29,394.75,3.0,male,False,False,AU,JFK,964,10,1230.04,1097.0,Frequent,Family Perk
u_105063,39,0,1,1,0.0,215.6,6.6,female,False,True,AU,SFO,639,39,215.6,699.56,Frequent,Family Perk
u_105064,30,6,1,2,321.83,208.26,4.4,female,True,False,CA,SFO,380,30,530.09,463.01,Frequent,Family Perk
u_105065,16,5,6,1,875.91,309.39,4.1,male,True,False,AU,BOS,510,16,1185.3,644.53,Frequent,Flight Discount
u_105066,24,3,2,1,134.53,222.38,1.4,female,True,True,CA,MIA,721,24,356.91,780.69,Frequent,Loyalty Perk
u_105067,37,8,1,0,741.8,66.62,5.3,female,True,False,DE,SEA,130,37,808.42,247.84,Frequent,New User Perk
u_105068,30,0,5,0,0.0,272.86,1.8,female,True,True,US,SEA,212,30,272.86,269.29,Frequent,Hotel Discount
u_105069,20,0,6,2,0.0,179.67,1.1,male,True,True,FR,BOS,909,20,179.67,946.97,Frequent,Other
u_105070,13,1,4,2,313.62,311.04,1.3,female,True,True,US,MIA,826,13,624.66,901.47,Frequent,Other
u_105071,44,0,5,3,0.0,162.9,3.4,female,False,False,US,ATL,204,44,162.9,264.29,Frequent,Family Perk
u_105072,31,0,2,1,0.0,324.69,1.4,female,False,False,DE,ORD,651,31,324.69,714.47,Frequent,Flight Discount
u_105073,32,0,6,0,0.0,52.18,4.2,male,True,False,DE,BOS,585,32,52.18,622.22,Frequent,Flight Discount
u_105074,26,3,5,1,502.27,279.22,2.1,male,False,True,GB,SEA,693,26,781.49,797.15,Frequent,Other
u_105075,10,0,1,3,0.0,392.01,1.3,male,True,False,US,MIA,109,10,392.01,158.2,Frequent,Other
u_105076,26,6,6,0,278.39,202.03,4.7,male,False,True,DE,ORD,935,26,480.42,1009.04,Frequent,Loyalty Perk
u_105077,2,0,2,2,0.0,257.11,2.4,female,True,False,AU,MIA,162,2,257.11,189.71,Engaged,Family Perk
u_105078,39,1,5,3,150.05,266.15,2.1,female,True,False,CA,ATL,1175,39,416.2,1255.62,Frequent,Loyalty Perk
u_105079,22,5,3,2,802.52,87.56,6.5,male,False,True,US,SFO,736,22,890.08,847.01,Frequent,Family Perk
u_105080,15,6,1,2,90.83,275.81,5.3,male,True,False,AU,LGA,809,15,366.64,860.66,Frequent,Other
u_105081,13,3,3,1,319.02,327.84,2.0,male,False,True,US,ORD,93,13,646.86,170.69,Frequent,Other
u_105082,18,4,6,2,722.59,83.36,2.8,male,True,True,AU,DFW,589,18,805.95,687.59,Frequent,Hotel Discount
u_105083,36,1,2,0,376.55,213.21,4.9,male,False,True,FR,MIA,67,36,589.76,161.98,Frequent,Family Perk
u_105084,2,8,0,1,362.07,0.0,0.0,female,True,False,US,MIA,157,2,362.07,195.21,Engaged,Loyalty Perk
u_105085,38,7,0,2,470.29,0.0,0.0,male,True,True,CA,BOS,869,38,470.29,954.03,Frequent,Family Perk
u_105086,12,1,5,3,588.82,371.39,5.5,female,False,True,US,LGA,893,12,960.21,1001.02,Frequent,Loyalty Perk
u_105087,43,0,0,3,0.0,0.0,0.0,female,True,False,FR,MIA,728,43,0.0,771.0,Frequent,Hotel Discount
u_105088,22,6,4,2,132.68,346.1,1.4,male,False,False,AU,LAX,307,22,478.78,376.88,Frequent,Family Perk
u_105089,12,2,6,2,489.29,184.59,3.9,male,True,False,US,DFW,734,12,673.88,813.39,Frequent,Loyalty Perk
u_105090,2,4,2,3,270.21,167.82,4.3,male,False,True,CA,BOS,109,2,438.03,154.8,Engaged,Other
u_105091,7,4,0,0,189.83,0.0,0.0,male,False,True,US,SEA,399,7,189.83,424.98,Engaged,Other
u_105092,41,2,3,1,154.47,127.56,5.1,female,False,True,US,MIA,552,41,282.03,621.2,Frequent,Loyalty Perk
u_105093,7,3,4,2,214.25,108.14,4.7,female,True,True,GB,LAX,279,7,322.39,318.24,Engaged,Family Perk
u_105094,24,4,3,3,596.53,354.9,1.1,female,True,True,US,JFK,1200,24,951.43,1319.14,Frequent,Other
u_105095,43,0,2,1,0.0,253.89,6.2,male,True,True,US,MIA,664,43,253.89,732.39,Frequent,New User Perk
u_105096,39,3,4,3,650.91,372.26,2.6,male,False,False,US,LAX,187,39,1023.17,328.32,Frequent,Hotel Discount
u_105097,27,4,1,3,257.86,356.99,4.5,female,True,False,FR,SEA,136,27,614.85,224.48,Frequent,Flight Discount
u_105098,41,8,1,1,695.61,101.72,2.6,male,False,True,AU,ATL,193,41,797.33,313.73,Frequent,Other
u_105099,3,7,1,1,830.73,86.64,4.4,male,True,True,AU,BOS,781,3,917.37,875.74,Engaged,Flight Discount
u_105100,33,8,4,0,433.3,367.29,3.1,male,False,False,US,JFK,144,33,800.59,257.06,Frequent,Loyalty Perk
u_105101,2,0,6,1,0.0,202.41,6.3,female,False,False,US,DFW,199,2,202.41,221.24,Engaged,Loyalty Perk
u_105102,15,5,2,1,636.86,294.51,4.8,female,True,False,DE,SFO,906,15,931.37,1014.14,Frequent,Family Perk
u_105103,42,1,4,2,552.76,248.31,2.4,male,False,True,CA,LAX,81,42,801.07,203.11,Frequent,Flight Discount
u_105104,36,7,3,0,414.29,193.89,1.7,female,True,True,CA,MIA,1126,36,608.18,1222.82,Frequent,Other
u_105105,11,0,6,3,0.0,130.82,4.3,male,True,True,US,ATL,924,11,130.82,948.08,Frequent,Family Perk
u_105106,31,2,4,0,236.55,74.22,2.4,female,False,True,GB,SFO,886,31,310.77,948.08,Frequent,Family Perk
u_105107,42,7,1,3,219.66,342.84,5.8,male,False,False,DE,ORD,88,42,562.5,186.25,Frequent,Other
u_105108,8,5,0,0,104.87,0.0,0.0,male,False,True,US,LAX,251,8,104.87,269.49,Engaged,Family Perk
u_105109,44,1,0,0,235.85,0.0,0.0,male,False,False,US,ORD,698,44,235.85,765.59,Frequent,Flight Discount
u_105110,38,1,1,0,848.56,138.82,3.0,male,False,False,US,LGA,500,38,987.38,636.74,Frequent,Other
u_105111,21,3,2,2,786.66,241.39,1.7,female,False,True,FR,DFW,884,21,1028.05,1007.8,Frequent,Loyalty Perk
u_105112,15,6,1,3,719.45,288.71,6.0,male,True,True,US,SEA,1009,15,1008.16,1124.82,Frequent,Family Perk
u_105113,1,7,3,1,255.66,199.37,2.1,male,True,False,US,BOS,160,1,455.03,206.5,Engaged,Other
u_105114,29,5,1,0,130.52,65.37,1.8,female,False,False,GB,SFO,870,29,195.89,918.59,Frequent,Hotel Discount
u_105115,29,1,2,0,224.26,180.52,1.8,female,False,True,DE,SFO,230,29,404.78,299.48,Frequent,Other
u_105116,29,4,0,0,626.87,0.0,0.0,female,True,False,CA,DFW,713,29,626.87,804.69,Frequent,Loyalty Perk
u_105117,11,5,2,2,775.16,109.23,4.2,female,False,False,US,SEA,335,11,884.39,434.44,Frequent,Loyalty Perk
u_105118,5,2,1,2,239.54,204.01,6.8,male,True,True,FR,ATL,670,5,443.55,719.36,Engaged,Hotel Discount
u_105119,20,1,2,1,631.67,256.28,1.4,male,True,True,US,ATL,1194,20,887.95,1302.8,Frequent,Other
u_105120,41,1,4,1,840.05,120.92,2.8,male,False,False,CA,ATL,787,41,960.97,924.1,Frequent,Hotel Discount
u_105121,44,2,2,0,140.08,194.93,6.2,male,True,False,DE,LGA,487,44,335.01,564.5,Frequent,Other
u_105122,39,7,2,3,441.58,123.14,1.0,female,False,False,AU,LAX,975,39,564.72,1070.47,Frequent,New User Perk
u_105123,39,0,5,0,0.0,191.53,4.1,female,True,True,US,SEA,548,39,191.53,606.15,Frequent,Flight Discount
u_105124,16,4,2,3,844.95,116.77,6.9,female,False,True,FR,SEA,1080,16,961.72,1192.17,Frequent,Other
u_105125,14,5,2,1,337.07,183.92,2.6,female,True,True,US,JFK,865,14,520.99,931.1,Frequent,Other
u_105126,11,8,0,2,844.38,0.0,0.0,female,False,True,US,ORD,189,11,844.38,284.44,Frequent,New User Perk
u_105127,3,4,3,0,780.99,389.84,3.3,male,True,True,US,ATL,935,3,1170.83,1055.08,Engaged,Hotel Discount
u_105128,3,1,4,3,591.72,261.72,1.6,male,False,True,CA,BOS,1029,3,853.44,1117.34,Engaged,Other
u_105129,32,7,5,0,139.31,307.2,2.0,male,False,True,GB,LAX,688,32,446.51,764.65,Frequent,Other
u_105130,12,0,2,0,0.0,330.11,6.0,female,True,False,US,ORD,541,12,330.11,586.01,Frequent,Loyalty Perk
u_105131,7,7,4,0,735.71,326.26,2.3,male,True,False,US,BOS,1002,7,1061.97,1115.2,Engaged,New User Perk
u_105132,8,7,4,3,725.32,257.89,4.1,female,False,True,AU,SEA,809,8,983.21,915.32,Engaged,Hotel Discount
u_105133,28,8,1,3,624.5,177.25,4.0,female,False,True,CA,JFK,141,28,801.75,249.17,Frequent,Flight Discount
u_105134,43,2,0,2,181.13,0.0,0.0,male,True,True,DE,JFK,939,43,181.13,1000.11,Frequent,Family Perk
u_105135,7,6,3,1,761.88,387.27,4.7,male,False,True,DE,ORD,1164,7,1149.15,1285.92,Engaged,Other
u_105136,6,7,4,2,87.66,155.08,3.1,male,False,False,FR,MIA,261,6,242.74,291.27,Engaged,Other
u_105137,31,3,3,0,167.24,143.17,5.1,female,True,True,AU,BOS,1058,31,310.41,1120.04,Frequent,Flight Discount
u_105138,7,2,5,2,568.65,131.79,5.3,male,False,True,DE,BOS,1183,7,700.44,1260.04,Engaged,Loyalty Perk
u_105139,27,4,1,0,339.19,78.24,5.4,male,False,True,AU,BOS,830,27,417.43,898.74,Frequent,Loyalty Perk
u_105140,31,7,2,3,619.83,172.99,4.6,male,True,True,FR,LAX,1177,31,792.82,1287.28,Frequent,Flight Discount
u_105141,27,4,1,3,621.58,319.97,3.7,female,False,False,US,LAX,86,27,941.55,207.16,Frequent,Loyalty Perk
u_105142,44,4,1,2,110.68,373.97,1.4,male,True,False,US,SEA,861,44,484.65,953.46,Frequent,Flight Discount
u_105143,34,4,4,3,103.08,160.38,2.5,female,False,False,CA,SEA,271,34,263.46,331.35,Frequent,Flight Discount
u_105144,10,7,1,2,353.51,120.8,5.4,male,False,False,AU,LGA,871,10,474.31,928.43,Frequent,Hotel Discount
u_105145,26,8,0,0,804.91,0.0,0.0,male,True,False,FR,LGA,723,26,804.91,829.49,Frequent,Flight Discount
u_105146,44,2,3,1,883.18,216.19,1.1,female,True,True,AU,ORD,631,44,1099.37,784.94,Frequent,Other
u_105147,36,4,3,1,312.25,69.47,6.4,male,False,True,US,SEA,1088,36,381.72,1162.17,Frequent,Hotel Discount
u_105148,31,0,6,1,0.0,124.78,1.1,female,False,False,GB,BOS,163,31,124.78,206.48,Frequent,Hotel Discount
u_105149,27,7,2,0,385.65,184.73,4.7,female,False,False,US,LGA,298,27,570.38,382.04,Frequent,Flight Discount
u_105150,42,5,0,3,352.23,0.0,0.0,male,False,False,US,SFO,879,42,352.23,956.22,Frequent,Hotel Discount
u_105151,36,1,4,3,334.67,346.83,5.3,female,True,True,US,DFW,156,36,681.5,260.15,Frequent,Hotel Discount
u_105152,6,1,5,3,121.25,274.2,5.3,male,False,False,CA,SFO,340,6,395.45,385.55,Engaged,Other
u_105153,25,2,2,1,782.09,365.15,5.4,female,False,False,US,MIA,229,25,1147.24,368.72,Frequent,Family Perk
u_105154,25,5,5,3,164.74,192.58,1.9,male,False,True,FR,ATL,268,25,357.32,328.73,Frequent,Other
u_105155,18,1,1,1,665.58,215.7,3.9,male,False,False,GB,SEA,543,18,881.28,649.13,Frequent,Loyalty Perk
u_105156,15,0,2,0,0.0,238.95,4.0,female,True,False,CA,JFK,865,15,238.95,903.89,Frequent,Hotel Discount
u_105157,19,2,3,0,561.08,373.39,4.6,male,False,False,DE,JFK,404,19,934.47,516.45,Frequent,Flight Discount
u_105158,22,3,5,1,670.02,150.86,2.0,male,True,False,GB,ORD,898,22,820.88,1002.09,Frequent,Other
u_105159,26,6,6,0,770.94,313.36,1.0,male,True,False,FR,SFO,341,26,1084.3,475.43,Frequent,Family Perk
u_105160,8,2,0,0,374.18,0.0,0.0,female,False,True,US,JFK,346,8,374.18,391.42,Engaged,Loyalty Perk
u_105161,30,7,5,0,609.41,72.62,1.3,male,False,False,CA,LAX,762,30,682.03,860.2,Frequent,New User Perk
u_105162,33,0,6,0,0.0,297.74,2.5,female,False,False,AU,BOS,686,33,297.74,748.77,Frequent,Flight Discount
u_105163,19,6,2,0,790.73,220.19,5.9,male,False,True,FR,SFO,1175,19,1010.92,1295.09,Frequent,Flight Discount
u_105164,17,8,4,3,855.44,195.36,4.0,male,True,True,US,DFW,388,17,1050.8,510.08,Frequent,Flight Discount
u_105165,12,6,2,3,111.18,69.87,3.5,female,False,False,DE,SFO,1102,12,181.05,1132.11,Frequent,Loyalty Perk
u_105166,6,1,3,0,664.71,258.39,3.5,female,True,True,US,BOS,534,6,923.1,632.31,Engaged,Loyalty Perk
u_105167,6,5,6,0,86.92,318.96,2.2,female,False,True,US,MIA,558,6,405.88,604.59,Engaged,Loyalty Perk
u_105168,27,8,6,3,109.84,292.76,4.0,male,True,True,US,ATL,701,27,402.6,768.26,Frequent,Loyalty Perk
u_105169,9,3,4,2,487.32,158.04,3.5,male,False,False,GB,MIA,158,9,645.36,231.54,Engaged,Family Perk
u_105170,22,1,4,0,560.88,258.77,5.6,female,False,False,US,ATL,155,22,819.65,258.97,Frequent,New User Perk
u_105171,9,5,5,0,124.89,83.95,6.1,male,True,True,AU,MIA,81,9,208.84,110.88,Engaged,Family Perk
u_105172,18,6,3,3,423.51,268.51,3.5,male,True,True,US,LAX,1166,18,692.02,1253.2,Frequent,Loyalty Perk
u_105173,4,8,0,0,86.29,0.0,0.0,female,True,False,CA,JFK,349,4,86.29,361.63,Other,Other
u_105174,34,5,2,0,359.84,271.03,1.2,female,False,True,US,DFW,445,34,630.87,542.09,Frequent,Other
u_105175,4,3,5,2,749.68,387.63,1.2,female,True,False,US,LGA,1123,4,1137.31,1240.73,Engaged,Hotel Discount
u_105176,19,7,2,0,432.29,190.78,4.4,male,False,False,US,SEA,720,19,623.07,801.31,Frequent,Hotel Discount
u_105177,42,3,2,0,876.42,332.6,1.8,male,False,True,AU,ATL,887,42,1209.02,1049.9,Frequent,Hotel Discount
u_105178,19,3,5,1,762.23,59.02,2.8,male,False,False,US,MIA,857,19,821.25,958.12,Frequent,Hotel Discount
u_105179,25,8,1,3,195.82,192.24,6.9,female,True,False,FR,LAX,534,25,388.06,597.81,Frequent,Loyalty Perk
u_105180,18,1,0,3,468.43,0.0,0.0,male,True,True,US,LAX,782,18,468.43,846.84,Frequent,Other
u_105181,31,4,1,0,165.44,96.27,5.6,male,False,False,US,JFK,355,31,261.71,412.17,Frequent,Family Perk
u_105182,31,3,6,2,378.44,131.41,1.1,male,False,True,DE,LGA,522,31,509.85,603.98,Frequent,Other
u_105183,19,1,1,1,87.84,328.62,6.2,female,False,True,GB,ATL,805,19,416.46,865.65,Frequent,Loyalty Perk
u_105184,3,6,2,1,192.09,194.75,4.0,female,False,True,DE,SEA,775,3,386.84,816.68,Engaged,New User Perk
u_105185,40,1,2,2,188.52,117.14,6.5,male,True,True,US,JFK,668,40,305.66,738.57,Frequent,Flight Discount
u_105186,18,1,2,2,435.18,114.09,3.2,female,True,True,US,SEA,1193,18,549.27,1265.93,Frequent,Family Perk
u_105187,31,4,2,0,630.06,152.76,4.1,male,False,True,US,LGA,365,31,782.82,474.28,Frequent,Flight Discount
u_105188,21,3,4,0,701.32,317.41,5.4,female,True,True,FR,DFW,918,21,1018.73,1040.87,Frequent,Loyalty Perk
u_105189,36,3,5,3,524.44,207.17,1.4,male,False,True,US,ATL,326,36,731.61,435.16,Frequent,Family Perk
u_105190,17,0,0,0,0.0,0.0,0.0,female,True,False,DE,DFW,680,17,0.0,697.0,Frequent,Flight Discount
u_105191,27,4,4,1,261.76,204.79,2.8,male,True,True,US,LAX,661,27,466.55,734.66,Frequent,Hotel Discount
u_105192,14,4,3,3,616.07,385.4,4.5,female,True,True,FR,ATL,405,14,1001.47,519.15,Frequent,New User Perk
u_105193,31,4,6,1,209.28,193.93,3.7,male,True,False,US,SEA,808,31,403.21,879.32,Frequent,Loyalty Perk
u_105194,23,4,5,3,190.17,63.99,3.1,female,True,False,US,DFW,1060,23,254.16,1108.42,Frequent,Hotel Discount
u_105195,37,0,1,2,0.0,215.11,5.1,female,False,False,US,BOS,546,37,215.11,604.51,Frequent,Other
u_105196,5,3,0,1,198.81,0.0,0.0,female,False,True,US,JFK,197,5,198.81,221.88,Engaged,Hotel Discount
u_105197,9,5,0,3,249.67,0.0,0.0,male,False,True,DE,MIA,234,9,249.67,267.97,Engaged,Other
u_105198,28,5,6,1,615.47,83.43,7.0,male,True,True,US,LAX,940,28,698.9,1037.89,Frequent,Loyalty Perk
u_105199,34,4,0,2,722.3,0.0,0.0,female,True,True,GB,DFW,1168,34,722.3,1274.23,Frequent,Hotel Discount
u_105200,34,1,2,1,590.15,383.07,3.3,male,False,False,AU,SFO,329,34,973.22,460.32,Frequent,Other
u_105201,28,5,2,2,433.38,175.89,6.6,male,True,True,AU,DFW,1183,28,609.27,1271.93,Frequent,Other
u_105202,36,8,2,0,463.37,124.33,3.2,male,True,False,CA,BOS,209,36,587.7,303.77,Frequent,Other
u_105203,39,2,2,1,252.21,95.27,4.6,male,False,False,US,MIA,859,39,347.48,932.75,Frequent,Family Perk
u_105204,1,1,1,0,90.25,242.43,1.3,female,True,False,US,SEA,778,1,332.68,812.27,Engaged,Family Perk
u_105205,44,4,4,2,566.03,128.34,1.4,male,True,True,DE,LAX,1082,44,694.37,1195.44,Frequent,Other
u_105206,23,3,4,3,826.53,396.54,3.4,female,False,True,CA,LGA,963,23,1223.07,1108.31,Frequent,Other
u_105207,26,7,6,1,535.47,63.7,3.5,male,False,True,DE,ATL,280,26,599.17,365.92,Frequent,Other
u_105208,12,3,2,3,511.56,385.08,2.2,female,False,False,US,JFK,586,12,896.64,687.66,Frequent,Loyalty Perk
u_105209,28,2,3,1,592.04,286.6,3.4,female,True,True,CA,LGA,662,28,878.64,777.86,Frequent,Other
u_105210,37,4,0,1,390.84,0.0,0.0,female,False,False,CA,SFO,40,37,390.84,116.08,Frequent,Flight Discount
u_105211,39,6,2,2,674.16,317.93,1.4,male,True,True,US,SEA,757,39,992.09,895.21,Frequent,Loyalty Perk
u_105212,5,2,6,2,343.66,370.46,1.2,female,True,False,US,ATL,86,5,714.12,162.41,Engaged,Other
u_105213,27,0,5,1,0.0,214.64,4.1,male,True,False,US,SEA,144,27,214.64,192.46,Frequent,New User Perk
u_105214,14,6,1,0,241.62,353.48,1.8,male,True,True,GB,BOS,736,14,595.1,809.51,Frequent,Other
u_105215,2,4,4,1,277.89,98.1,4.3,female,False,False,US,MIA,263,2,375.99,302.6,Engaged,Loyalty Perk
u_105216,45,4,5,3,880.98,72.79,5.8,female,False,True,AU,LGA,1088,45,953.77,1228.38,Frequent,Other
u_105217,38,1,6,2,213.96,192.24,7.0,female,False,True,US,JFK,61,38,406.2,139.62,Frequent,Flight Discount
u_105218,19,6,6,0,129.87,389.57,3.7,female,False,True,FR,MIA,232,19,519.44,302.94,Frequent,Family Perk
u_105219,21,5,4,1,260.58,259.82,3.5,female,False,True,DE,MIA,326,21,520.4,399.04,Frequent,Flight Discount
u_105220,24,6,6,1,274.79,365.96,4.2,female,True,False,US,BOS,514,24,640.75,602.08,Frequent,Loyalty Perk
u_105221,29,2,6,2,606.26,353.8,5.4,female,True,True,US,ORD,550,29,960.06,675.01,Frequent,Flight Discount
u_105222,20,5,2,1,849.26,62.1,1.0,female,True,True,US,SEA,748,20,911.36,859.14,Frequent,Flight Discount
u_105223,36,3,4,1,757.6,104.34,2.5,male,True,False,DE,LGA,34,36,861.94,156.19,Frequent,Loyalty Perk
u_105224,41,7,0,3,725.18,0.0,0.0,male,True,False,FR,ORD,332,41,725.18,445.52,Frequent,Other
u_105225,42,7,4,0,772.55,108.07,2.1,female,False,True,US,SFO,270,42,880.62,400.06,Frequent,Loyalty Perk
u_105226,39,2,5,2,410.2,362.64,1.5,male,True,True,FR,ATL,208,39,772.84,324.28,Frequent,Loyalty Perk
u_105227,4,8,6,0,742.74,69.36,3.8,male,True,True,GB,ORD,875,4,812.1,960.21,Engaged,Hotel Discount
u_105228,16,3,1,1,306.03,180.57,1.8,female,True,True,FR,ATL,328,16,486.6,392.66,Frequent,Flight Discount
u_105229,8,6,1,0,677.62,383.66,3.9,male,True,False,DE,BOS,773,8,1061.28,887.13,Engaged,New User Perk
u_105230,10,1,5,2,803.34,193.03,6.2,female,False,True,DE,MIA,142,10,996.37,251.64,Frequent,Loyalty Perk
u_105231,25,1,0,2,797.98,0.0,0.0,male,False,True,US,LGA,125,25,797.98,229.8,Frequent,Loyalty Perk
u_105232,12,0,0,2,0.0,0.0,0.0,female,False,False,GB,BOS,161,12,0.0,173.0,Frequent,New User Perk
u_105233,7,4,6,3,352.75,324.03,1.0,female,False,False,US,MIA,341,7,676.78,415.68,Engaged,Loyalty Perk
u_105234,16,6,3,3,768.42,259.14,4.4,female,True,True,US,LAX,789,16,1027.56,907.76,Frequent,Hotel Discount
u_105235,4,1,1,2,490.49,348.84,5.1,female,True,False,US,SEA,277,4,839.33,364.93,Engaged,Hotel Discount
u_105236,40,3,6,0,797.6,226.79,1.7,female,True,False,FR,ATL,56,40,1024.39,198.44,Frequent,Family Perk
u_105237,7,2,6,0,621.67,184.75,1.3,female,True,True,CA,JFK,39,7,806.42,126.64,Engaged,New User Perk
u_105238,18,6,6,3,439.92,58.83,2.7,male,True,True,AU,SEA,428,18,498.75,495.88,Frequent,Family Perk
u_105239,24,5,3,2,552.49,239.64,3.6,male,True,False,FR,ORD,1028,24,792.13,1131.21,Frequent,Flight Discount
u_105240,19,8,4,3,287.23,103.4,5.3,female,True,False,GB,MIA,833,19,390.63,891.06,Frequent,Flight Discount
u_105241,39,6,0,1,656.73,0.0,0.0,male,True,True,GB,BOS,356,39,656.73,460.67,Frequent,Loyalty Perk
u_105242,11,0,6,2,0.0,229.34,2.5,female,True,True,US,MIA,258,11,229.34,291.93,Frequent,Family Perk
u_105243,35,1,0,0,620.13,0.0,0.0,female,True,True,DE,ORD,940,35,620.13,1037.01,Frequent,New User Perk
u_105244,22,2,2,3,709.14,357.89,2.4,male,True,False,DE,JFK,153,22,1067.03,281.7,Frequent,Hotel Discount
u_105245,35,8,2,2,110.55,134.63,6.1,female,False,True,FR,JFK,498,35,245.18,557.52,Frequent,Hotel Discount
u_105246,26,8,5,3,660.17,168.9,4.3,male,False,False,US,DFW,1000,26,829.07,1108.91,Frequent,Flight Discount
u_105247,3,5,2,3,453.31,278.04,5.9,female,False,True,US,SEA,101,3,731.35,177.14,Engaged,Flight Discount
u_105248,34,0,4,3,0.0,145.69,2.9,male,False,True,AU,BOS,533,34,145.69,581.57,Frequent,Other
u_105249,32,6,3,0,214.24,324.78,2.6,male,True,True,FR,SEA,546,32,539.02,631.9,Frequent,Other
u_105250,7,2,5,3,674.55,331.73,2.2,male,False,True,US,ATL,819,7,1006.28,926.63,Engaged,Loyalty Perk
u_105251,17,4,3,0,756.83,253.52,5.6,male,False,True,DE,LAX,908,17,1010.35,1026.03,Frequent,Family Perk
u_105252,10,3,4,1,813.27,174.82,3.6,female,True,False,US,MIA,741,10,988.09,849.81,Frequent,Loyalty Perk
u_105253,27,8,0,0,213.41,0.0,0.0,female,False,False,GB,SEA,45,27,213.41,93.34,Frequent,Loyalty Perk
u_105254,16,0,5,2,0.0,57.14,5.8,female,False,False,GB,SFO,599,16,57.14,620.71,Frequent,Flight Discount
u_105255,31,5,4,1,266.33,266.72,5.9,male,False,True,DE,LGA,615,31,533.05,699.3,Frequent,Hotel Discount
u_105256,35,0,0,3,0.0,0.0,0.0,female,False,True,US,LAX,158,35,0.0,193.0,Frequent,Flight Discount
u_105257,28,8,6,1,525.72,254.46,5.2,male,False,True,US,BOS,733,28,780.18,839.02,Frequent,Flight Discount
u_105258,9,8,2,0,743.36,315.27,2.6,male,False,False,DE,JFK,157,9,1058.63,271.86,Engaged,New User Perk
u_105259,13,1,4,3,259.72,131.6,2.2,female,True,False,US,ATL,238,13,391.32,290.13,Frequent,Other
u_105260,16,4,2,0,633.54,388.57,5.5,female,True,False,US,ORD,1190,16,1022.11,1308.21,Frequent,Loyalty Perk
u_105261,29,8,3,1,628.22,130.42,5.5,male,True,True,US,ORD,150,29,758.64,254.86,Frequent,New User Perk
u_105262,35,0,2,2,0.0,73.41,3.1,male,False,True,CA,BOS,1029,35,73.41,1071.34,Frequent,Hotel Discount
u_105263,4,0,3,1,0.0,187.02,3.8,female,True,True,DE,ORD,599,4,187.02,621.7,Engaged,Hotel Discount
u_105264,41,0,2,0,0.0,261.32,4.7,female,True,False,US,BOS,583,41,261.32,650.13,Frequent,New User Perk
u_105265,37,3,4,0,842.42,322.93,5.7,male,True,False,DE,ATL,262,37,1165.35,415.53,Frequent,Family Perk
u_105266,18,1,4,0,684.64,258.18,3.8,male,True,False,AU,LGA,709,18,942.82,821.28,Frequent,Hotel Discount
u_105267,4,2,3,0,881.95,382.95,2.0,female,True,True,US,BOS,402,4,1264.9,532.49,Engaged,Loyalty Perk
u_105268,1,3,1,1,189.74,90.91,5.9,female,False,False,US,ATL,1068,1,280.65,1097.06,Engaged,Other
u_105269,1,4,0,2,886.96,0.0,0.0,male,False,False,US,SEA,1045,1,886.96,1134.7,Engaged,Loyalty Perk
u_105270,33,4,2,1,675.33,248.29,4.1,female,True,False,FR,SFO,181,33,923.62,306.36,Frequent,Flight Discount
u_105271,15,4,3,2,547.45,364.07,4.8,female,True,False,US,SFO,464,15,911.52,570.15,Frequent,Loyalty Perk
u_105272,23,6,2,0,792.49,256.42,1.2,male,True,False,US,DFW,991,23,1048.91,1118.89,Frequent,Flight Discount
u_105273,16,3,4,3,188.1,304.59,4.6,male,False,False,CA,SFO,190,16,492.69,255.27,Frequent,Other
u_105274,12,2,3,1,475.03,350.62,2.0,male,True,False,US,SFO,315,12,825.65,409.56,Frequent,Family Perk
u_105275,25,8,0,1,700.54,0.0,0.0,male,False,True,DE,JFK,1153,25,700.54,1248.05,Frequent,Other
u_105276,2,5,1,2,607.95,162.24,2.1,female,True,False,FR,JFK,959,2,770.19,1038.02,Engaged,Other
u_105277,8,3,5,2,468.22,327.26,1.5,male,False,False,US,JFK,566,8,795.48,653.55,Engaged,Other
u_105278,36,4,1,0,802.99,109.99,3.9,male,False,False,DE,ATL,202,36,912.98,329.3,Frequent,Hotel Discount
u_105279,3,6,2,1,87.96,278.97,6.2,female,False,False,GB,SFO,82,3,366.93,121.69,Engaged,Flight Discount
u_105280,4,4,1,0,606.26,105.9,6.3,female,False,True,US,LAX,982,4,712.16,1057.22,Engaged,Family Perk
u_105281,33,5,0,0,244.96,0.0,0.0,male,False,True,FR,DFW,1018,33,244.96,1075.5,Frequent,Other
u_105282,2,8,2,3,344.89,72.71,4.4,female,True,True,US,LGA,357,2,417.6,400.76,Engaged,Flight Discount
u_105283,7,0,1,0,0.0,308.56,6.6,female,False,False,CA,ORD,85,7,308.56,122.86,Engaged,Family Perk
u_105284,8,7,4,3,191.53,232.31,4.6,female,False,True,GB,SEA,966,8,423.84,1016.38,Engaged,Loyalty Perk
u_105285,12,4,4,0,483.76,99.23,4.0,female,True,False,FR,ORD,48,12,582.99,118.3,Frequent,Loyalty Perk
u_105286,23,4,3,2,106.55,275.62,7.0,female,True,True,DE,SEA,1084,23,382.17,1145.22,Frequent,Flight Discount
u_105287,1,6,4,0,174.91,59.08,2.3,female,True,False,AU,DFW,72,1,233.99,96.4,Engaged,Flight Discount
u_105288,26,5,4,2,323.37,383.29,6.4,male,False,True,CA,SEA,1174,26,706.66,1270.67,Frequent,Other
u_105289,5,3,0,2,787.6,0.0,0.0,female,True,True,DE,LAX,1167,5,787.6,1250.76,Engaged,Loyalty Perk
u_105290,27,2,0,3,270.19,0.0,0.0,female,True,False,US,DFW,1157,27,270.19,1211.02,Frequent,New User Perk
u_105291,15,4,1,3,424.95,226.33,4.8,male,True,True,GB,MIA,292,15,651.28,372.13,Frequent,Hotel Discount
u_105292,14,2,6,2,865.58,332.66,3.1,male,False,False,DE,DFW,517,14,1198.24,650.82,Frequent,Other
u_105293,45,4,0,1,729.75,0.0,0.0,male,False,True,AU,SFO,91,45,729.75,208.97,Frequent,New User Perk
u_105294,37,7,4,1,645.88,50.92,6.4,female,False,False,US,LAX,310,37,696.8,416.68,Frequent,Other
u_105295,43,3,1,1,510.74,390.81,4.6,male,True,True,DE,LGA,1000,43,901.55,1133.16,Frequent,Other
u_105296,9,0,3,0,0.0,60.67,6.0,male,False,True,US,SFO,618,9,60.67,633.07,Other,New User Perk
u_105297,22,3,1,1,530.45,117.09,4.8,male,False,False,DE,SEA,993,22,647.54,1079.75,Frequent,Flight Discount
u_105298,35,5,5,3,211.57,109.25,5.3,female,False,True,US,SEA,69,35,320.82,136.08,Frequent,Hotel Discount
u_105299,19,2,5,1,534.57,68.56,6.7,female,True,False,US,SEA,1126,19,603.13,1205.31,Frequent,Other
u_105300,31,4,2,2,655.46,299.85,5.6,male,True,True,FR,JFK,437,31,955.31,563.53,Frequent,Family Perk
u_105301,12,3,1,3,713.94,246.52,2.7,male,True,False,US,LGA,191,12,960.46,299.05,Frequent,Loyalty Perk
u_105302,36,3,5,0,629.55,382.89,5.0,male,False,False,US,ORD,905,36,1012.44,1042.24,Frequent,Flight Discount
u_105303,5,6,4,3,201.11,277.69,1.4,male,True,False,GB,SEA,91,5,478.8,143.88,Engaged,Loyalty Perk
u_105304,24,7,6,2,314.91,220.12,1.1,male,False,False,CA,LGA,481,24,535.03,558.5,Frequent,Flight Discount
u_105305,31,4,4,0,732.82,319.59,4.7,male,False,True,DE,DFW,529,31,1052.41,665.24,Frequent,Other
u_105306,26,2,1,0,648.14,315.88,3.4,female,True,True,DE,ORD,132,26,964.02,254.4,Frequent,Flight Discount
u_105307,16,1,4,2,735.68,320.86,2.0,female,True,False,AU,ATL,237,16,1056.54,358.65,Frequent,Loyalty Perk
u_105308,23,6,1,2,852.12,238.08,2.7,female,True,False,US,ATL,303,23,1090.2,435.02,Frequent,Other
u_105309,25,2,3,1,798.8,157.48,2.8,female,True,True,CA,LAX,460,25,956.28,580.63,Frequent,Hotel Discount
u_105310,42,8,4,3,88.92,258.46,4.8,male,True,False,CA,SFO,1034,42,347.38,1110.74,Frequent,Flight Discount
u_105311,26,8,0,3,239.61,0.0,0.0,male,False,False,GB,MIA,723,26,239.61,772.96,Frequent,New User Perk
u_105312,30,8,0,3,896.68,0.0,0.0,female,True,True,DE,JFK,692,30,896.68,811.67,Frequent,Loyalty Perk
u_105313,9,3,0,2,806.77,0.0,0.0,male,False,False,DE,LAX,630,9,806.77,719.68,Engaged,Other
u_105314,23,7,4,3,865.22,314.57,3.1,male,True,True,DE,MIA,195,23,1179.79,335.98,Frequent,New User Perk
u_105315,29,6,5,1,270.15,297.14,4.4,female,True,False,CA,SEA,865,29,567.29,950.73,Frequent,Loyalty Perk
u_105316,17,5,4,3,487.59,193.52,6.1,female,False,True,US,LGA,547,17,681.11,632.11,Frequent,Loyalty Perk
u_105317,6,1,0,2,621.43,0.0,0.0,female,True,False,US,SFO,908,6,621.43,976.14,Engaged,Flight Discount
u_105318,41,3,3,1,291.89,242.11,5.6,male,True,False,FR,JFK,575,41,534.0,669.4,Frequent,Family Perk
u_105319,38,5,6,0,203.79,382.18,4.4,female,True,True,FR,ORD,351,38,585.97,447.6,Frequent,Family Perk
u_105320,15,5,5,0,238.24,343.89,3.7,female,True,True,CA,JFK,671,15,582.13,744.21,Frequent,Loyalty Perk
u_105321,38,0,3,3,0.0,382.19,2.4,male,True,True,US,JFK,885,38,382.19,961.22,Frequent,Flight Discount
u_105322,27,1,0,2,360.66,0.0,0.0,male,True,False,CA,SEA,609,27,360.66,672.07,Frequent,Loyalty Perk
u_105323,34,1,0,0,372.31,0.0,0.0,female,True,False,US,LGA,319,34,372.31,390.23,Frequent,Loyalty Perk
u_105324,31,8,3,0,583.39,186.11,7.0,female,True,False,AU,MIA,623,31,769.5,730.95,Frequent,Flight Discount
u_105325,8,0,6,3,0.0,337.95,6.0,male,True,False,US,ORD,926,8,337.95,967.8,Engaged,Family Perk
u_105326,30,3,5,2,282.15,252.27,2.6,male,True,True,DE,SEA,583,30,534.42,666.44,Frequent,Family Perk
u_105327,37,8,4,0,223.82,313.76,1.3,male,True,False,GB,SEA,433,37,537.58,523.76,Frequent,Other
u_105328,34,7,6,2,359.31,376.63,3.4,female,True,True,US,ATL,145,34,735.94,252.59,Frequent,Family Perk
u_105329,9,8,0,3,106.67,0.0,0.0,female,False,False,US,JFK,591,9,106.67,610.67,Engaged,Flight Discount
u_105330,5,0,0,0,0.0,0.0,0.0,male,False,True,FR,MIA,1115,5,0.0,1120.0,Other,Flight Discount
u_105331,29,8,0,0,741.37,0.0,0.0,male,False,True,GB,LAX,699,29,741.37,802.14,Frequent,Hotel Discount
u_105332,6,6,1,2,745.11,333.5,2.6,male,False,True,FR,DFW,928,6,1078.61,1041.86,Engaged,Family Perk
u_105333,11,1,6,1,548.48,218.31,5.2,male,False,False,US,ORD,735,11,766.79,822.68,Frequent,Hotel Discount
u_105334,45,4,0,2,147.84,0.0,0.0,male,True,False,AU,LAX,1166,45,147.84,1225.78,Frequent,Hotel Discount
u_105335,40,8,5,2,418.16,214.1,6.2,male,True,False,FR,MIA,817,40,632.26,920.23,Frequent,Family Perk
u_105336,35,8,6,0,679.13,231.23,5.4,female,True,False,GB,MIA,865,35,910.36,991.04,Frequent,Other
u_105337,34,7,4,3,694.04,399.78,6.5,male,True,False,US,DFW,1097,34,1093.82,1240.38,Frequent,Family Perk
u_105338,19,2,5,3,836.88,93.28,1.0,male,False,True,US,BOS,329,19,930.16,441.02,Frequent,Flight Discount
u_105339,21,7,6,0,650.44,128.18,1.8,male,False,True,GB,ATL,384,21,778.62,482.86,Frequent,Other
u_105340,2,6,5,3,109.54,100.83,7.0,female,True,True,DE,MIA,194,2,210.37,217.04,Engaged,Loyalty Perk
u_105341,40,8,5,0,579.41,164.07,3.6,female,True,False,US,JFK,153,40,743.48,267.35,Frequent,Other
u_105342,28,7,5,1,407.82,169.04,2.5,male,True,True,US,ORD,127,28,576.86,212.69,Frequent,New User Perk
u_105343,11,0,6,1,0.0,354.95,2.0,female,True,True,US,JFK,262,11,354.95,308.49,Frequent,Flight Discount
u_105344,39,3,4,1,621.38,134.9,6.9,male,False,False,US,ATL,62,39,756.28,176.63,Frequent,Family Perk
u_105345,28,2,1,1,394.35,329.1,3.6,female,False,True,GB,DFW,557,28,723.45,657.34,Frequent,Loyalty Perk
u_105346,18,2,5,3,426.97,123.8,6.6,female,False,True,US,SEA,202,18,550.77,275.08,Frequent,Flight Discount
u_105347,4,6,0,1,138.49,0.0,0.0,male,True,True,US,SEA,165,4,138.49,182.85,Engaged,Flight Discount
u_105348,15,3,1,0,529.35,139.92,7.0,male,True,False,US,LAX,602,15,669.27,683.93,Frequent,Loyalty Perk
u_105349,16,8,5,2,539.88,203.79,3.1,female,False,True,GB,LAX,813,16,743.67,903.37,Frequent,Loyalty Perk
u_105350,29,0,4,0,0.0,359.37,1.6,male,True,True,US,ORD,662,29,359.37,726.94,Frequent,Loyalty Perk
u_105351,22,3,1,2,539.61,343.77,6.6,female,False,True,US,JFK,303,22,883.38,413.34,Frequent,Other
u_105352,12,8,0,2,614.75,0.0,0.0,female,False,True,US,JFK,1122,12,614.75,1195.48,Frequent,Other
u_105353,44,0,6,0,0.0,185.61,6.6,female,False,False,US,ORD,169,44,185.61,231.56,Frequent,Loyalty Perk
u_105354,25,0,3,2,0.0,188.43,1.9,male,False,False,FR,LGA,1039,25,188.43,1082.84,Frequent,Loyalty Perk
u_105355,14,4,6,0,884.84,238.8,6.5,female,True,False,DE,LAX,930,14,1123.64,1056.36,Frequent,Other
u_105356,25,8,4,3,660.16,395.27,2.2,female,False,True,FR,MIA,643,25,1055.43,773.54,Frequent,Loyalty Perk
u_105357,44,3,0,3,835.5,0.0,0.0,male,True,True,FR,ATL,1064,44,835.5,1191.55,Frequent,Loyalty Perk
u_105358,9,0,2,3,0.0,192.16,1.1,male,False,False,US,DFW,964,9,192.16,992.22,Engaged,Flight Discount
u_105359,25,5,1,0,386.87,277.52,6.6,female,True,False,DE,SFO,428,25,664.39,519.44,Frequent,Hotel Discount
u_105360,22,1,0,0,159.71,0.0,0.0,male,True,False,AU,LGA,1184,22,159.71,1221.97,Frequent,Family Perk
u_105361,11,6,2,3,197.57,85.63,6.4,female,True,True,FR,SEA,748,11,283.2,787.32,Frequent,Loyalty Perk
u_105362,6,5,6,3,679.55,132.24,4.0,male,False,True,GB,DFW,409,6,811.79,496.18,Engaged,New User Perk
u_105363,38,1,4,2,583.93,358.65,5.5,female,False,True,GB,BOS,907,38,942.58,1039.26,Frequent,Hotel Discount
u_105364,14,1,6,3,104.26,121.3,4.9,male,False,False,GB,MIA,1164,14,225.56,1200.56,Frequent,Other
u_105365,9,6,6,1,647.24,174.7,4.1,female,False,False,US,SEA,311,9,821.94,402.19,Engaged,Loyalty Perk
u_105366,13,0,5,1,0.0,172.28,1.2,male,True,True,US,DFW,289,13,172.28,319.23,Frequent,Other
u_105367,45,8,0,3,525.56,0.0,0.0,male,False,True,AU,ATL,677,45,525.56,774.56,Frequent,New User Perk
u_105368,22,0,6,3,0.0,74.75,1.4,female,False,True,DE,BOS,271,22,74.75,300.47,Frequent,Hotel Discount
u_105369,26,6,3,3,300.2,360.69,2.0,male,False,True,AU,LAX,514,26,660.89,606.09,Frequent,Loyalty Perk
u_105370,5,1,3,2,327.55,304.44,6.5,male,False,False,CA,MIA,968,5,631.99,1036.2,Engaged,Other
u_105371,17,4,5,0,377.99,117.34,7.0,male,False,True,CA,ATL,557,17,495.33,623.53,Frequent,Other
u_105372,7,8,0,3,738.32,0.0,0.0,male,True,True,US,LAX,111,7,738.32,191.83,Engaged,Family Perk
u_105373,4,7,1,3,130.76,378.98,4.1,male,False,False,US,LGA,750,4,509.74,804.97,Engaged,Hotel Discount
u_105374,4,5,4,2,864.1,171.47,5.3,female,True,False,CA,LGA,305,4,1035.57,412.56,Engaged,Flight Discount
u_105375,35,8,0,0,772.63,0.0,0.0,male,False,True,CA,LAX,915,35,772.63,1027.26,Frequent,Loyalty Perk
u_105376,16,2,2,2,486.14,294.72,3.2,female,False,True,CA,BOS,252,16,780.86,346.09,Frequent,New User Perk
u_105377,38,3,1,2,381.05,243.22,5.7,male,True,False,GB,ATL,454,38,624.27,554.43,Frequent,New User Perk
u_105378,17,6,5,3,708.16,201.33,6.3,male,False,True,AU,ATL,308,17,909.49,415.95,Frequent,Loyalty Perk
u_105379,3,7,1,2,464.43,249.69,3.1,male,False,False,AU,BOS,179,3,714.12,253.41,Engaged,New User Perk
u_105380,32,6,1,0,258.0,201.85,1.1,female,False,False,US,MIA,332,32,459.85,409.98,Frequent,Hotel Discount
u_105381,9,4,2,2,626.87,186.43,4.5,female,False,False,US,SEA,1124,9,813.3,1214.33,Engaged,Loyalty Perk
u_105382,19,8,4,1,633.08,301.15,3.4,female,False,True,US,ATL,459,19,934.23,571.42,Frequent,New User Perk
u_105383,32,1,2,3,486.48,339.44,4.5,female,True,True,CA,DFW,589,32,825.92,703.59,Frequent,Loyalty Perk
u_105384,40,7,3,2,149.07,227.89,1.6,female,False,True,CA,LGA,321,40,376.96,398.7,Frequent,Hotel Discount
u_105385,9,3,6,1,190.61,211.9,4.5,female,True,False,US,SFO,1024,9,402.51,1073.25,Engaged,Other
u_105386,33,6,2,2,748.43,358.87,2.3,male,False,False,US,JFK,921,33,1107.3,1064.73,Frequent,Hotel Discount
u_105387,37,3,5,2,363.07,107.02,3.7,female,True,False,CA,ATL,234,37,470.09,318.01,Frequent,Flight Discount
u_105388,4,0,5,3,0.0,374.23,6.1,male,False,False,CA,SEA,1174,4,374.23,1215.42,Engaged,Loyalty Perk
u_105389,2,5,5,3,610.94,131.4,3.3,male,True,True,AU,LAX,560,2,742.34,636.23,Engaged,Loyalty Perk
u_105390,29,1,5,1,692.18,245.22,2.1,female,False,True,FR,LAX,870,29,937.4,992.74,Frequent,Flight Discount
u_105391,20,0,3,3,0.0,319.46,2.5,male,False,False,US,SFO,1115,20,319.46,1166.95,Frequent,Hotel Discount
u_105392,14,2,6,0,190.7,211.6,2.3,male,False,True,US,DFW,962,14,402.3,1016.23,Frequent,Loyalty Perk
u_105393,42,4,1,3,526.61,245.46,2.0,female,True,False,FR,ATL,313,42,772.07,432.21,Frequent,New User Perk
u_105394,4,5,4,0,758.87,375.3,4.8,male,False,True,AU,SFO,469,4,1134.17,586.42,Engaged,Loyalty Perk
u_105395,41,4,4,3,357.47,295.62,1.2,female,False,True,GB,ATL,472,41,653.09,578.31,Frequent,Flight Discount
u_105396,44,3,1,1,770.91,233.62,4.8,female,False,False,FR,BOS,1012,44,1004.53,1156.45,Frequent,Hotel Discount
u_105397,37,4,0,1,246.37,0.0,0.0,male,True,True,FR,JFK,1194,37,246.37,1255.64,Frequent,Flight Discount
u_105398,29,8,1,2,501.58,347.51,3.0,female,False,True,US,MIA,96,29,849.09,209.91,Frequent,Loyalty Perk
u_105399,44,2,6,1,646.05,86.61,5.2,female,False,True,US,BOS,232,44,732.66,349.27,Frequent,Loyalty Perk
u_105400,43,8,5,1,808.28,174.64,3.3,female,False,False,DE,SFO,1091,43,982.92,1232.29,Frequent,Loyalty Perk
u_105401,26,7,3,3,478.29,61.61,5.9,male,True,True,DE,LGA,399,26,539.9,478.99,Frequent,Loyalty Perk
u_105402,41,2,1,3,522.11,285.25,5.3,female,True,False,DE,LGA,560,41,807.36,681.74,Frequent,Loyalty Perk
u_105403,6,5,6,2,388.02,95.72,2.5,male,False,True,US,LGA,216,6,483.74,270.37,Engaged,Other
u_105404,43,4,5,0,765.57,279.18,6.2,male,False,False,US,JFK,335,43,1044.75,482.47,Frequent,New User Perk
u_105405,45,8,0,1,85.15,0.0,0.0,female,True,True,FR,SFO,465,45,85.15,518.52,Frequent,Loyalty Perk
u_105406,10,4,4,1,130.64,89.27,5.3,male,True,True,AU,JFK,639,10,219.91,670.99,Frequent,Flight Discount
u_105407,34,0,3,2,0.0,214.8,3.9,female,False,True,US,ATL,416,34,214.8,471.48,Frequent,New User Perk
u_105408,24,6,1,1,640.09,341.87,2.7,male,False,False,FR,DFW,44,24,981.96,166.2,Frequent,Loyalty Perk
u_105409,28,8,0,2,293.88,0.0,0.0,male,False,True,AU,SFO,47,28,293.88,104.39,Frequent,New User Perk
u_105410,12,6,1,1,554.22,129.39,5.1,female,True,True,DE,SEA,874,12,683.61,954.36,Frequent,Other
u_105411,13,2,3,2,279.42,280.66,3.4,female,False,False,US,SEA,816,13,560.08,885.01,Frequent,Loyalty Perk
u_105412,20,7,6,3,826.76,255.04,5.9,female,True,True,US,BOS,778,20,1081.8,906.18,Frequent,Family Perk
u_105413,18,0,4,2,0.0,284.89,3.3,female,True,False,US,LAX,346,18,284.89,392.49,Frequent,Hotel Discount
u_105414,30,1,4,0,233.75,273.05,5.7,female,False,True,US,DFW,1111,30,506.8,1191.68,Frequent,Other
u_105415,19,5,5,1,391.47,257.12,5.5,female,True,False,US,LGA,83,19,648.59,166.86,Frequent,Other
u_105416,10,2,6,0,453.67,53.12,3.5,female,True,False,DE,SFO,939,10,506.79,999.68,Frequent,Loyalty Perk
u_105417,13,6,4,2,182.83,345.33,3.5,male,True,True,US,MIA,524,13,528.16,589.82,Frequent,Other
u_105418,22,6,2,3,212.96,100.65,4.0,female,True,True,US,SFO,1160,22,313.61,1213.36,Frequent,Other
u_105419,12,3,4,0,209.41,334.72,3.9,female,True,False,DE,MIA,622,12,544.13,688.41,Frequent,Flight Discount
u_105420,18,1,4,0,295.48,196.99,2.5,female,False,False,US,MIA,208,18,492.47,275.25,Frequent,Family Perk
u_105421,34,0,5,1,0.0,262.36,4.6,male,False,True,US,LAX,1075,34,262.36,1135.24,Frequent,Flight Discount
u_105422,3,6,3,1,521.34,373.28,3.3,male,True,False,DE,LAX,736,3,894.62,828.46,Engaged,Flight Discount
u_105423,30,0,1,1,0.0,218.34,4.7,female,False,True,DE,MIA,205,30,218.34,256.83,Frequent,Flight Discount
u_105424,15,0,4,1,0.0,124.43,3.3,male,False,False,US,SFO,105,15,124.43,132.44,Frequent,Hotel Discount
u_105425,5,1,5,1,799.49,68.35,2.0,female,False,False,US,SFO,377,5,867.84,468.78,Engaged,Other
u_105426,13,7,2,2,382.72,275.7,3.6,male,True,False,US,DFW,536,13,658.42,614.84,Frequent,Hotel Discount
u_105427,22,8,6,2,661.29,370.51,3.9,female,True,True,US,SEA,785,22,1031.8,910.18,Frequent,Loyalty Perk
u_105428,6,2,2,3,459.92,264.29,3.9,female,True,True,DE,LGA,814,6,724.21,892.42,Engaged,Loyalty Perk
u_105429,8,7,0,3,825.77,0.0,0.0,female,True,True,US,SFO,882,8,825.77,972.58,Engaged,Hotel Discount
u_105430,26,1,1,2,213.72,103.43,6.8,male,False,True,US,SEA,906,26,317.15,963.71,Frequent,Hotel Discount
u_105431,21,5,2,1,601.13,333.99,3.8,female,False,True,FR,DFW,600,21,935.12,714.51,Frequent,Loyalty Perk
u_105432,41,2,5,0,153.65,361.03,4.1,female,False,True,FR,SEA,373,41,514.68,465.47,Frequent,Hotel Discount
u_105433,27,5,0,3,422.33,0.0,0.0,female,True,False,AU,BOS,277,27,422.33,346.23,Frequent,Hotel Discount
u_105434,26,5,0,0,363.94,0.0,0.0,male,False,False,GB,BOS,89,26,363.94,151.39,Frequent,Other
u_105435,44,0,3,3,0.0,279.03,3.1,female,False,True,FR,LGA,1020,44,279.03,1091.9,Frequent,Hotel Discount
u_105436,3,8,6,2,681.38,349.84,4.2,male,True,True,AU,LGA,79,3,1031.22,185.12,Engaged,Loyalty Perk
u_105437,9,3,3,0,91.01,287.75,5.4,female,True,True,DE,BOS,1052,9,378.76,1098.88,Engaged,Other
u_105438,13,0,5,0,0.0,201.22,1.5,female,True,True,US,MIA,1143,13,201.22,1176.12,Frequent,Loyalty Perk
u_105439,13,5,3,0,96.72,122.71,4.1,female,False,True,US,SFO,194,13,219.43,228.94,Frequent,Flight Discount
u_105440,21,5,0,0,694.7,0.0,0.0,male,True,True,US,SFO,953,21,694.7,1043.47,Frequent,Loyalty Perk
u_105441,39,4,1,1,187.49,171.16,2.6,male,True,False,US,ATL,443,39,358.65,517.86,Frequent,Other
u_105442,12,4,1,0,195.66,230.37,4.8,female,True,True,US,JFK,445,12,426.03,499.6,Frequent,Loyalty Perk
u_105443,9,2,3,3,681.88,55.13,2.5,male,True,False,US,ORD,1020,9,737.01,1102.7,Engaged,Hotel Discount
u_105444,39,8,0,0,767.72,0.0,0.0,female,False,False,US,LGA,941,39,767.72,1056.77,Frequent,Other
u_105445,34,4,2,1,889.48,119.32,4.8,male,False,False,AU,SEA,421,34,1008.8,555.88,Frequent,Other
u_105446,3,1,5,0,496.1,382.17,1.3,female,False,False,US,SEA,435,3,878.27,525.83,Engaged,Loyalty Perk
u_105447,31,5,0,3,98.01,0.0,0.0,female,True,True,AU,ORD,153,31,98.01,193.8,Frequent,New User Perk
u_105448,43,7,4,2,883.98,173.86,6.5,female,True,True,AU,ORD,511,43,1057.84,659.78,Frequent,Hotel Discount
u_105449,18,2,6,3,723.19,51.3,3.6,male,False,True,US,ORD,513,18,774.49,608.45,Frequent,Family Perk
u_105450,41,8,3,0,186.65,261.49,5.5,male,False,True,DE,LAX,63,41,448.14,148.81,Frequent,Hotel Discount
u_105451,12,3,4,2,886.74,251.17,5.7,female,False,True,US,LGA,875,12,1137.91,1000.79,Frequent,Loyalty Perk
u_105452,39,8,5,0,702.08,204.6,2.3,female,False,False,CA,SFO,107,39,906.68,236.67,Frequent,Family Perk
u_105453,7,3,4,2,683.87,126.15,1.6,male,False,False,US,LAX,527,7,810.02,615.0,Engaged,Hotel Discount
u_105454,11,5,3,0,235.71,313.22,4.6,male,True,True,US,DFW,33,11,548.93,98.89,Frequent,Other
u_105455,29,5,1,0,96.28,293.22,3.0,female,True,True,US,LGA,834,29,389.5,901.95,Frequent,Loyalty Perk
u_105456,15,1,2,1,511.97,148.52,2.4,male,False,True,AU,LAX,532,15,660.49,613.05,Frequent,Loyalty Perk
u_105457,27,3,0,0,683.29,0.0,0.0,male,False,False,US,SEA,1033,27,683.29,1128.33,Frequent,Flight Discount
u_105458,43,3,4,3,821.25,220.02,5.6,male,True,False,US,SEA,1155,43,1041.27,1302.13,Frequent,Family Perk
u_105459,15,7,2,3,585.09,158.53,5.8,male,True,False,US,LGA,538,15,743.62,627.36,Frequent,Loyalty Perk
u_105460,34,8,3,2,212.64,264.3,2.4,female,True,True,US,ATL,443,34,476.94,524.69,Frequent,Flight Discount
u_105461,19,0,6,2,0.0,194.06,2.3,female,True,False,US,BOS,46,19,194.06,84.41,Frequent,Loyalty Perk
u_105462,4,4,5,0,411.39,376.66,6.3,female,True,True,US,LGA,766,4,788.05,848.8,Engaged,Hotel Discount
u_105463,31,0,1,1,0.0,375.96,4.1,female,False,False,CA,BOS,60,31,375.96,128.6,Frequent,Loyalty Perk
u_105464,43,5,4,2,87.2,306.81,1.4,female,True,False,US,ORD,1137,43,394.01,1219.4,Frequent,Hotel Discount
u_105465,14,6,6,1,197.12,289.76,3.6,female,True,True,GB,MIA,406,14,486.88,468.69,Frequent,Loyalty Perk
u_105466,43,7,5,3,185.21,333.89,2.4,female,False,False,US,SFO,735,43,519.1,829.91,Frequent,Other
u_105467,19,7,4,1,463.09,361.06,4.5,female,True,False,CA,BOS,573,19,824.15,674.41,Frequent,Other
u_105468,21,3,3,0,423.56,225.13,6.7,female,False,True,DE,ORD,1050,21,648.69,1135.87,Frequent,Other
u_105469,39,1,5,1,396.21,103.72,4.0,male,False,False,CA,LGA,141,39,499.93,229.99,Frequent,New User Perk
u_105470,19,8,0,1,716.74,0.0,0.0,female,True,True,US,MIA,326,19,716.74,416.67,Frequent,Flight Discount
u_105471,7,4,4,2,523.67,261.43,3.3,female,True,True,FR,BOS,703,7,785.1,788.51,Engaged,Other
u_105472,39,6,0,3,708.05,0.0,0.0,male,True,False,US,LAX,198,39,708.05,307.8,Frequent,Hotel Discount
u_105473,21,2,5,0,537.89,200.7,4.1,male,True,False,US,ATL,323,21,738.59,417.86,Frequent,Hotel Discount
u_105474,27,5,4,2,641.59,244.82,2.3,female,False,False,AU,SEA,1170,27,886.41,1285.64,Frequent,Hotel Discount
u_105475,34,7,5,1,311.44,231.54,1.7,female,False,False,US,JFK,938,34,542.98,1026.3,Frequent,Loyalty Perk
u_105476,30,4,3,1,661.01,318.64,3.7,female,True,True,DE,BOS,463,30,979.65,590.97,Frequent,Flight Discount
u_105477,22,3,3,2,118.86,292.2,1.8,female,True,True,AU,JFK,390,22,411.06,453.11,Frequent,Flight Discount
u_105478,21,6,1,2,153.06,136.08,5.7,male,True,False,CA,ATL,602,21,289.14,651.91,Frequent,Other
u_105479,43,1,2,1,147.09,173.02,1.9,male,True,True,US,DFW,552,43,320.11,627.01,Frequent,Family Perk
u_105480,14,8,1,2,129.96,234.52,5.4,female,True,False,US,DFW,289,14,364.48,339.45,Frequent,Other
u_105481,45,1,2,2,696.57,267.35,5.7,female,True,True,US,DFW,310,45,963.92,451.39,Frequent,Other
u_105482,16,5,6,1,442.87,196.76,3.7,male,False,False,US,BOS,182,16,639.63,261.96,Frequent,Loyalty Perk
u_105483,26,1,3,0,272.34,354.74,2.9,female,False,False,US,ORD,403,26,627.08,491.71,Frequent,Hotel Discount
u_105484,44,1,3,0,109.54,106.91,2.9,male,False,False,US,JFK,835,44,216.45,900.64,Frequent,Hotel Discount
u_105485,31,2,6,0,541.69,238.31,6.4,male,True,True,DE,JFK,350,31,780.0,459.0,Frequent,Flight Discount
u_105486,11,1,0,3,180.6,0.0,0.0,male,False,True,US,SFO,1100,11,180.6,1129.06,Frequent,Family Perk
u_105487,27,3,3,3,303.6,284.19,4.8,male,False,False,US,SFO,722,27,587.79,807.78,Frequent,Other
u_105488,27,2,4,2,266.79,397.94,5.5,female,False,False,AU,LGA,1029,27,664.73,1122.47,Frequent,Loyalty Perk
u_105489,45,3,5,3,271.4,319.59,2.1,male,True,False,US,JFK,270,45,590.99,374.1,Frequent,Other
u_105490,28,4,2,2,473.69,357.94,5.7,male,True,True,DE,LGA,449,28,831.63,560.16,Frequent,Hotel Discount
u_105491,16,0,5,1,0.0,128.99,3.8,male,False,False,US,LGA,266,16,128.99,294.9,Frequent,Other
u_105492,29,0,6,3,0.0,140.08,6.1,female,True,True,DE,MIA,459,29,140.08,502.01,Frequent,Family Perk
u_105493,19,0,3,1,0.0,187.13,1.3,female,False,False,AU,JFK,612,19,187.13,649.71,Frequent,New User Perk
u_105494,3,8,4,2,167.64,157.53,2.8,female,True,False,DE,DFW,183,3,325.17,218.52,Engaged,Flight Discount
u_105495,22,2,3,1,457.05,135.86,5.6,male,False,True,US,SFO,815,22,592.91,896.29,Frequent,Hotel Discount
u_105496,35,1,0,0,405.25,0.0,0.0,female,False,True,CA,ORD,250,35,405.25,325.52,Frequent,New User Perk
u_105497,17,0,5,2,0.0,230.13,4.0,female,True,False,AU,JFK,261,17,230.13,301.01,Frequent,Flight Discount
u_105498,36,2,6,0,126.65,113.61,1.3,female,True,False,US,ORD,250,36,240.26,310.03,Frequent,Other
u_105499,2,8,6,2,459.52,117.53,4.1,male,True,False,FR,SFO,480,2,577.05,539.7,Engaged,Flight Discount
u_105500,1,6,0,1,814.75,0.0,0.0,female,False,True,AU,JFK,1094,1,814.75,1176.47,Engaged,Loyalty Perk
u_105501,24,3,3,2,347.21,223.88,1.8,male,True,True,US,ORD,106,24,571.09,187.11,Frequent,Loyalty Perk
u_105502,41,8,3,1,117.97,265.86,3.2,male,False,True,US,BOS,933,41,383.83,1012.38,Frequent,Family Perk
u_105503,1,8,5,2,750.1,225.92,4.6,female,False,False,US,ORD,298,1,976.02,396.6,Engaged,Loyalty Perk
u_105504,40,5,3,3,370.1,158.53,6.7,male,False,False,US,LAX,526,40,528.63,618.86,Frequent,Flight Discount
u_105505,1,0,1,0,0.0,334.14,6.3,male,False,True,DE,SFO,144,1,334.14,178.41,Engaged,Family Perk
u_105506,23,0,0,2,0.0,0.0,0.0,male,True,False,US,JFK,1121,23,0.0,1144.0,Frequent,Hotel Discount
u_105507,12,5,2,3,136.4,370.42,6.5,male,False,False,FR,DFW,934,12,506.82,996.68,Frequent,Hotel Discount
u_105508,7,8,5,1,233.27,175.63,5.1,female,True,False,AU,LGA,1077,7,408.9,1124.89,Engaged,Other
u_105509,17,6,6,1,700.52,199.65,2.6,female,False,True,GB,LAX,406,17,900.17,513.02,Frequent,Other
u_105510,16,5,5,0,659.62,228.13,2.7,male,False,True,US,ATL,411,16,887.75,515.78,Frequent,Hotel Discount
u_105511,20,2,2,2,596.87,105.19,1.9,female,False,False,CA,ORD,855,20,702.06,945.21,Frequent,Hotel Discount
u_105512,7,0,3,1,0.0,238.51,4.3,female,True,True,FR,LAX,739,7,238.51,769.85,Engaged,New User Perk
u_105513,39,0,0,1,0.0,0.0,0.0,male,True,False,US,SFO,405,39,0.0,444.0,Frequent,Flight Discount
u_105514,6,4,4,1,201.8,314.45,5.8,female,False,True,CA,DFW,67,6,516.25,124.62,Engaged,New User Perk
u_105515,14,3,4,3,299.41,273.92,3.4,female,False,False,GB,SEA,1143,14,573.33,1214.33,Frequent,Hotel Discount
u_105516,38,1,2,1,770.9,160.91,5.7,male,True,False,US,SFO,768,38,931.81,899.18,Frequent,Family Perk
u_105517,1,7,0,1,437.01,0.0,0.0,female,False,True,DE,LAX,1025,1,437.01,1069.7,Engaged,Other
u_105518,4,1,2,1,466.82,219.17,2.2,male,False,True,AU,ORD,609,4,685.99,681.6,Engaged,Loyalty Perk
u_105519,32,8,4,0,373.04,251.06,4.3,male,True,False,CA,BOS,611,32,624.1,705.41,Frequent,Loyalty Perk
u_105520,34,7,4,1,345.71,212.23,6.9,male,True,True,GB,SFO,463,34,557.94,552.79,Frequent,Hotel Discount
u_105521,41,5,2,0,783.07,177.91,2.4,male,True,True,DE,ORD,547,41,960.98,684.1,Frequent,Flight Discount
u_105522,35,5,5,0,752.46,195.72,1.2,male,True,False,CA,SEA,498,35,948.18,627.82,Frequent,New User Perk
u_105523,5,0,1,0,0.0,334.67,2.7,male,False,False,FR,SFO,690,5,334.67,728.47,Engaged,Hotel Discount
u_105524,26,1,2,1,641.23,350.94,1.5,male,True,True,US,LGA,191,26,992.17,316.22,Frequent,Hotel Discount
u_105525,41,0,0,3,0.0,0.0,0.0,female,False,True,CA,SEA,405,41,0.0,446.0,Frequent,Family Perk
u_105526,40,1,3,2,738.55,275.74,1.2,male,True,False,DE,SFO,394,40,1014.29,535.43,Frequent,Flight Discount
u_105527,32,0,3,0,0.0,196.81,1.3,male,False,True,CA,DFW,764,32,196.81,815.68,Frequent,Hotel Discount
u_105528,37,8,1,0,679.33,105.87,6.1,female,False,True,DE,ORD,1061,37,785.2,1176.52,Frequent,Loyalty Perk
u_105529,28,2,5,2,641.27,144.02,1.4,male,True,False,US,JFK,872,28,785.29,978.53,Frequent,Other
u_105530,35,4,4,3,507.12,128.66,2.9,female,True,True,CA,LGA,120,35,635.78,218.58,Frequent,Flight Discount
u_105531,16,1,6,0,640.61,183.04,2.7,male,False,False,US,ATL,605,16,823.65,703.36,Frequent,New User Perk
u_105532,43,5,6,1,684.7,223.13,3.0,male,False,True,US,ATL,838,43,907.83,971.78,Frequent,Other
u_105533,41,3,6,0,201.72,333.95,5.6,male,False,True,US,ORD,410,41,535.67,504.57,Frequent,Flight Discount
u_105534,22,2,4,0,249.4,250.53,4.1,male,False,True,FR,DFW,945,22,499.93,1016.99,Frequent,New User Perk
u_105535,6,0,1,1,0.0,89.53,4.1,male,True,True,AU,MIA,384,6,89.53,398.95,Other,Other
u_105536,5,3,0,3,753.13,0.0,0.0,female,True,True,GB,SFO,638,5,753.13,718.31,Engaged,Flight Discount
u_105537,31,0,1,2,0.0,168.22,2.0,female,False,False,DE,LGA,759,31,168.22,806.82,Frequent,Hotel Discount
u_105538,26,1,4,2,702.18,174.34,4.4,male,False,False,US,JFK,653,26,876.52,766.65,Frequent,Family Perk
u_105539,4,6,2,2,669.45,223.9,5.5,male,False,False,CA,ATL,330,4,893.35,423.34,Engaged,Flight Discount
u_105540,5,1,6,3,795.71,345.64,3.6,female,True,False,AU,MIA,1165,5,1141.35,1284.13,Engaged,Loyalty Perk
u_105541,3,2,6,0,829.06,90.2,3.2,male,True,False,US,BOS,981,3,919.26,1075.93,Engaged,Loyalty Perk
u_105542,24,2,5,2,682.06,155.42,5.7,female,True,True,AU,ORD,89,24,837.48,196.75,Frequent,Loyalty Perk
u_105543,37,1,6,2,730.29,268.22,4.7,female,False,False,FR,BOS,984,37,998.51,1120.85,Frequent,Loyalty Perk
u_105544,33,0,3,2,0.0,100.76,1.7,female,True,False,US,SFO,32,33,100.76,75.08,Frequent,Loyalty Perk
u_105545,7,4,2,1,844.36,111.91,1.8,female,True,False,US,LGA,253,7,956.27,355.63,Engaged,New User Perk
u_105546,38,3,5,2,260.08,152.08,1.1,male,True,False,US,SEA,1020,38,412.16,1099.22,Frequent,New User Perk
u_105547,2,3,5,2,170.27,144.27,1.3,female,False,False,US,ATL,456,2,314.54,489.45,Engaged,Flight Discount
u_105548,3,5,5,3,201.57,316.1,5.1,male,True,True,US,MIA,442,3,517.67,496.77,Engaged,Hotel Discount
u_105549,16,8,6,3,374.29,96.42,2.4,female,False,False,AU,LAX,83,16,470.71,146.07,Frequent,Flight Discount
u_105550,43,3,4,3,745.04,316.55,2.6,female,True,True,US,LGA,844,43,1061.59,993.16,Frequent,New User Perk
u_105551,23,5,0,2,767.77,0.0,0.0,female,True,False,CA,SEA,853,23,767.77,952.78,Frequent,Hotel Discount
u_105552,5,2,4,0,579.02,73.84,6.5,male,True,True,US,BOS,203,5,652.86,273.29,Engaged,Loyalty Perk
u_105553,42,1,3,2,411.59,231.56,6.7,male,True,True,DE,SEA,1178,42,643.15,1284.31,Frequent,Loyalty Perk
u_105554,29,7,5,2,894.71,140.37,1.7,female,False,True,US,JFK,803,29,1035.08,935.51,Frequent,Family Perk
u_105555,34,2,2,0,256.84,373.87,5.7,female,True,False,GB,ATL,268,34,630.71,365.07,Frequent,Family Perk
u_105556,33,4,5,2,339.83,374.94,2.9,male,True,True,GB,SFO,829,33,714.77,933.48,Frequent,Loyalty Perk
u_105557,7,0,2,3,0.0,372.9,3.2,female,True,False,US,ORD,1050,7,372.9,1094.29,Engaged,Hotel Discount
u_105558,18,3,0,1,551.49,0.0,0.0,female,False,False,CA,SFO,517,18,551.49,590.15,Frequent,Hotel Discount
u_105559,38,4,3,1,549.8,95.99,5.6,male,False,False,US,LAX,429,38,645.79,531.58,Frequent,Loyalty Perk
u_105560,44,1,5,1,767.71,104.64,5.3,male,False,True,US,ORD,917,44,872.35,1048.23,Frequent,Family Perk
u_105561,35,7,5,2,842.39,105.08,1.7,female,True,False,US,JFK,702,35,947.47,831.75,Frequent,Flight Discount
u_105562,32,0,1,2,0.0,372.3,1.2,male,True,True,DE,SFO,936,32,372.3,1005.23,Frequent,Loyalty Perk
u_105563,26,2,5,3,863.79,143.35,6.1,male,False,False,CA,ORD,247,26,1007.14,373.71,Frequent,Other
u_105564,9,7,3,2,213.07,373.57,2.5,male,True,False,FR,SFO,829,9,586.64,896.66,Engaged,Loyalty Perk
u_105565,45,5,5,3,762.53,102.03,5.2,male,True,False,US,SEA,610,45,864.56,741.46,Frequent,Loyalty Perk
u_105566,8,0,1,0,0.0,87.9,1.6,male,True,True,US,MIA,237,8,87.9,253.79,Other,Flight Discount
u_105567,42,7,1,3,325.39,67.25,1.8,female,True,False,DE,BOS,978,42,392.64,1059.26,Frequent,Loyalty Perk
u_105568,31,0,5,0,0.0,195.68,2.4,male,True,False,US,ATL,285,31,195.68,335.57,Frequent,Loyalty Perk
u_105569,8,6,5,3,436.1,354.04,6.7,female,True,True,DE,SEA,165,8,790.14,252.01,Engaged,Family Perk
u_105570,22,8,5,2,724.78,330.41,2.6,female,True,False,CA,BOS,308,22,1055.19,435.52,Frequent,Loyalty Perk
u_105571,15,8,3,2,339.26,110.25,3.0,male,False,False,CA,SFO,393,15,449.51,452.95,Frequent,Hotel Discount
u_105572,22,5,1,2,767.13,82.14,3.8,female,False,False,US,JFK,1134,22,849.27,1240.93,Frequent,Loyalty Perk
u_105573,35,1,4,3,504.28,58.36,7.0,male,True,True,US,MIA,469,35,562.64,560.26,Frequent,Other
u_105574,1,4,2,3,493.99,342.99,6.3,female,False,False,DE,JFK,405,1,836.98,489.7,Engaged,Hotel Discount
u_105575,14,5,4,1,515.02,231.98,3.8,male,False,True,CA,LAX,63,14,747.0,151.7,Frequent,Family Perk
u_105576,31,2,2,3,176.28,114.36,1.4,female,True,True,AU,LAX,556,31,290.64,616.06,Frequent,Family Perk
u_105577,8,5,5,2,463.48,330.63,1.4,female,False,False,US,MIA,799,8,794.11,886.41,Engaged,Flight Discount
u_105578,12,0,0,3,0.0,0.0,0.0,female,False,False,US,ORD,224,12,0.0,236.0,Frequent,Other
u_105579,45,7,6,2,884.32,322.65,1.1,male,False,False,US,ATL,427,45,1206.97,592.7,Frequent,Flight Discount
u_105580,41,4,5,2,569.93,132.45,4.4,female,True,True,GB,BOS,1086,41,702.38,1197.24,Frequent,Hotel Discount
u_105581,40,8,6,0,339.78,163.16,1.6,male,False,False,US,MIA,907,40,502.94,997.29,Frequent,Hotel Discount
u_105582,41,0,2,1,0.0,144.06,1.8,male,False,False,GB,JFK,1169,41,144.06,1224.41,Frequent,New User Perk
u_105583,31,1,3,3,528.53,299.49,2.2,female,True,True,US,SFO,585,31,828.02,698.8,Frequent,Hotel Discount
u_105584,10,7,4,3,206.37,58.5,6.2,female,True,False,DE,SEA,1048,10,264.87,1084.49,Frequent,Loyalty Perk
u_105585,25,4,0,3,573.24,0.0,0.0,male,False,True,US,DFW,235,25,573.24,317.32,Frequent,Other
u_105586,22,7,5,2,202.06,360.08,2.0,male,False,True,FR,BOS,264,22,562.14,342.21,Frequent,Other
u_105587,4,8,1,2,286.63,246.69,4.9,male,True,True,US,BOS,303,4,533.32,360.33,Engaged,Family Perk
u_105588,20,6,1,1,282.77,87.55,6.5,male,True,True,GB,ATL,998,20,370.32,1055.03,Frequent,Flight Discount
u_105589,3,1,3,3,101.32,181.4,4.9,female,True,False,AU,ATL,705,3,282.72,736.27,Engaged,Other
u_105590,41,3,3,1,574.65,308.34,4.1,male,False,True,US,ATL,862,41,882.99,991.3,Frequent,Other
u_105591,28,2,4,3,664.7,250.17,3.1,male,False,True,AU,DFW,727,28,914.87,846.49,Frequent,New User Perk
u_105592,12,5,4,2,89.26,329.87,3.5,male,True,False,DE,JFK,149,12,419.13,202.91,Frequent,Hotel Discount
u_105593,18,6,0,0,689.89,0.0,0.0,male,True,False,US,SFO,972,18,689.89,1058.99,Frequent,Loyalty Perk
u_105594,25,4,2,1,336.72,168.93,4.5,male,False,False,FR,SFO,535,25,505.65,610.56,Frequent,Loyalty Perk
u_105595,4,0,1,1,0.0,382.92,5.0,female,False,False,AU,BOS,937,4,382.92,979.29,Engaged,Hotel Discount
u_105596,43,5,5,2,543.75,96.58,5.0,female,False,True,US,SEA,999,43,640.33,1106.03,Frequent,Family Perk
u_105597,35,3,2,1,602.17,214.72,2.4,male,True,False,US,LAX,727,35,816.89,843.69,Frequent,Hotel Discount
u_105598,39,1,3,0,234.82,142.01,4.3,female,False,False,GB,ORD,502,39,376.83,578.68,Frequent,Hotel Discount
u_105599,14,8,2,0,725.27,210.49,5.6,female,False,False,US,MIA,334,14,935.76,441.58,Frequent,Hotel Discount
u_105600,8,5,6,1,227.26,201.54,1.3,male,False,False,CA,BOS,802,8,428.8,852.88,Engaged,Family Perk
u_105601,12,0,6,3,0.0,50.81,4.8,male,True,False,GB,DFW,541,12,50.81,558.08,Frequent,Other
u_105602,37,4,4,1,357.71,389.32,3.4,female,True,True,DE,BOS,1027,37,747.03,1138.7,Frequent,Loyalty Perk
u_105603,5,1,1,2,538.78,200.66,6.9,male,True,True,DE,SFO,887,5,739.44,965.94,Engaged,Loyalty Perk
u_105604,9,2,2,0,161.23,127.82,2.0,male,True,True,US,LGA,199,9,289.05,236.91,Engaged,Loyalty Perk
u_105605,17,6,3,2,87.74,51.49,4.7,female,False,True,US,LAX,43,17,139.23,73.92,Frequent,Hotel Discount
u_105606,8,5,4,3,668.61,344.07,3.5,male,False,True,CA,JFK,132,8,1012.68,241.27,Engaged,Other
u_105607,6,3,0,0,366.53,0.0,0.0,female,True,False,US,SFO,411,6,366.53,453.65,Engaged,Other
u_105608,8,8,1,1,260.81,93.17,3.9,female,True,True,DE,ATL,887,8,353.98,930.4,Engaged,Hotel Discount
u_105609,36,1,2,2,750.1,277.4,2.5,female,True,False,GB,DFW,734,36,1027.5,872.75,Frequent,Other
u_105610,10,3,5,1,326.77,333.08,6.1,male,True,False,AU,LGA,1045,10,659.85,1120.98,Frequent,Other
u_105611,36,5,2,0,268.54,68.99,5.2,female,False,True,DE,JFK,955,36,337.53,1024.75,Frequent,Hotel Discount
u_105612,7,7,4,3,896.66,214.95,4.9,female,True,False,FR,DFW,488,7,1111.61,606.16,Engaged,Other
u_105613,38,5,6,3,231.84,95.92,2.2,male,False,True,CA,ATL,678,38,327.76,748.78,Frequent,Loyalty Perk
u_105614,27,8,5,0,278.77,236.86,6.6,male,False,True,US,DFW,495,27,515.63,573.56,Frequent,Flight Discount
u_105615,9,3,6,2,650.14,292.18,1.8,male,False,True,CA,ATL,600,9,942.32,703.23,Engaged,Hotel Discount
u_105616,30,6,1,2,766.91,361.77,6.9,female,True,True,CA,JFK,43,30,1128.68,185.87,Frequent,Loyalty Perk
u_105617,18,0,1,3,0.0,313.76,4.9,male,True,False,CA,LGA,295,18,313.76,344.38,Frequent,Hotel Discount
u_105618,33,1,0,2,610.33,0.0,0.0,male,False,True,CA,ORD,331,33,610.33,425.03,Frequent,Flight Discount
u_105619,17,4,0,2,695.58,0.0,0.0,male,True,True,AU,LAX,171,17,695.58,257.56,Frequent,Flight Discount
u_105620,2,5,3,2,396.39,339.22,1.4,female,False,False,US,SFO,498,2,735.61,573.56,Engaged,Loyalty Perk
u_105621,15,1,2,1,575.7,363.12,4.1,male,False,True,US,ATL,346,15,938.82,454.88,Frequent,Hotel Discount
u_105622,31,2,6,3,216.38,144.54,3.7,male,False,False,US,DFW,508,31,360.92,575.09,Frequent,New User Perk
u_105623,13,0,4,3,0.0,295.53,5.1,female,False,True,DE,SEA,50,13,295.53,92.55,Frequent,Loyalty Perk
u_105624,43,4,0,3,661.74,0.0,0.0,female,True,True,US,SFO,811,43,661.74,920.17,Frequent,Hotel Discount
u_105625,10,7,5,3,830.35,159.69,2.3,female,False,False,US,SEA,261,10,990.04,370.0,Frequent,Loyalty Perk
u_105626,19,4,0,2,561.02,0.0,0.0,male,False,False,GB,MIA,39,19,561.02,114.1,Frequent,Other
u_105627,17,0,1,0,0.0,254.5,1.8,female,True,True,FR,LAX,1068,17,254.5,1110.45,Frequent,Flight Discount
u_105628,24,6,3,1,99.15,327.78,6.2,female,True,False,CA,DFW,121,24,426.93,187.69,Frequent,Hotel Discount
u_105629,26,6,6,2,335.26,347.73,1.4,female,True,False,CA,LGA,978,26,682.99,1072.3,Frequent,Family Perk
u_105630,34,8,1,2,554.06,280.34,6.5,male,True,True,US,LAX,576,34,834.4,693.44,Frequent,Flight Discount
u_105631,42,2,6,1,794.95,57.09,5.3,female,False,True,DE,DFW,590,42,852.04,717.2,Frequent,New User Perk
u_105632,28,8,4,3,468.74,67.64,6.6,male,True,True,US,SFO,915,28,536.38,996.64,Frequent,Hotel Discount
u_105633,8,6,4,3,760.9,233.2,5.8,female,False,False,US,LAX,1054,8,994.1,1161.41,Engaged,Other
u_105634,21,6,1,2,468.43,95.0,6.3,female,False,True,CA,BOS,438,21,563.43,515.34,Frequent,Family Perk
u_105635,45,7,4,2,528.49,159.55,2.9,female,True,False,US,SFO,274,45,688.04,387.8,Frequent,Loyalty Perk
u_105636,30,5,0,1,294.12,0.0,0.0,male,True,False,CA,DFW,790,30,294.12,849.41,Frequent,Other
u_105637,1,3,1,3,778.35,316.3,3.7,female,False,True,US,LAX,1099,1,1094.65,1209.47,Engaged,Loyalty Perk
u_105638,10,2,2,0,570.51,86.48,3.2,female,True,False,FR,ORD,768,10,656.99,843.7,Frequent,New User Perk
u_105639,45,2,3,0,153.88,365.64,2.7,male,True,True,US,ORD,835,45,519.52,931.95,Frequent,Loyalty Perk
u_105640,18,2,1,2,532.92,278.93,4.9,male,True,True,US,LAX,107,18,811.85,206.19,Frequent,Loyalty Perk
u_105641,10,7,4,2,473.25,58.1,5.2,male,False,False,AU,SEA,460,10,531.35,523.14,Frequent,Loyalty Perk
u_105642,18,6,3,1,248.84,256.18,5.3,female,False,False,DE,JFK,345,18,505.02,413.5,Frequent,Loyalty Perk
u_105643,11,7,2,0,825.98,330.81,6.9,female,True,True,FR,ORD,924,11,1156.79,1050.68,Frequent,Flight Discount
u_105644,35,8,0,2,792.11,0.0,0.0,female,False,True,CA,JFK,944,35,792.11,1058.21,Frequent,Loyalty Perk
u_105645,7,8,3,2,837.89,262.86,1.8,female,True,False,US,LAX,650,7,1100.75,767.08,Engaged,Loyalty Perk
u_105646,27,1,4,0,529.9,155.39,1.0,male,False,False,US,BOS,486,27,685.29,581.53,Frequent,Flight Discount
u_105647,21,5,4,2,240.66,207.18,1.1,male,True,False,US,SFO,694,21,447.84,759.78,Frequent,Other
u_105648,1,2,6,1,775.26,248.75,5.9,male,True,False,CA,LAX,879,1,1024.01,982.4,Engaged,Other
u_105649,2,1,5,0,656.65,270.89,1.0,male,False,True,US,MIA,308,2,927.54,402.75,Engaged,Loyalty Perk
u_105650,13,7,5,2,341.28,336.43,5.2,male,True,False,CA,ORD,716,13,677.71,796.77,Frequent,Flight Discount
u_105651,12,1,6,3,260.8,227.9,2.5,male,False,False,CA,JFK,813,12,488.7,873.87,Frequent,Family Perk
u_105652,45,8,6,2,258.58,199.68,5.4,male,True,False,US,DFW,131,45,458.26,221.83,Frequent,Other
u_105653,6,0,2,0,0.0,173.62,1.2,female,True,False,US,ATL,971,6,173.62,994.36,Engaged,Loyalty Perk
u_105654,45,5,4,2,679.41,72.06,3.2,male,True,False,GB,ORD,441,45,751.47,561.15,Frequent,Flight Discount
u_105655,42,5,1,2,203.67,146.29,4.6,male,True,True,FR,ORD,48,42,349.96,125.0,Frequent,Loyalty Perk
u_105656,17,8,3,0,860.16,159.8,4.9,female,True,True,US,MIA,463,17,1019.96,582.0,Frequent,Loyalty Perk
u_105657,39,2,4,3,244.94,234.85,4.9,male,False,False,AU,DFW,873,39,479.79,959.98,Frequent,Other
u_105658,40,3,6,0,107.83,158.96,3.4,male,True,False,AU,ATL,375,40,266.79,441.68,Frequent,Loyalty Perk
u_105659,35,1,4,1,206.76,177.23,5.9,female,False,True,FR,LAX,798,35,383.99,871.4,Frequent,New User Perk
u_105660,39,7,6,1,172.21,201.81,5.1,male,False,True,DE,LAX,1170,39,374.02,1246.4,Frequent,Family Perk
u_105661,5,6,2,0,176.09,113.22,6.0,male,True,True,AU,ORD,635,5,289.31,668.93,Engaged,Family Perk
u_105662,27,0,5,3,0.0,89.96,6.5,male,True,False,US,SEA,1007,27,89.96,1043.0,Frequent,Other
u_105663,30,0,2,1,0.0,65.16,4.3,male,False,False,US,DFW,897,30,65.16,933.52,Frequent,Loyalty Perk
u_105664,45,4,1,0,656.09,76.58,1.9,female,False,False,US,SFO,823,45,732.67,941.27,Frequent,New User Perk
u_105665,13,1,4,3,744.55,54.48,6.7,male,False,True,GB,DFW,740,13,799.03,832.9,Frequent,Loyalty Perk
u_105666,24,3,1,1,305.29,297.25,6.3,male,True,True,AU,LAX,1096,24,602.54,1180.25,Frequent,New User Perk
u_105667,13,8,1,2,808.26,192.48,6.3,female,True,False,CA,ATL,328,13,1000.74,441.07,Frequent,Other
u_105668,9,1,1,1,191.52,217.49,6.1,male,False,False,CA,LGA,453,9,409.01,502.9,Engaged,Hotel Discount
u_105669,33,0,3,2,0.0,378.66,6.4,male,True,True,AU,SFO,1078,33,378.66,1148.87,Frequent,Loyalty Perk
u_105670,26,3,6,0,503.8,60.57,4.1,female,True,True,FR,MIA,531,26,564.37,613.44,Frequent,Family Perk
u_105671,25,3,6,2,98.92,215.82,6.7,male,False,False,US,DFW,253,25,314.74,309.47,Frequent,New User Perk
u_105672,16,3,2,2,602.47,249.52,6.7,female,True,False,DE,SFO,675,16,851.99,776.2,Frequent,Loyalty Perk
u_105673,13,5,6,0,402.45,312.79,5.6,male,True,True,CA,ORD,652,13,715.24,736.52,Frequent,Other
u_105674,6,2,3,0,758.48,187.78,2.5,male,True,False,CA,SEA,663,6,946.26,763.63,Engaged,Hotel Discount
u_105675,11,6,5,2,666.53,88.55,3.9,female,False,False,FR,ATL,138,11,755.08,224.51,Frequent,Loyalty Perk
u_105676,15,7,0,2,356.19,0.0,0.0,male,True,False,US,MIA,761,15,356.19,811.62,Frequent,New User Perk
u_105677,18,2,1,3,142.31,157.08,1.1,female,True,False,CA,JFK,654,18,299.39,701.94,Frequent,Family Perk
u_105678,18,0,0,0,0.0,0.0,0.0,male,True,False,FR,JFK,253,18,0.0,271.0,Frequent,Flight Discount
u_105679,11,8,0,3,330.14,0.0,0.0,male,False,True,CA,DFW,679,11,330.14,723.01,Frequent,Loyalty Perk
u_105680,22,5,0,3,721.28,0.0,0.0,male,True,True,AU,ORD,846,22,721.28,940.13,Frequent,Loyalty Perk
u_105681,36,2,2,3,422.49,97.63,5.3,female,False,False,AU,SFO,677,36,520.12,765.01,Frequent,Hotel Discount
u_105682,4,5,0,0,643.4,0.0,0.0,female,False,False,US,LAX,815,4,643.4,883.34,Engaged,Other
u_105683,30,7,3,0,558.95,66.67,4.5,male,False,False,AU,SEA,984,30,625.62,1076.56,Frequent,Flight Discount
u_105684,43,7,4,2,673.35,86.29,5.1,female,False,False,GB,SFO,417,43,759.64,535.96,Frequent,Family Perk
u_105685,11,5,1,2,226.73,393.87,5.9,female,False,True,US,MIA,1174,11,620.6,1247.06,Frequent,Other
u_105686,39,3,5,3,600.49,217.37,6.8,male,False,True,DE,SFO,473,39,817.86,593.79,Frequent,Family Perk
u_105687,5,3,6,2,470.3,213.07,5.0,female,False,True,US,SEA,718,5,683.37,791.34,Engaged,Flight Discount
u_105688,40,3,2,0,164.66,382.42,6.3,male,False,False,GB,ORD,643,40,547.08,737.71,Frequent,Hotel Discount
u_105689,26,7,5,1,670.41,52.15,6.7,male,False,True,AU,ATL,574,26,722.56,672.26,Frequent,Other
u_105690,31,5,0,0,816.55,0.0,0.0,male,False,False,US,ORD,868,31,816.55,980.66,Frequent,Loyalty Perk
u_105691,33,7,5,0,830.42,96.4,3.9,female,False,True,CA,SEA,391,33,926.82,516.68,Frequent,Flight Discount
u_105692,23,6,2,1,591.37,171.64,5.5,male,False,False,AU,BOS,155,23,763.01,254.3,Frequent,Loyalty Perk
u_105693,17,1,3,3,480.13,291.1,4.2,female,False,True,DE,SEA,837,17,771.23,931.12,Frequent,Loyalty Perk
u_105694,36,0,2,2,0.0,381.94,3.2,female,True,False,US,LGA,1127,36,381.94,1201.19,Frequent,Flight Discount
u_105695,43,7,0,3,594.42,0.0,0.0,female,True,True,US,MIA,80,43,594.42,182.44,Frequent,Hotel Discount
u_105696,42,7,5,1,310.24,175.88,3.9,female,False,True,US,LGA,345,42,486.12,435.61,Frequent,Hotel Discount
u_105697,39,4,1,0,178.21,242.02,1.3,male,True,True,US,LGA,1036,39,420.23,1117.02,Frequent,New User Perk
u_105698,12,6,0,0,841.35,0.0,0.0,female,True,False,CA,JFK,897,12,841.35,993.14,Frequent,Other
u_105699,5,8,4,2,187.19,60.3,1.9,female,False,False,FR,MIA,632,5,247.49,661.75,Engaged,Loyalty Perk
u_105700,10,5,1,3,365.13,161.28,1.9,female,True,True,US,BOS,672,10,526.41,734.64,Frequent,Loyalty Perk
u_105701,23,1,2,3,716.79,187.03,6.3,female,True,True,US,LAX,158,23,903.82,271.38,Frequent,Hotel Discount
u_105702,39,0,6,2,0.0,385.02,1.6,female,False,False,US,ORD,781,39,385.02,858.5,Frequent,Loyalty Perk
u_105703,13,5,0,2,437.63,0.0,0.0,female,True,True,US,BOS,769,13,437.63,825.76,Frequent,Loyalty Perk
u_105704,35,8,6,2,807.14,319.74,5.4,female,False,False,FR,DFW,867,35,1126.88,1014.69,Frequent,Hotel Discount
u_105705,32,3,3,0,829.65,114.76,5.2,female,True,False,FR,MIA,1007,32,944.41,1133.44,Frequent,Flight Discount
u_105706,27,4,5,0,474.13,330.09,2.1,male,False,False,US,LAX,772,27,804.22,879.42,Frequent,Family Perk
u_105707,12,0,4,0,0.0,53.47,1.7,female,False,True,US,BOS,379,12,53.47,396.35,Frequent,Flight Discount
u_105708,15,4,4,1,330.31,351.67,4.6,male,True,True,US,SEA,897,15,681.98,980.2,Frequent,Family Perk
u_105709,12,7,0,1,293.05,0.0,0.0,female,False,True,FR,SEA,142,12,293.05,183.3,Frequent,Loyalty Perk
u_105710,26,4,5,1,582.94,315.98,5.6,male,True,True,CA,DFW,624,26,898.92,739.89,Frequent,Loyalty Perk
u_105711,1,4,6,1,165.52,162.44,4.0,female,False,False,FR,ORD,433,1,327.96,466.8,Engaged,Hotel Discount
u_105712,14,8,6,3,811.07,272.78,5.6,male,True,True,US,ATL,309,14,1083.85,431.38,Frequent,Hotel Discount
u_105713,5,4,1,3,160.5,221.73,3.0,male,True,False,AU,JFK,312,5,382.23,355.22,Engaged,Family Perk
u_105714,5,8,6,2,319.87,157.76,5.7,male,True,False,GB,ORD,116,5,477.63,168.76,Engaged,Loyalty Perk
u_105715,32,1,6,3,533.6,234.47,1.6,male,False,False,US,DFW,996,32,768.07,1104.81,Frequent,Hotel Discount
u_105716,3,6,2,0,122.44,119.06,3.4,male,False,False,GB,DFW,650,3,241.5,677.15,Engaged,Loyalty Perk
u_105717,17,2,0,0,340.56,0.0,0.0,female,True,False,DE,JFK,531,17,340.56,582.06,Frequent,New User Perk
u_105718,15,4,6,3,654.19,250.55,5.7,male,True,False,US,BOS,238,15,904.74,343.47,Frequent,Family Perk
u_105719,43,8,6,2,579.87,386.33,4.6,male,False,False,FR,SFO,386,43,966.2,525.62,Frequent,Flight Discount
u_105720,28,0,1,1,0.0,141.57,6.8,male,True,False,AU,ATL,1105,28,141.57,1147.16,Frequent,Loyalty Perk
u_105721,8,5,5,0,134.69,194.03,3.0,female,False,False,US,MIA,515,8,328.72,555.87,Engaged,Family Perk
u_105722,5,1,5,2,97.77,212.36,3.7,male,True,False,FR,MIA,503,5,310.13,539.01,Engaged,Hotel Discount
u_105723,26,3,3,2,631.3,326.73,3.3,female,True,True,FR,LAX,308,26,958.03,429.8,Frequent,Hotel Discount
u_105724,28,2,0,1,852.77,0.0,0.0,female,True,False,CA,SEA,1142,28,852.77,1255.28,Frequent,Loyalty Perk
u_105725,33,4,4,3,130.28,73.12,4.5,female,True,True,US,MIA,770,33,203.4,823.34,Frequent,New User Perk
u_105726,19,0,6,1,0.0,149.91,4.2,male,True,False,US,DFW,964,19,149.91,997.99,Frequent,Loyalty Perk
u_105727,4,1,3,3,396.16,373.32,2.1,female,False,True,US,JFK,217,4,769.48,297.95,Engaged,Hotel Discount
u_105728,40,8,5,2,408.65,354.55,1.0,female,True,False,CA,LGA,443,40,763.2,559.32,Frequent,Loyalty Perk
u_105729,20,5,1,1,170.74,216.52,5.3,male,True,True,US,ORD,325,20,387.26,383.73,Frequent,Hotel Discount
u_105730,37,1,1,3,763.69,205.31,6.9,female,True,True,GB,SEA,729,37,969.0,862.9,Frequent,Flight Discount
u_105731,40,6,5,1,294.08,76.05,5.9,female,True,True,AU,ORD,411,40,370.13,488.01,Frequent,Hotel Discount
u_105732,33,2,2,0,521.8,329.65,2.7,male,True,True,US,SFO,406,33,851.45,524.15,Frequent,Loyalty Perk
u_105733,35,8,5,1,561.53,140.77,2.9,male,True,True,FR,LAX,988,35,702.3,1093.23,Frequent,Flight Discount
u_105734,6,2,2,2,616.39,360.67,2.2,female,False,True,US,LAX,595,6,977.06,698.71,Engaged,Flight Discount
u_105735,33,1,6,0,350.87,362.17,6.0,male,True,True,US,SEA,1171,33,713.04,1275.3,Frequent,Hotel Discount
u_105736,11,3,6,1,409.53,135.59,1.6,female,True,True,AU,SEA,119,11,545.12,184.51,Frequent,Loyalty Perk
u_105737,41,3,2,3,471.43,325.22,2.7,female,True,False,US,DFW,736,41,796.65,856.66,Frequent,Loyalty Perk
u_105738,18,5,2,3,240.22,221.04,5.6,male,False,False,US,SEA,276,18,461.26,340.13,Frequent,Hotel Discount
u_105739,1,6,1,2,109.05,196.36,7.0,male,False,True,US,LGA,388,1,305.41,419.54,Engaged,Loyalty Perk
u_105740,8,8,6,0,379.96,257.77,3.7,male,False,True,US,MIA,618,8,637.73,689.77,Engaged,Other
u_105741,37,0,5,2,0.0,211.28,3.1,male,False,False,US,SEA,433,37,211.28,491.13,Frequent,Other
u_105742,7,2,1,1,546.66,338.9,5.7,male,True,True,GB,LGA,268,7,885.56,363.56,Engaged,New User Perk
u_105743,44,8,1,1,148.65,108.39,1.5,female,True,False,US,SFO,789,44,257.04,858.7,Frequent,Loyalty Perk
u_105744,27,5,4,1,360.4,341.4,5.3,male,True,False,US,MIA,149,27,701.8,246.18,Frequent,Flight Discount
u_105745,26,0,3,1,0.0,332.52,3.9,male,False,False,US,BOS,658,26,332.52,717.25,Frequent,Flight Discount
u_105746,9,4,4,2,621.79,276.56,4.5,male,False,False,GB,LAX,847,9,898.35,945.84,Engaged,Hotel Discount
u_105747,26,4,0,3,347.24,0.0,0.0,male,False,True,US,SEA,1172,26,347.24,1232.72,Frequent,Other
u_105748,27,3,6,2,323.44,272.15,7.0,male,False,True,GB,LGA,917,27,595.59,1003.56,Frequent,Loyalty Perk
u_105749,21,6,3,2,608.58,229.57,6.5,female,True,True,CA,DFW,159,21,838.15,263.81,Frequent,Family Perk
u_105750,13,5,0,2,153.64,0.0,0.0,female,True,True,CA,ORD,265,13,153.64,293.36,Frequent,Loyalty Perk
u_105751,27,8,2,1,828.52,58.64,3.6,female,False,True,AU,LAX,877,27,887.16,992.72,Frequent,Flight Discount
u_105752,26,5,3,1,877.02,235.8,3.2,male,True,True,DE,DFW,124,26,1112.82,261.28,Frequent,Flight Discount
u_105753,35,1,1,0,97.63,276.46,4.3,female,False,True,DE,MIA,667,35,374.09,739.41,Frequent,Flight Discount
u_105754,43,3,0,0,516.24,0.0,0.0,male,False,False,US,LGA,965,43,516.24,1059.62,Frequent,Flight Discount
u_105755,2,8,5,3,371.58,332.0,3.7,male,False,False,US,LAX,629,2,703.58,701.36,Engaged,Loyalty Perk
u_105756,15,7,6,0,153.66,291.71,4.8,female,True,True,GB,MIA,138,15,445.37,197.54,Frequent,Other
u_105757,42,8,2,2,770.82,222.27,3.8,female,True,False,US,LAX,1004,42,993.09,1145.31,Frequent,Loyalty Perk
u_105758,34,6,0,1,440.11,0.0,0.0,female,True,False,US,LAX,866,34,440.11,944.01,Frequent,Hotel Discount
u_105759,33,2,6,3,465.91,233.15,5.9,male,False,False,DE,MIA,659,33,699.06,761.91,Frequent,New User Perk
u_105760,34,8,3,1,348.27,249.6,3.4,female,False,True,CA,LAX,931,34,597.87,1024.79,Frequent,Flight Discount
u_105761,41,5,3,0,469.62,109.61,4.4,female,True,False,CA,JFK,977,41,579.23,1075.92,Frequent,Loyalty Perk
u_105762,22,5,0,2,433.33,0.0,0.0,male,False,False,AU,SFO,769,22,433.33,834.33,Frequent,Other
u_105763,39,5,1,1,164.29,251.76,6.1,male,True,False,US,LGA,246,39,416.05,326.61,Frequent,Loyalty Perk
u_105764,25,5,2,1,746.44,284.02,4.4,female,True,True,GB,BOS,900,25,1030.46,1028.05,Frequent,Other
u_105765,6,8,6,3,591.68,310.86,5.0,male,False,False,US,SFO,804,6,902.54,900.25,Engaged,Loyalty Perk
u_105766,20,0,4,3,0.0,294.83,4.1,female,True,False,GB,LAX,251,20,294.83,300.48,Frequent,Loyalty Perk
u_105767,43,5,6,0,890.29,153.98,6.2,male,True,False,DE,DFW,1134,43,1044.27,1281.43,Frequent,Other
u_105768,1,7,6,2,275.55,181.76,6.0,male,True,False,US,ORD,1107,1,457.31,1153.73,Engaged,Other
u_105769,31,3,2,0,818.06,139.88,3.4,female,False,False,FR,BOS,538,31,957.94,664.79,Frequent,Family Perk
u_105770,29,8,3,0,267.73,280.5,5.9,female,True,True,DE,LGA,209,29,548.23,292.82,Frequent,Loyalty Perk
u_105771,45,0,6,3,0.0,234.58,6.6,male,True,False,US,MIA,195,45,234.58,263.46,Frequent,Hotel Discount
u_105772,2,5,3,2,818.18,50.05,1.2,female,False,False,AU,SEA,155,2,868.23,243.82,Engaged,Loyalty Perk
u_105773,27,0,5,3,0.0,114.78,6.7,male,True,True,FR,LAX,279,27,114.78,317.48,Frequent,Loyalty Perk
u_105774,3,0,6,2,0.0,107.13,1.9,male,False,False,US,ATL,867,3,107.13,880.71,Engaged,Loyalty Perk
u_105775,20,5,0,2,714.93,0.0,0.0,female,True,False,GB,MIA,1010,20,714.93,1101.49,Frequent,New User Perk
u_105776,1,2,0,1,592.38,0.0,0.0,female,True,False,US,LAX,699,1,592.38,759.24,Engaged,Loyalty Perk
u_105777,22,3,1,2,424.5,92.8,4.9,male,False,False,CA,ORD,444,22,517.3,517.73,Frequent,New User Perk
u_105778,31,4,2,0,603.92,370.28,3.5,female,True,True,GB,SEA,269,31,974.2,397.42,Frequent,Loyalty Perk
u_105779,28,3,3,0,484.92,162.69,4.3,female,False,False,DE,JFK,379,28,647.61,471.76,Frequent,Hotel Discount
u_105780,22,0,0,2,0.0,0.0,0.0,female,True,False,US,SFO,716,22,0.0,738.0,Frequent,Loyalty Perk
u_105781,32,3,5,1,455.43,255.06,1.5,male,True,False,US,JFK,378,32,710.49,481.05,Frequent,Other
u_105782,34,3,4,2,350.06,62.54,3.5,female,True,True,US,BOS,229,34,412.6,304.26,Frequent,Loyalty Perk
u_105783,21,2,6,2,274.34,54.81,2.8,female,False,True,GB,ORD,88,21,329.15,141.91,Frequent,Family Perk
u_105784,1,8,0,2,539.05,0.0,0.0,female,False,False,CA,DFW,348,1,539.05,402.9,Engaged,Other
u_105785,42,6,1,0,493.83,262.93,5.2,male,True,False,CA,ATL,1009,42,756.76,1126.68,Frequent,Loyalty Perk
u_105786,41,5,1,2,749.95,394.48,6.9,female,True,True,US,BOS,395,41,1144.43,550.44,Frequent,Flight Discount
u_105787,19,4,4,3,89.98,168.7,2.9,male,False,False,US,SFO,770,19,258.68,814.87,Frequent,New User Perk
u_105788,37,1,3,0,715.31,392.48,4.4,male,True,True,CA,LGA,1023,37,1107.79,1170.78,Frequent,Hotel Discount
u_105789,34,2,4,1,441.48,253.19,4.1,female,True,True,AU,SEA,956,34,694.67,1059.47,Frequent,Other
u_105790,8,3,0,2,438.27,0.0,0.0,male,False,True,US,SFO,353,8,438.27,404.83,Engaged,Family Perk
u_105791,23,8,3,1,263.81,325.45,4.9,male,True,False,US,DFW,337,23,589.26,418.93,Frequent,Loyalty Perk
u_105792,32,5,4,3,263.2,236.11,3.5,female,True,True,CA,SFO,1147,32,499.31,1228.93,Frequent,Loyalty Perk
u_105793,7,1,2,1,320.53,335.5,6.8,female,True,False,CA,SFO,930,7,656.03,1002.6,Engaged,Loyalty Perk
u_105794,4,3,2,1,783.18,216.19,6.8,male,True,True,US,LGA,979,4,999.37,1082.94,Engaged,New User Perk
u_105795,20,8,3,1,427.81,315.2,1.2,female,True,True,CA,ATL,115,20,743.01,209.3,Frequent,Loyalty Perk
u_105796,33,1,2,3,595.83,212.95,6.8,female,False,False,FR,LAX,373,33,808.78,486.88,Frequent,Other
u_105797,8,3,4,3,719.85,93.81,3.9,female,True,True,FR,ATL,298,8,813.66,387.37,Engaged,Other
u_105798,25,6,6,2,720.32,240.93,4.5,male,False,True,AU,ATL,526,25,961.25,647.12,Frequent,Loyalty Perk
u_105799,27,2,2,0,460.16,106.11,3.7,male,True,True,US,LGA,474,27,566.27,557.63,Frequent,Flight Discount
u_105800,32,4,5,1,811.24,318.09,1.8,female,False,True,US,BOS,136,32,1129.33,280.93,Frequent,Family Perk
u_105801,38,0,2,0,0.0,245.73,2.3,female,True,True,CA,LGA,613,38,245.73,675.57,Frequent,Other
u_105802,39,2,5,3,826.81,248.9,3.1,male,False,True,GB,LGA,361,39,1075.71,507.57,Frequent,Family Perk
u_105803,6,8,4,1,805.84,112.22,5.1,female,False,True,GB,DFW,954,6,918.06,1051.81,Engaged,Family Perk
u_105804,14,2,1,1,843.57,255.31,4.0,male,True,True,AU,JFK,939,14,1098.88,1062.89,Frequent,Flight Discount
u_105805,10,7,3,0,871.25,343.23,5.9,female,False,False,US,LAX,888,10,1214.48,1019.45,Frequent,Other
u_105806,1,7,0,3,481.12,0.0,0.0,female,False,False,CA,LAX,503,1,481.12,552.11,Engaged,Family Perk
u_105807,12,8,4,2,175.88,227.83,3.6,female,True,True,US,JFK,35,12,403.71,87.37,Frequent,Other
u_105808,25,2,2,3,301.9,229.51,4.6,male,True,True,US,LAX,605,25,531.41,683.14,Frequent,Family Perk
u_105809,2,5,3,2,618.62,249.08,2.4,female,False,False,GB,SFO,291,2,867.7,379.77,Engaged,Family Perk
u_105810,5,1,2,2,730.61,371.29,3.7,male,False,True,FR,SFO,795,5,1101.9,910.19,Engaged,Family Perk
u_105811,17,2,2,2,616.52,394.02,5.6,male,False,False,GB,ORD,1180,17,1010.54,1298.05,Frequent,Other
u_105812,37,7,5,2,715.33,58.52,2.9,male,True,False,US,LAX,898,37,773.85,1012.39,Frequent,Flight Discount
u_105813,3,1,4,3,403.58,81.46,1.3,female,True,True,GB,LAX,945,3,485.04,996.5,Engaged,Loyalty Perk
u_105814,28,5,1,2,893.41,280.63,1.5,male,True,True,FR,MIA,1155,28,1174.04,1300.4,Frequent,Other
u_105815,17,8,3,1,601.49,244.8,5.7,female,True,False,US,JFK,736,17,846.29,837.63,Frequent,Family Perk
u_105816,26,6,3,1,120.07,334.67,6.6,female,True,True,US,DFW,562,26,454.74,633.47,Frequent,Flight Discount
u_105817,32,4,3,0,113.64,314.06,1.5,male,True,True,DE,LAX,921,32,427.7,995.77,Frequent,Loyalty Perk
u_105818,33,4,4,2,359.64,295.85,4.9,female,True,True,US,LGA,423,33,655.49,521.55,Frequent,Other
u_105819,7,4,3,3,396.63,393.19,2.7,male,True,True,CA,LGA,571,7,789.82,656.98,Engaged,Other
u_105820,21,2,4,3,618.05,85.84,5.0,female,True,True,US,DFW,46,21,703.89,137.39,Frequent,Family Perk
u_105821,21,0,4,1,0.0,75.47,1.0,male,True,True,FR,SEA,871,21,75.47,899.55,Frequent,Hotel Discount
u_105822,43,7,0,3,471.36,0.0,0.0,male,False,True,GB,SFO,350,43,471.36,440.14,Frequent,Loyalty Perk
u_105823,25,2,2,2,240.62,139.39,2.6,female,False,False,US,JFK,998,25,380.01,1061.0,Frequent,Other
u_105824,37,5,6,3,167.54,302.46,4.6,male,True,False,US,SFO,1181,37,470.0,1265.0,Frequent,Flight Discount
u_105825,36,1,6,0,829.05,109.19,1.2,female,False,True,US,DFW,519,36,938.24,648.82,Frequent,Hotel Discount
u_105826,5,0,2,1,0.0,334.96,2.0,female,False,False,DE,MIA,1051,5,334.96,1089.5,Engaged,Family Perk
u_105827,31,8,5,0,177.59,110.23,5.9,female,True,False,CA,SEA,52,31,287.82,111.78,Frequent,Other
u_105828,13,7,5,2,446.98,89.25,6.6,female,True,False,FR,BOS,856,13,536.23,922.62,Frequent,Loyalty Perk
u_105829,23,0,6,1,0.0,112.59,2.2,female,True,False,CA,DFW,335,23,112.59,369.26,Frequent,Other
u_105830,9,5,4,0,375.09,260.51,2.9,male,False,True,DE,DFW,707,9,635.6,779.56,Engaged,Hotel Discount
u_105831,2,4,0,3,496.22,0.0,0.0,male,False,True,DE,LAX,440,2,496.22,491.62,Engaged,Other
u_105832,21,0,2,0,0.0,54.0,1.1,female,True,False,US,BOS,1038,21,54.0,1064.4,Frequent,Loyalty Perk
u_105833,33,2,4,1,853.92,125.45,6.6,female,False,True,CA,LGA,93,33,979.37,223.94,Frequent,Flight Discount
u_105834,21,2,4,1,773.81,222.89,6.0,male,False,True,US,BOS,849,21,996.7,969.67,Frequent,Loyalty Perk
u_105835,5,5,3,3,270.39,93.05,3.9,male,True,True,GB,SEA,522,5,363.44,563.34,Engaged,Loyalty Perk
u_105836,26,1,6,2,276.62,303.12,4.2,male,False,False,US,ORD,357,26,579.74,440.97,Frequent,New User Perk
u_105837,22,7,0,3,529.24,0.0,0.0,male,True,False,US,ATL,455,22,529.24,529.92,Frequent,New User Perk
u_105838,17,1,2,3,529.68,379.38,3.9,male,True,False,AU,DFW,657,17,909.06,764.91,Frequent,Flight Discount
u_105839,35,3,5,0,691.45,95.41,6.1,female,False,True,US,JFK,698,35,786.86,811.69,Frequent,Loyalty Perk
u_105840,45,6,0,3,656.25,0.0,0.0,male,True,True,FR,ORD,320,45,656.25,430.62,Frequent,Loyalty Perk
u_105841,1,8,6,1,128.06,153.07,6.0,female,False,True,US,JFK,862,1,281.13,891.11,Engaged,Loyalty Perk
u_105842,36,5,3,0,164.57,240.28,6.3,male,True,False,US,BOS,864,36,404.85,940.48,Frequent,Flight Discount
u_105843,1,2,5,3,817.65,197.3,4.2,female,False,True,AU,ORD,448,1,1014.95,550.5,Engaged,Loyalty Perk
u_105844,12,0,4,0,0.0,121.17,6.6,female,True,False,AU,MIA,167,12,121.17,191.12,Frequent,Flight Discount
u_105845,32,3,6,2,117.89,236.64,1.8,male,True,False,GB,MIA,50,32,354.53,117.45,Frequent,Other
u_105846,38,2,2,0,775.66,147.88,4.1,female,False,True,US,JFK,1116,38,923.54,1246.35,Frequent,Other
u_105847,30,2,0,3,637.03,0.0,0.0,male,True,True,GB,MIA,159,30,637.03,252.7,Frequent,Flight Discount
u_105848,18,2,3,1,846.4,110.6,4.1,male,True,False,DE,ORD,784,18,957.0,897.7,Frequent,New User Perk
u_105849,30,4,5,3,188.66,56.78,3.4,male,True,True,GB,JFK,889,30,245.44,943.54,Frequent,Loyalty Perk
u_105850,18,1,6,2,213.85,175.23,4.1,female,False,True,FR,ATL,404,18,389.08,460.91,Frequent,Loyalty Perk
u_105851,26,5,0,2,137.36,0.0,0.0,male,True,True,US,MIA,568,26,137.36,607.74,Frequent,Other
u_105852,26,6,2,3,589.82,279.99,4.9,male,True,False,US,MIA,913,26,869.81,1025.98,Frequent,Loyalty Perk
u_105853,18,6,4,0,656.41,342.39,2.9,male,True,True,GB,LGA,305,18,998.8,422.88,Frequent,Other
u_105854,16,0,3,2,0.0,356.86,4.0,female,False,True,AU,LGA,866,16,356.86,917.69,Frequent,Family Perk
u_105855,38,1,4,2,890.16,272.06,5.2,male,False,True,US,LAX,801,38,1162.22,955.22,Frequent,Loyalty Perk
u_105856,12,3,3,1,895.2,202.69,4.6,female,True,True,DE,JFK,941,12,1097.89,1062.79,Frequent,Hotel Discount
u_105857,33,7,6,0,848.08,274.25,4.3,female,True,False,US,ATL,165,33,1122.33,310.23,Frequent,Loyalty Perk
u_105858,22,5,3,3,706.93,107.63,1.8,female,True,False,US,LGA,952,22,814.56,1055.46,Frequent,Family Perk
u_105859,12,7,0,3,843.81,0.0,0.0,male,True,False,FR,DFW,159,12,843.81,255.38,Frequent,Other
u_105860,29,1,2,1,418.55,376.27,4.4,female,False,False,FR,MIA,503,29,794.82,611.48,Frequent,Hotel Discount
u_105861,33,7,5,0,128.84,104.44,1.6,male,False,False,US,BOS,1111,33,233.28,1167.33,Frequent,Other
u_105862,21,3,1,2,318.95,347.74,6.8,male,True,False,US,LAX,264,21,666.69,351.67,Frequent,Loyalty Perk
u_105863,37,2,0,3,100.37,0.0,0.0,male,True,True,US,ORD,315,37,100.37,362.04,Frequent,Other
u_105864,27,3,1,1,543.12,370.16,2.3,male,False,True,DE,LAX,136,27,913.28,254.33,Frequent,Flight Discount
u_105865,45,5,1,0,195.99,52.93,3.3,male,True,True,US,BOS,312,45,248.92,381.89,Frequent,Other
u_105866,3,0,3,2,0.0,330.04,4.6,male,False,False,FR,MIA,1078,3,330.04,1114.0,Engaged,Flight Discount
u_105867,2,2,4,0,788.83,111.21,3.4,male,False,False,AU,ATL,74,2,900.04,166.0,Engaged,Loyalty Perk
u_105868,2,2,6,3,671.83,398.85,1.8,female,False,True,FR,LAX,1158,2,1070.68,1267.07,Engaged,Other
u_105869,34,3,5,3,317.46,128.98,2.6,female,True,False,US,ATL,183,34,446.44,261.64,Frequent,Flight Discount
u_105870,27,4,1,1,611.56,193.97,6.6,female,False,True,FR,SFO,494,27,805.53,601.55,Frequent,New User Perk
u_105871,4,6,5,2,876.49,344.27,2.8,female,True,True,DE,ATL,954,4,1220.76,1080.08,Engaged,Flight Discount
u_105872,15,6,3,0,421.81,342.56,2.1,female,False,True,US,LAX,95,15,764.37,186.44,Frequent,Hotel Discount
u_105873,40,4,2,1,713.35,138.13,5.7,male,False,True,US,DFW,603,40,851.48,728.15,Frequent,Other
u_105874,13,8,5,0,608.89,318.8,5.3,male,False,True,AU,SEA,539,13,927.69,644.77,Frequent,Flight Discount
u_105875,3,0,6,1,0.0,335.84,1.1,female,False,True,GB,DFW,354,3,335.84,390.58,Engaged,Flight Discount
u_105876,11,7,5,0,772.09,221.17,5.3,female,False,False,GB,JFK,1019,11,993.26,1129.33,Frequent,Other
u_105877,1,0,1,0,0.0,344.52,1.7,male,True,True,US,LGA,1175,1,344.52,1210.45,Engaged,Hotel Discount
u_105878,35,8,3,0,354.08,361.76,1.6,male,True,True,US,ORD,1061,35,715.84,1167.58,Frequent,Flight Discount
u_105879,6,6,1,2,789.53,258.12,6.5,male,False,False,CA,LGA,780,6,1047.65,890.77,Engaged,Loyalty Perk
u_105880,6,5,5,2,210.32,380.6,6.5,male,False,True,DE,ATL,135,6,590.92,200.09,Engaged,Family Perk
u_105881,45,5,4,3,350.08,139.07,4.7,male,True,True,DE,JFK,469,45,489.15,562.91,Frequent,Family Perk
u_105882,20,7,1,2,498.75,103.83,6.4,male,False,False,AU,LGA,77,20,602.58,157.26,Frequent,Hotel Discount
u_105883,28,0,4,3,0.0,304.57,5.4,female,True,True,US,JFK,970,28,304.57,1028.46,Frequent,Flight Discount
u_105884,7,3,2,0,492.88,334.25,3.2,female,True,True,US,DFW,388,7,827.13,477.71,Engaged,Loyalty Perk
u_105885,8,8,6,0,695.12,378.06,2.5,female,False,False,US,SFO,392,8,1073.18,507.32,Engaged,Hotel Discount
u_105886,16,0,2,1,0.0,212.51,6.5,male,False,True,CA,SEA,1195,16,212.51,1232.25,Frequent,Loyalty Perk
u_105887,31,6,4,2,611.67,84.81,5.5,female,False,False,US,BOS,897,31,696.48,997.65,Frequent,Flight Discount
u_105888,10,4,1,2,624.07,251.33,3.8,male,False,True,US,MIA,437,10,875.4,534.54,Frequent,Flight Discount
u_105889,18,0,2,2,0.0,143.82,4.8,female,True,True,GB,DFW,514,18,143.82,546.38,Frequent,Loyalty Perk
u_105890,26,2,3,3,157.7,65.03,6.6,male,True,False,US,LGA,642,26,222.73,690.27,Frequent,Loyalty Perk
u_105891,39,8,6,3,641.15,105.04,3.5,female,False,True,DE,SEA,626,39,746.19,739.62,Frequent,Hotel Discount
u_105892,33,0,2,3,0.0,292.01,3.1,male,False,True,GB,BOS,756,33,292.01,818.2,Frequent,Hotel Discount
u_105893,15,5,6,1,133.1,304.94,1.4,female,True,True,US,SFO,759,15,438.04,817.8,Frequent,Other
u_105894,5,7,2,1,711.37,381.34,4.6,male,False,False,DE,SFO,409,5,1092.71,523.27,Engaged,Other
u_105895,7,4,2,3,228.38,277.59,2.8,female,True,True,DE,ORD,692,7,505.97,749.6,Engaged,Other
u_105896,44,4,3,0,179.04,50.17,1.7,female,False,True,US,ATL,67,44,229.21,133.92,Frequent,Other
u_105897,26,1,5,2,114.05,235.65,3.0,female,True,False,CA,BOS,219,26,349.7,279.97,Frequent,Loyalty Perk
u_105898,23,4,3,0,129.71,161.74,4.2,male,True,True,AU,JFK,154,23,291.45,206.14,Frequent,Flight Discount
u_105899,38,4,5,1,825.05,380.41,3.7,female,True,True,US,JFK,121,38,1205.46,279.55,Frequent,Hotel Discount
u_105900,14,2,4,3,587.93,245.14,5.6,female,False,False,US,MIA,588,14,833.07,685.31,Frequent,Flight Discount
u_105901,41,5,2,0,350.9,313.56,2.6,female,False,True,AU,ATL,1000,41,664.46,1107.45,Frequent,Loyalty Perk
u_105902,22,3,5,3,290.17,320.79,5.6,male,True,True,AU,JFK,810,22,610.96,893.1,Frequent,Loyalty Perk
u_105903,20,5,6,1,790.87,65.12,5.5,male,True,True,US,LGA,445,20,855.99,550.6,Frequent,Flight Discount
u_105904,38,6,1,3,486.29,239.64,6.5,female,True,True,US,DFW,573,38,725.93,683.59,Frequent,Hotel Discount
u_105905,25,2,6,1,593.0,224.88,6.8,male,True,True,DE,LGA,660,25,817.88,766.79,Frequent,Hotel Discount
u_105906,1,3,5,0,210.79,355.47,3.0,female,True,True,US,LGA,309,1,566.26,366.63,Engaged,Flight Discount
u_105907,8,2,0,0,355.04,0.0,0.0,female,True,True,FR,JFK,1039,8,355.04,1082.5,Engaged,Family Perk
u_105908,45,3,3,0,653.26,161.67,3.9,male,True,False,CA,LAX,397,45,814.93,523.49,Frequent,Other
u_105909,12,0,4,2,0.0,339.63,6.3,male,False,True,US,ORD,33,12,339.63,78.96,Frequent,Loyalty Perk
u_105910,27,1,2,0,256.23,187.28,3.5,female,True,False,FR,BOS,842,27,443.51,913.35,Frequent,Loyalty Perk
u_105911,33,7,2,2,420.45,358.48,3.7,male,True,True,US,ORD,194,33,778.93,304.89,Frequent,Loyalty Perk
u_105912,18,3,6,0,649.42,216.15,2.8,male,True,True,US,DFW,1023,18,865.57,1127.56,Frequent,Hotel Discount
u_105913,23,4,6,0,318.39,355.46,5.5,male,False,True,US,ATL,270,23,673.85,360.39,Frequent,Flight Discount
u_105914,10,5,6,3,606.26,387.26,3.4,male,True,True,FR,DFW,384,10,993.52,493.35,Frequent,Loyalty Perk
u_105915,6,3,3,3,197.01,188.65,5.0,male,False,False,US,SFO,38,6,385.66,82.57,Engaged,Other
u_105916,7,0,1,2,0.0,158.42,4.6,female,True,False,FR,ORD,471,7,158.42,493.84,Engaged,Family Perk
u_105917,31,6,4,0,895.0,214.03,4.0,female,False,True,US,ATL,30,31,1109.03,171.9,Frequent,Flight Discount
u_105918,37,5,0,0,772.89,0.0,0.0,male,True,True,AU,ATL,889,37,772.89,1003.29,Frequent,Other
u_105919,12,0,6,1,0.0,63.08,5.4,female,False,True,US,SFO,1026,12,63.08,1044.31,Frequent,Flight Discount
u_105920,14,4,4,0,613.33,320.83,5.6,male,True,False,GB,ORD,181,14,934.16,288.42,Frequent,Other
u_105921,17,2,0,2,224.63,0.0,0.0,female,True,False,CA,SEA,567,17,224.63,606.46,Frequent,Hotel Discount
u_105922,36,0,2,2,0.0,210.38,3.4,male,False,True,FR,ATL,396,36,210.38,453.04,Frequent,New User Perk
u_105923,31,0,3,1,0.0,90.5,6.2,female,True,False,FR,DFW,774,31,90.5,814.05,Frequent,Flight Discount
u_105924,15,1,5,3,326.26,69.68,2.5,female,True,True,CA,DFW,768,15,395.94,822.59,Frequent,Loyalty Perk
u_105925,29,4,0,3,801.22,0.0,0.0,male,False,True,US,ATL,520,29,801.22,629.12,Frequent,Loyalty Perk
u_105926,38,0,6,1,0.0,282.6,6.9,female,True,False,US,LGA,1096,38,282.6,1162.26,Frequent,Loyalty Perk
u_105927,40,3,6,3,388.61,302.1,3.3,male,False,True,CA,MIA,167,40,690.71,276.07,Frequent,Family Perk
u_105928,31,3,5,1,709.54,231.68,6.8,male,True,True,FR,LGA,757,31,941.22,882.12,Frequent,Loyalty Perk
u_105929,26,0,3,0,0.0,209.15,5.4,male,False,True,CA,BOS,670,26,209.15,716.91,Frequent,Flight Discount
u_105930,43,6,4,0,321.72,221.51,6.6,male,False,False,AU,BOS,139,43,543.23,236.32,Frequent,Hotel Discount
u_105931,24,7,5,3,844.41,252.49,6.1,male,True,True,FR,BOS,215,24,1096.9,348.69,Frequent,New User Perk
u_105932,21,4,3,3,563.55,87.31,5.9,male,True,True,DE,LGA,1001,21,650.86,1087.09,Frequent,Hotel Discount
u_105933,18,8,0,1,626.83,0.0,0.0,female,True,True,AU,ATL,795,18,626.83,875.68,Frequent,Loyalty Perk
u_105934,19,5,1,0,333.53,358.81,2.7,female,False,True,US,SFO,523,19,692.34,611.23,Frequent,Other
u_105935,38,4,0,1,406.03,0.0,0.0,female,False,False,US,BOS,564,38,406.03,642.6,Frequent,Other
u_105936,14,2,3,1,180.38,58.11,5.0,male,False,False,FR,ORD,1135,14,238.49,1172.85,Frequent,Flight Discount
u_105937,24,1,2,1,166.12,235.2,2.2,female,False,True,US,SFO,320,24,401.32,384.13,Frequent,Family Perk
u_105938,2,7,3,0,182.84,95.06,1.3,male,True,False,US,MIA,558,2,277.9,587.79,Engaged,Hotel Discount
u_105939,31,4,4,2,784.09,270.31,5.8,female,True,True,DE,LAX,276,31,1054.4,412.44,Frequent,Flight Discount
u_105940,15,6,3,2,126.07,279.11,3.2,male,False,False,US,ATL,109,15,405.18,164.52,Frequent,Loyalty Perk
u_105941,15,4,4,1,364.24,181.25,2.6,male,True,False,DE,LGA,1002,15,545.49,1071.55,Frequent,Flight Discount
u_105942,39,3,3,0,839.81,175.37,1.3,female,False,False,DE,ATL,1114,39,1015.18,1254.52,Frequent,Family Perk
u_105943,17,1,2,2,699.31,200.22,2.2,male,False,False,DE,SEA,476,17,899.53,582.95,Frequent,Hotel Discount
u_105944,36,0,1,0,0.0,156.28,6.0,female,True,True,US,LAX,559,36,156.28,610.63,Frequent,Hotel Discount
u_105945,4,1,2,2,573.32,108.07,3.1,male,True,False,CA,BOS,673,4,681.39,745.14,Engaged,Other
u_105946,2,7,2,0,616.29,249.73,3.3,female,True,True,AU,BOS,38,2,866.02,126.6,Engaged,Flight Discount
u_105947,13,8,1,3,496.94,265.76,5.4,male,True,False,DE,ORD,193,13,762.7,282.27,Frequent,Loyalty Perk
u_105948,36,8,0,2,811.87,0.0,0.0,female,True,True,GB,LAX,226,36,811.87,343.19,Frequent,Loyalty Perk
u_105949,12,3,6,3,781.8,342.1,2.6,male,False,True,US,LGA,167,12,1123.9,291.39,Frequent,Hotel Discount
u_105950,34,8,6,1,226.27,263.58,4.7,female,False,True,AU,ORD,265,34,489.85,347.98,Frequent,Hotel Discount
u_105951,8,1,6,0,584.66,81.57,3.6,female,False,False,FR,JFK,48,8,666.23,122.62,Engaged,Flight Discount
u_105952,20,7,0,2,274.87,0.0,0.0,male,True,True,FR,JFK,636,20,274.87,683.49,Frequent,Loyalty Perk
u_105953,44,3,1,2,582.36,198.67,4.5,male,True,False,CA,LGA,154,44,781.03,276.1,Frequent,Other
u_105954,2,6,1,3,446.37,78.97,3.5,female,True,False,GB,ORD,1088,2,525.34,1142.53,Engaged,Other
u_105955,28,2,3,0,581.34,138.8,4.7,male,True,True,DE,SEA,1012,28,720.14,1112.01,Frequent,Family Perk
u_105956,40,6,4,1,404.83,373.93,1.3,female,True,False,GB,MIA,854,40,778.76,971.88,Frequent,Loyalty Perk
u_105957,41,5,4,1,114.25,128.6,1.3,male,False,True,DE,ATL,470,41,242.85,535.29,Frequent,Loyalty Perk
u_105958,21,5,0,1,535.5,0.0,0.0,female,True,True,US,BOS,603,21,535.5,677.55,Frequent,Family Perk
u_105959,32,3,6,0,851.5,136.66,3.7,male,True,False,FR,ATL,335,32,988.16,465.82,Frequent,Loyalty Perk
u_105960,19,5,6,3,371.08,86.37,1.2,male,True,True,US,ATL,369,19,457.45,433.74,Frequent,Hotel Discount
u_105961,25,3,2,0,147.9,317.02,1.1,female,True,True,FR,JFK,977,25,464.92,1048.49,Frequent,Flight Discount
u_105962,6,5,4,2,719.02,366.44,1.7,female,False,False,US,MIA,362,6,1085.46,476.55,Engaged,New User Perk
u_105963,19,3,2,1,196.99,371.67,1.0,male,False,False,FR,LAX,1073,19,568.66,1148.87,Frequent,Other
u_105964,16,1,3,0,721.16,399.94,3.0,female,True,True,AU,LAX,34,16,1121.1,162.11,Frequent,Family Perk
u_105965,33,7,5,0,510.8,64.1,5.2,female,False,True,GB,MIA,453,33,574.9,543.49,Frequent,Flight Discount
u_105966,20,1,1,3,843.75,307.75,2.0,female,True,True,US,SFO,1149,20,1151.5,1284.15,Frequent,Family Perk
u_105967,19,3,0,3,588.85,0.0,0.0,male,True,False,US,MIA,1153,19,588.85,1230.89,Frequent,Flight Discount
u_105968,28,0,6,1,0.0,270.23,6.2,male,False,False,US,JFK,159,28,270.23,214.02,Frequent,Other
u_105969,32,2,1,3,745.95,230.24,6.3,male,True,False,FR,DFW,1067,32,976.19,1196.62,Frequent,Flight Discount
u_105970,22,0,4,0,0.0,125.89,5.0,male,False,True,US,LAX,986,22,125.89,1020.59,Frequent,Loyalty Perk
u_105971,7,4,6,0,339.71,214.62,4.4,male,True,False,CA,LAX,797,7,554.33,859.43,Engaged,Loyalty Perk
u_105972,22,8,4,1,411.56,88.65,5.0,male,True,False,AU,LGA,624,22,500.21,696.02,Frequent,Flight Discount
u_105973,18,3,2,0,364.78,77.69,5.9,female,False,True,CA,ATL,880,18,442.47,942.25,Frequent,Loyalty Perk
u_105974,17,5,1,1,339.05,313.61,4.6,male,False,False,DE,SFO,287,17,652.66,369.27,Frequent,Other
u_105975,10,4,0,0,82.63,0.0,0.0,female,False,True,GB,SFO,1026,10,82.63,1044.26,Frequent,Loyalty Perk
u_105976,37,2,1,1,317.3,189.51,4.6,male,False,False,US,ATL,356,37,506.81,443.68,Frequent,Loyalty Perk
u_105977,39,5,3,1,433.83,155.26,5.5,female,True,False,CA,SFO,717,39,589.09,814.91,Frequent,Family Perk
u_105978,42,7,1,3,640.97,321.36,6.3,male,True,True,US,ATL,1139,42,962.33,1277.23,Frequent,Loyalty Perk
u_105979,3,6,1,0,546.82,157.12,6.2,male,True,False,US,DFW,608,3,703.94,681.39,Engaged,Family Perk
u_105980,4,1,6,0,280.29,186.13,2.5,male,True,True,US,ORD,1132,4,466.42,1182.64,Engaged,Flight Discount
u_105981,26,7,1,2,682.82,93.73,3.1,female,False,False,AU,BOS,520,26,776.55,623.66,Frequent,Loyalty Perk
u_105982,1,4,1,3,106.6,160.85,4.4,male,True,True,US,ATL,578,1,267.45,605.74,Engaged,Other
u_105983,40,4,2,1,611.65,300.46,1.1,female,False,False,CA,MIA,937,40,912.11,1068.21,Frequent,New User Perk
u_105984,11,6,6,0,789.64,82.86,6.7,male,False,True,US,ORD,974,11,872.5,1072.25,Frequent,Flight Discount
u_105985,17,6,1,1,195.52,158.03,7.0,female,True,False,CA,MIA,660,17,353.55,712.36,Frequent,Flight Discount
u_105986,21,8,0,2,858.56,0.0,0.0,female,True,False,DE,ORD,581,21,858.56,687.86,Frequent,Loyalty Perk
u_105987,3,0,3,1,0.0,85.91,2.1,male,True,True,DE,SFO,80,3,85.91,91.59,Other,Flight Discount
u_105988,19,8,5,0,715.05,334.73,4.7,male,False,True,AU,SEA,1130,19,1049.78,1253.98,Frequent,Loyalty Perk
u_105989,38,3,3,2,717.7,282.86,5.4,male,True,True,US,ORD,245,38,1000.56,383.06,Frequent,Loyalty Perk
u_105990,2,4,2,2,799.35,74.5,1.4,male,True,True,US,SEA,551,2,873.85,640.39,Engaged,New User Perk
u_105991,37,1,6,2,254.51,398.81,1.3,male,True,False,US,MIA,1052,37,653.32,1154.33,Frequent,Flight Discount
u_105992,21,8,4,0,774.86,216.2,1.6,female,False,False,US,LAX,1015,21,991.06,1135.11,Frequent,Flight Discount
u_105993,5,0,6,2,0.0,307.4,4.0,male,False,False,DE,BOS,624,5,307.4,659.74,Engaged,Hotel Discount
u_105994,24,2,5,2,420.39,182.58,3.9,female,True,True,FR,SFO,928,24,602.97,1012.3,Frequent,Flight Discount
u_105995,28,6,4,0,150.86,175.23,2.7,male,False,False,US,JFK,678,28,326.09,738.61,Frequent,Loyalty Perk
u_105996,28,7,3,3,584.65,249.65,1.1,female,True,False,AU,ATL,987,28,834.3,1098.43,Frequent,Flight Discount
u_105997,16,7,4,3,302.11,64.57,6.5,male,False,True,CA,JFK,1015,16,366.68,1067.67,Frequent,Loyalty Perk
u_105998,5,1,0,2,372.23,0.0,0.0,male,False,True,US,ORD,1015,5,372.23,1057.22,Engaged,Flight Discount
u_105999,40,0,4,1,0.0,312.58,7.0,male,True,False,FR,DFW,802,40,312.58,873.26,Frequent,Flight Discount
u_106000,13,0,1,1,0.0,118.86,5.6,female,True,True,US,JFK,541,13,118.86,565.89,Frequent,Flight Discount
